date,open,high,low,close,volume,data_rec1,data_rec2
2015-01-02,62.62,62.96,62.07,62.49,12599991,62.49000000000002,56.88915591514333
2015-01-05,62.06,62.28,60.23,60.55,20100577,60.55000000000001,55.426191459850095
2015-01-06,60.64,60.75,58.35,58.98,29074111,58.98000000000001,54.178373523363334
2015-01-07,59.89,59.89,58.66,59.07,23843244,59.070000000000014,54.178373523363334
2015-01-08,59.97,60.9,59.97,60.39,16971056,60.390000000000015,54.78915591514332
2015-01-09,60.72,60.79,59.29,59.34,15396195,59.34000000000002,54.2161914598501
2015-01-12,59.28,59.4,58.27,58.83,15455234,58.83000000000001,53.98837352336333
2015-01-13,59.26,59.7,58.37,58.84,21644739,58.84000000000002,53.98837352336333
2015-01-14,56.91,57.0,55.27,56.81,49602310,56.81000000000001,51.42700583307662
2015-01-15,55.73,56.61,54.5,54.99,42458146,54.99,50.08404137778339
2015-01-16,54.66,56.0,54.64,55.93,29368910,55.93,50.75552360543001
2015-01-20,56.04,56.39,55.42,55.71,23477689,55.71,50.75552360543001
2015-01-21,55.45,56.42,55.19,55.89,21842362,55.89000000000001,51.0165413777834
2015-01-22,56.38,57.73,55.96,57.59,31423538,57.59000000000001,52.23950583307662
2015-01-23,57.72,57.87,56.66,56.68,15458254,56.68000000000002,51.62802360543001
2015-01-26,56.41,56.99,56.2,56.77,12577658,56.77000000000001,51.62802360543001
2015-01-27,56.05,56.61,55.76,56.2,15220526,56.200000000000024,50.63200583307663
2015-01-28,56.62,56.68,54.75,54.75,24354354,54.75000000000002,49.65904137778341
2015-01-29,55.27,55.89,54.68,55.67,20393264,55.670000000000016,50.552005833076635
2015-01-30,54.99,55.5,54.37,54.38,26943713,54.38000000000001,49.73904137778341
2015-02-02,54.53,55.65,54.27,55.47,20308885,55.470000000000006,50.844041377783405
2015-02-03,55.91,56.78,55.87,56.72,18812501,56.720000000000006,51.617005833076625
2015-02-04,56.32,57.07,56.28,56.38,14934076,56.38000000000002,51.230523605430015
2015-02-05,56.86,57.04,56.46,56.77,11293901,56.77000000000002,51.230523605430015
2015-02-06,57.75,58.73,57.54,57.89,25214001,57.89000000000001,53.00837352336333
2015-02-09,57.42,58.1,57.23,57.82,14372365,57.820000000000014,53.00837352336333
2015-02-10,58.42,58.71,58.05,58.46,16367266,58.46000000000001,53.0526736874967
2015-02-11,58.06,58.66,57.84,58.37,13061925,58.370000000000005,53.0526736874967
2015-02-12,58.93,59.71,58.55,59.57,23211327,59.570000000000014,54.57302360543002
2015-02-13,59.46,60.22,59.34,59.67,16479114,59.67000000000001,54.57302360543002
2015-02-17,59.36,60.14,59.32,60.1,15308763,60.100000000000016,54.699505833076635
2015-02-18,59.79,59.83,59.12,59.37,14278117,59.37000000000001,54.44654137778341
2015-02-19,59.15,59.48,58.8,59.23,11256543,59.230000000000004,54.621891295716715
2015-02-20,58.96,59.89,58.35,59.8,15379042,59.80000000000001,54.71485575100994
2015-02-23,59.5,59.53,58.8,59.35,16813999,59.350000000000016,54.2261914598501
2015-02-24,60.25,61.25,60.08,60.82,22937701,60.82000000000003,55.21915591514333
2015-02-25,60.76,61.27,60.75,61.14,18307912,61.14000000000001,56.338023605430024
2015-02-26,61.03,61.7,60.91,61.58,15444802,61.580000000000005,56.338023605430024
2015-02-27,61.13,61.92,61.13,61.28,15225935,61.28000000000003,56.33154137778342
2015-03-02,61.24,61.83,61.03,61.77,13047328,61.770000000000024,56.34450583307663
2015-03-03,61.65,61.99,61.5,61.97,13707655,61.97000000000002,56.68767368749672
2015-03-04,61.64,62.17,61.35,62.13,16626413,62.13000000000003,56.68767368749672
2015-03-05,62.2,62.23,61.6,62.0,10931262,62.000000000000014,56.914855751009945
2015-03-06,62.16,62.87,60.8,60.89,22719177,60.890000000000015,56.281891295716726
2015-03-09,60.84,61.63,60.8,61.5,13001473,61.50000000000002,56.19450583307663
2015-03-10,60.76,61.01,59.96,59.96,16357724,59.96000000000003,55.13154137778342
2015-03-11,60.13,60.65,59.96,60.24,13015567,60.240000000000016,55.33654137778342
2015-03-12,60.65,61.45,60.65,61.37,18159558,61.37000000000001,55.989505833076635
2015-03-13,61.4,61.86,60.43,61.0,16506155,61.00000000000002,56.26154137778341
2015-03-16,61.5,61.92,61.25,61.85,15182859,61.850000000000016,56.634505833076624
2015-03-17,61.34,61.66,60.92,61.61,11718327,61.61000000000002,56.448023605430016
2015-03-18,61.39,62.05,61.08,61.75,15697854,61.75000000000002,56.448023605430016
2015-03-19,61.57,61.65,60.76,61.2,11523785,61.200000000000024,56.07619145985011
2015-03-20,61.32,62.1,61.15,61.75,18368347,61.75000000000002,56.149155915143325
2015-03-23,61.75,62.08,61.12,61.14,15112872,61.14000000000001,56.05485575100993
2015-03-24,60.97,61.24,60.45,60.46,12128693,60.46,55.851891295716705
2015-03-25,60.53,60.64,59.59,59.61,14950859,59.61000000000002,54.728373523363324
2015-03-26,59.46,59.79,58.87,59.54,14039559,59.54000000000003,54.728373523363324
2015-03-27,59.49,59.78,59.0,59.55,11755819,59.55000000000001,54.42619145985009
2015-03-30,60.88,61.46,60.61,60.96,20656523,60.96000000000002,55.35915591514332
2015-03-31,60.72,60.94,60.42,60.58,17346667,60.58000000000001,55.35200583307662
2015-04-01,60.41,60.57,59.73,59.95,18100587,59.95000000000002,55.1990413777834
2015-04-02,60.07,60.7,60.0,60.52,12697771,60.52000000000002,55.27552360543001
2015-04-06,59.92,60.75,59.65,60.47,12025243,60.47000000000002,55.27552360543001
2015-04-07,61.15,61.5,60.85,60.85,11505503,60.85000000000001,56.10337352336332
2015-04-08,61.06,61.56,60.94,61.05,11733950,61.05000000000001,56.10337352336332
2015-04-09,61.27,61.58,60.83,61.47,11728495,61.47000000000001,56.2226736874967
2015-04-10,61.35,61.78,61.2,61.7,9869670,61.70000000000002,56.2226736874967
2015-04-13,61.64,62.27,61.5,62.07,15468702,62.07000000000002,57.46189129571672
2015-04-14,62.96,63.61,62.74,63.04,33775406,63.04000000000002,57.95485575100994
2015-04-15,63.08,64.48,63.01,64.21,28732225,64.21000000000002,58.6476736874967
2015-04-16,64.08,64.27,63.66,63.81,16640454,63.81000000000002,58.6476736874967
2015-04-17,63.25,63.4,62.49,62.84,20221236,62.84000000000001,57.72802360543002
2015-04-20,63.22,63.52,63.14,63.24,12755309,63.240000000000016,57.72802360543002
2015-04-21,63.33,63.6,62.13,62.31,14985119,62.31000000000002,57.65154137778341
2015-04-22,62.65,63.15,62.03,62.94,14484658,62.94000000000001,57.804505833076625
2015-04-23,62.79,63.21,62.6,62.8,12851257,62.80000000000001,57.520523605430014
2015-04-24,62.63,62.84,62.34,62.6,9597525,62.60000000000002,57.520523605430014
2015-04-27,62.7,63.15,62.31,62.34,11146409,62.34000000000002,57.520523605430014
2015-04-28,62.49,62.78,61.77,62.76,12307828,62.76000000000002,57.520523605430014
2015-04-29,62.56,63.89,62.46,63.6,17601215,63.600000000000016,58.583373523363335
2015-04-30,63.58,63.88,62.92,63.26,16840865,63.26000000000001,58.583373523363335
2015-05-01,63.7,63.87,63.33,63.61,11640805,63.61000000000002,58.486191459850104
2015-05-04,63.68,64.87,63.64,64.72,14972462,64.72000000000003,59.119155915143324
2015-05-05,64.51,65.32,64.29,64.4,17692369,64.40000000000003,59.31485575100995
2015-05-06,64.53,65.07,63.42,63.92,18087852,63.92000000000002,59.31189129571673
2015-05-07,63.67,64.6,63.25,64.5,15039936,64.50000000000003,59.376191459850105
2015-05-08,64.97,65.65,64.6,65.49,16802611,65.49000000000001,59.88915591514332
2015-05-11,65.26,65.64,65.08,65.45,13799675,65.45,60.49052360543001
2015-05-12,65.31,65.54,64.76,65.36,12762234,65.36,60.49052360543001
2015-05-13,65.42,65.63,65.06,65.52,11874274,65.52000000000001,60.4640413777834
2015-05-14,65.83,66.18,65.71,66.05,11855518,66.05000000000001,60.517005833076624
2015-05-15,66.13,66.16,65.44,65.88,11152125,65.88000000000001,61.27189129571673
2015-05-18,65.8,66.54,65.8,66.42,10510893,66.42000000000003,61.334855751009954
2015-05-19,66.77,67.19,66.57,67.01,14282994,67.01000000000003,61.40915591514334
2015-05-20,66.95,67.03,66.4,66.48,12446012,66.48000000000003,61.356191459850116
2015-05-21,66.14,66.68,66.01,66.65,12934474,66.65000000000003,61.22552360543002
2015-05-22,66.63,66.83,66.32,66.47,9296939,66.47000000000003,61.22552360543002
2015-05-26,66.2,66.29,65.31,65.73,15571327,65.73000000000003,61.09404137778342
2015-05-27,65.95,66.65,65.82,66.47,10963652,66.47000000000001,61.35700583307662
2015-05-28,66.36,66.4,65.74,66.2,11797444,66.20000000000003,60.91552360543002
2015-05-29,66.18,66.22,65.36,65.78,14310723,65.78000000000002,60.91552360543002
2015-06-01,65.99,66.66,65.97,66.08,11899261,66.08000000000001,60.91552360543002
2015-06-02,65.83,66.39,65.58,66.02,12784152,66.02000000000001,60.91552360543002
2015-06-03,66.43,67.13,66.27,66.7,12927263,66.7,61.668373523363314
2015-06-04,66.31,67.05,66.01,66.33,13863283,66.33,61.668373523363314
2015-06-05,67.37,67.84,67.01,67.42,20801141,67.42000000000003,61.81915591514332
2015-06-08,67.46,67.55,66.81,66.89,14558660,66.89000000000003,61.7661914598501
2015-06-09,66.95,67.27,66.47,67.18,13263493,67.18000000000004,62.57189129571672
2015-06-10,67.59,68.5,67.47,68.26,17478898,68.26000000000002,63.174855751009936
2015-06-11,68.36,68.68,68.15,68.52,13739872,68.52000000000001,63.022673687496706
2015-06-12,68.31,68.54,67.87,68.25,11804741,68.25000000000003,63.022673687496706
2015-06-15,67.58,68.21,67.3,67.99,14082323,67.99,63.215523605430015
2015-06-16,67.77,68.52,67.62,68.37,11692849,68.37000000000002,63.215523605430015
2015-06-17,68.41,68.68,68.04,68.14,14521889,68.14,63.134041377783404
2015-06-18,68.35,68.82,67.9,68.78,16759603,68.78000000000002,63.297005833076625
2015-06-19,68.46,68.67,67.92,68.08,21606383,68.08000000000004,63.47189129571673
2015-06-22,68.87,69.29,68.75,68.96,14306669,68.96000000000004,63.874855751009946
2015-06-23,69.35,69.82,69.19,69.75,15736884,69.75000000000001,64.14915591514331
2015-06-24,69.51,69.77,68.91,69.02,16995033,69.02000000000002,63.896191459850094
2015-06-25,69.32,69.48,68.64,68.65,13314291,68.65000000000002,63.43767368749671
2015-06-26,68.94,69.29,68.76,68.95,14489159,68.95000000000003,63.43767368749671
2015-06-29,67.68,68.26,67.16,67.2,19934417,67.20000000000002,62.59189129571673
2015-06-30,67.89,68.11,67.16,67.76,20677358,67.76000000000002,62.67485575100995
2015-07-01,68.12,68.39,67.78,68.07,13964423,68.07000000000001,62.46915591514331
2015-07-02,67.95,68.13,67.18,67.52,12822941,67.52000000000002,62.396191459850094
2015-07-06,66.88,67.46,66.54,67.33,13527098,67.33000000000001,62.24485575100993
2015-07-07,67.09,67.22,65.3,66.8,22421483,66.80000000000001,62.19189129571671
2015-07-08,66.0,66.16,65.2,65.43,17707242,65.43000000000002,60.82189129571673
2015-07-09,66.49,66.7,65.99,66.11,14984705,66.11000000000003,61.024855751009945
2015-07-10,67.22,67.4,66.82,67.05,12356059,67.05000000000001,61.92619145985011
2015-07-13,67.89,68.14,67.68,68.09,16175638,68.09000000000003,62.489155915143336
2015-07-14,67.98,69.1,67.76,69.04,20185118,69.04,64.14552360543
2015-07-15,69.23,69.43,68.85,69.19,16891606,69.19000000000001,64.14552360543
2015-07-16,69.63,69.95,69.41,69.56,18035652,69.56,64.14552360543
2015-07-17,69.35,69.49,68.92,69.21,14040686,69.21000000000001,64.14552360543
2015-07-20,69.5,69.77,69.18,69.26,11512894,69.26,64.33337352336333
2015-07-21,69.16,69.54,68.87,69.1,11659915,69.10000000000001,64.33337352336333
2015-07-22,69.28,70.29,69.2,70.08,15493019,70.08000000000003,64.4976736874967
2015-07-23,70.19,70.61,69.46,69.64,14331837,69.64000000000003,64.4976736874967
2015-07-24,69.44,69.56,68.68,68.91,12413896,68.91000000000003,63.58450583307662
2015-07-27,68.15,68.22,67.57,68.01,16801563,68.01000000000002,63.16154137778341
2015-07-28,68.55,68.6,67.77,68.05,14932360,68.05000000000001,63.1665413777834
2015-07-29,68.32,69.1,68.16,68.94,13059190,68.94000000000003,63.579505833076624
2015-07-30,68.93,69.45,68.54,69.04,10197182,69.04000000000002,63.55200583307664
2015-07-31,69.01,69.04,68.4,68.53,11911818,68.53000000000003,63.51904137778342
2015-08-03,68.59,68.84,68.0,68.53,9980587,68.53000000000003,63.53552360543003
2015-08-04,68.47,68.95,68.31,68.46,10963966,68.46000000000001,63.53552360543003
2015-08-05,69.05,69.42,68.56,68.73,11302860,68.73000000000003,63.37700583307664
2015-08-06,68.75,68.94,68.0,68.25,10803363,68.25000000000004,63.37404137778341
2015-08-07,68.33,68.74,67.55,68.05,11453310,68.05000000000001,63.194041377783414
2015-08-10,68.22,69.0,68.22,68.89,12661440,68.89000000000001,63.55700583307664
2015-08-11,68.23,68.4,67.85,68.23,14800333,68.23000000000003,62.87950583307664
2015-08-12,67.41,67.55,66.07,67.24,21150053,67.24000000000002,62.36654137778341
2015-08-13,67.25,67.8,66.97,67.55,11930623,67.55000000000003,62.62302360543003
2015-08-14,67.42,67.91,67.4,67.89,11248813,67.89000000000003,62.62302360543003
2015-08-17,67.62,68.24,67.4,68.07,10326540,68.07000000000002,62.7776736874967
2015-08-18,67.98,68.36,67.84,68.21,10617481,68.21000000000001,62.7776736874967
2015-08-19,67.93,68.31,67.36,67.6,15198203,67.6,62.514855751009925
2015-08-20,66.81,67.04,65.94,65.94,20858730,65.94,61.33189129571671
2015-08-21,65.09,65.44,63.57,63.6,28030954,63.60000000000001,57.99950583307661
2015-08-24,59.29,62.92,50.07,60.25,36031073,60.250000000000014,55.1265413777834
2015-08-25,63.1,63.32,59.73,59.91,31605022,59.91000000000001,55.301541377783394
2015-08-26,61.8,62.98,60.54,62.91,33370812,62.91000000000001,57.824505833076614
2015-08-27,63.98,64.73,63.14,64.48,28854171,64.48000000000002,58.94267368749671
2015-08-28,64.29,64.46,63.6,64.13,16581709,64.13000000000002,58.94267368749671
2015-08-31,63.61,64.35,63.47,64.1,14124089,64.10000000000001,59.014855751009925
2015-09-01,62.85,62.85,60.99,61.45,23584748,61.45000000000002,56.841891295716714
2015-09-02,62.62,62.91,61.54,62.57,17640262,62.57000000000001,57.373023605430014
2015-09-03,62.88,63.66,62.45,62.68,16944771,62.68000000000001,57.373023605430014
2015-09-04,61.8,61.92,60.75,61.5,20105957,61.500000000000014,56.781541377783405
2015-09-08,62.77,63.2,62.33,63.16,13290404,63.16000000000001,57.96450583307662
2015-09-09,63.94,64.34,62.0,62.18,13764967,62.18000000000001,57.33904137778341
2015-09-10,61.86,63.0,61.45,62.66,15685272,62.66000000000001,57.342005833076634
2015-09-11,62.38,62.66,61.99,62.56,12722369,62.56000000000002,57.34052360543002
2015-09-14,62.64,62.68,62.12,62.38,10177079,62.380000000000024,57.34052360543002
2015-09-15,62.76,63.89,62.51,63.58,13951529,63.580000000000005,58.45619145985009
2015-09-16,63.89,64.29,63.21,64.14,12226599,64.14000000000001,58.53915591514331
2015-09-17,64.14,64.64,62.39,62.65,20842253,62.65,57.56485575100993
2015-09-18,61.83,61.83,60.78,60.94,30889875,60.940000000000005,56.331891295716716
2015-09-21,61.52,61.91,61.08,61.45,13122993,61.45000000000002,55.84915591514332
2015-09-22,60.6,61.08,60.42,60.91,14662839,60.91000000000001,55.786191459850095
2015-09-23,60.8,61.15,60.32,60.64,11683827,60.640000000000015,55.58337352336333
2015-09-24,60.01,60.38,59.46,60.22,17002374,60.22000000000001,55.58337352336333
2015-09-25,61.27,61.86,60.87,61.47,18325631,61.47000000000001,55.96700583307662
2015-09-28,60.92,61.01,59.69,59.98,16872689,59.98000000000002,54.954041377783405
2015-09-29,59.98,60.13,58.73,59.84,19261119,59.840000000000025,55.134041377783404
2015-09-30,60.7,61.0,60.11,60.97,18688537,60.97000000000002,55.78700583307662
2015-10-01,61.12,61.87,60.54,61.42,16780949,61.42000000000003,56.334855751009954
2015-10-02,59.59,60.86,58.53,60.81,20386849,60.81000000000003,56.201891295716734
2015-10-05,61.24,62.24,61.22,62.02,13405854,62.02,56.6726736874967
2015-10-06,62.11,62.36,61.62,62.05,12037923,62.050000000000004,56.6726736874967
2015-10-07,62.55,63.03,61.76,62.13,12784772,62.13000000000001,56.873023605430014
2015-10-08,61.85,62.25,61.43,62.13,13899433,62.13000000000001,56.873023605430014
2015-10-09,62.39,62.54,61.58,61.93,12036622,61.93000000000002,56.873023605430014
2015-10-12,61.84,62.01,61.4,61.72,10824903,61.72000000000001,56.873023605430014
2015-10-13,61.39,62.16,61.31,61.55,15182083,61.55000000000001,56.46485575100993
2015-10-14,60.76,60.97,59.54,59.99,28937454,59.99000000000002,55.38189129571672
2015-10-15,60.47,61.96,60.1,61.89,18095043,61.89000000000003,56.766191459850106
2015-10-16,62.43,62.65,62.09,62.43,17434885,62.43000000000002,56.82915591514332
2015-10-19,62.0,62.76,61.91,62.22,14479153,62.22,57.39302360543001
2015-10-20,62.36,62.82,62.08,62.52,11545128,62.52000000000001,57.39302360543001
2015-10-21,62.88,62.96,62.05,62.06,12113422,62.06000000000002,57.06654137778341
2015-10-22,62.42,63.58,62.42,63.19,15269206,63.19,57.71950583307661
2015-10-23,63.63,64.18,63.5,63.87,16944141,63.87000000000002,59.03837352336333
2015-10-26,63.84,63.99,63.41,63.9,13858411,63.90000000000002,59.03837352336333
2015-10-27,63.53,63.86,63.31,63.64,8775339,63.64000000000001,58.5161914598501
2015-10-28,63.7,65.74,63.69,65.5,17924895,65.5,59.89915591514332
2015-10-29,65.26,65.83,64.88,65.21,12690848,65.21000000000002,60.12485575100993
2015-10-30,65.3,65.34,64.13,64.25,15642649,64.25000000000001,59.64189129571672
2015-11-02,64.45,65.75,64.39,65.54,15225097,65.54000000000002,60.2976736874967
2015-11-03,65.29,66.1,65.17,65.78,11499353,65.78,60.2976736874967
2015-11-04,66.01,66.15,65.63,65.85,11382412,65.85000000000001,61.241891295716705
2015-11-05,65.79,66.67,65.75,66.44,12561702,66.44000000000001,61.35485575100993
2015-11-06,68.37,69.03,68.1,68.46,23179728,68.46,62.85915591514329
2015-11-09,68.7,68.72,67.08,67.39,17120033,67.39,62.26619145985008
2015-11-10,67.19,67.85,66.93,67.68,13093668,67.68,62.152673687496694
2015-11-11,68.1,68.17,67.25,67.35,8494787,67.35,62.152673687496694
2015-11-12,66.86,66.9,65.95,66.0,13272016,66.00000000000003,60.93337352336334
2015-11-13,65.84,66.17,65.23,65.56,11682962,65.56000000000003,60.93337352336334
2015-11-16,65.46,66.58,65.17,66.51,11031402,66.51000000000003,61.47337352336332
2015-11-17,66.67,66.74,65.89,66.13,12320306,66.13000000000001,61.47337352336332
2015-11-18,66.48,67.55,66.37,67.45,12727534,67.45000000000002,62.19267368749669
2015-11-19,67.58,67.82,67.04,67.66,12718778,67.66,62.19267368749669
2015-11-20,67.99,68.11,67.38,67.54,11194673,67.54000000000002,62.00200583307664
2015-11-23,67.31,67.58,66.78,66.88,11335340,66.88000000000002,61.81904137778341
2015-11-24,66.17,67.14,66.04,66.78,10852532,66.78000000000003,61.91052360543002
2015-11-25,66.93,67.12,66.55,66.86,7772026,66.86000000000001,61.91052360543002
2015-11-27,67.0,67.33,66.64,67.17,4052853,67.17000000000002,61.93200583307662
2015-11-30,67.28,67.52,66.68,66.68,15147536,66.68,61.91904137778341
2015-12-01,67.34,67.83,66.99,67.61,12708809,67.61000000000001,62.16200583307663
2015-12-02,67.83,67.88,66.48,66.66,13440883,66.66,61.689041377783404
2015-12-03,66.83,67.03,65.58,65.8,14626881,65.80000000000001,60.751541377783404
2015-12-04,66.1,68.0,66.03,67.89,17786043,67.89000000000001,62.36450583307663
2015-12-07,67.66,67.75,66.4,67.0,11686033,67.00000000000003,61.83950583307663
2015-12-08,66.25,66.96,65.7,65.96,13084484,65.96000000000001,61.2765413777834
2015-12-09,65.61,66.58,65.04,65.46,16770188,65.46000000000002,60.17267368749671
2015-12-10,65.54,66.5,65.08,65.61,12838986,65.61000000000003,60.17267368749671
2015-12-11,64.8,65.16,63.51,64.07,17889293,64.07000000000001,59.32337352336332
2015-12-14,64.23,64.76,63.6,64.27,17504146,64.27000000000002,59.32337352336332
2015-12-15,65.07,66.65,65.07,66.1,18126588,66.10000000000002,60.9761914598501
2015-12-16,66.91,67.74,65.91,67.53,21720024,67.53000000000003,61.929155915143326
2015-12-17,67.9,68.0,66.08,66.28,18122090,66.28000000000003,61.194855751009946
2015-12-18,65.97,65.97,64.4,64.4,23819643,64.40000000000003,59.79189129571673
2015-12-21,65.02,65.56,64.83,65.54,18869297,65.54000000000003,60.76337352336334
2015-12-22,65.92,66.0,64.98,65.68,12149529,65.68000000000002,60.76337352336334
2015-12-23,66.12,66.85,66.05,66.73,12524453,66.73000000000003,61.302673687496714
2015-12-24,66.62,66.89,66.32,66.6,4468242,66.60000000000001,61.302673687496714
2015-12-28,66.29,66.45,65.71,66.38,6610609,66.38000000000002,61.30654137778341
2015-12-29,66.84,67.3,66.74,67.07,9820830,67.07000000000002,61.51950583307663
2015-12-30,67.04,67.05,66.45,66.59,7190650,66.59000000000003,61.45450583307663
2015-12-31,66.19,66.78,66.0,66.03,14654329,66.03000000000003,61.37154137778341
2016-01-04,63.95,64.06,63.01,63.62,25271341,63.62000000000002,58.31267368749671
2016-01-05,63.7,64.13,63.04,63.73,16566703,63.73000000000002,58.31267368749671
2016-01-06,62.72,63.12,62.34,62.81,22961532,62.81000000000002,57.72485575100995
2016-01-07,61.46,62.0,60.08,60.27,27630867,60.270000000000024,55.661891295716735
2016-01-08,61.13,61.27,58.85,58.92,22373287,58.920000000000016,53.5126736874967
2016-01-11,58.83,59.22,58.04,58.83,20925529,58.83000000000001,53.5126736874967
2016-01-12,59.45,59.56,58.1,58.96,22971612,58.96,53.87485575100992
2016-01-13,59.46,59.68,56.91,57.34,28563254,57.34000000000001,52.73189129571671
2016-01-14,58.16,59.38,57.29,58.2,31234155,58.200000000000024,52.599155915143314
2016-01-15,56.45,57.57,56.22,57.04,37595606,57.04000000000001,51.91619145985008
2016-01-19,57.73,57.97,56.51,57.01,22776517,57.010000000000026,51.92485575100994
2016-01-20,55.63,56.18,54.66,55.51,34611020,55.510000000000026,50.90189129571672
2016-01-21,55.74,56.52,55.06,55.25,31244542,55.250000000000014,50.5190413777834
2016-01-22,56.44,57.16,56.3,56.95,22453115,56.95000000000002,51.742005833076625
2016-01-25,56.48,56.85,55.6,55.66,20892401,55.66000000000002,50.6590413777834
2016-01-26,55.85,57.15,55.81,57.08,17519535,57.08000000000002,51.602005833076625
2016-01-27,57.08,58.27,56.56,57.04,20499582,57.04000000000001,52.31337352336333
2016-01-28,57.52,57.97,56.63,57.28,15487278,57.28000000000002,52.31337352336333
2016-01-29,57.83,59.54,57.51,59.5,26727855,59.50000000000003,53.89915591514331
2016-02-01,59.16,59.65,58.44,58.86,16761416,58.86000000000003,53.73619145985009
2016-02-02,57.88,57.98,56.75,57.03,22269412,57.03000000000001,52.37337352336333
2016-02-03,57.37,57.8,55.02,57.41,31521731,57.410000000000004,52.37337352336333
2016-02-04,57.06,58.52,57.06,58.4,21570101,58.40000000000002,52.799155915143324
2016-02-05,58.58,59.14,57.42,57.75,21897326,57.750000000000014,52.6261914598501
2016-02-08,56.69,56.92,55.54,56.54,28229438,56.54,51.0076736874967
2016-02-09,55.29,56.69,55.13,56.2,26251534,56.20000000000001,51.0076736874967
2016-02-10,56.57,57.41,55.47,55.52,22360482,55.520000000000024,50.43485575100995
2016-02-11,53.9,53.91,52.5,53.07,43976046,53.07000000000002,48.461891295716725
2016-02-12,55.65,57.57,55.17,57.49,36905293,57.49000000000001,52.8090413777834
2016-02-16,58.23,58.6,57.64,58.35,23537318,58.35000000000001,53.19200583307662
2016-02-17,58.85,59.25,58.39,58.77,21185566,58.77000000000002,53.242005833076625
2016-02-18,58.84,58.86,57.25,57.81,16937282,57.81000000000001,52.7590413777834
2016-02-19,57.5,58.17,57.08,57.82,15595530,57.82000000000001,52.696191459850084
2016-02-22,58.51,58.88,58.42,58.57,14867122,58.57000000000001,52.969155915143304
2016-02-23,57.9,58.09,55.96,56.12,31533968,56.12000000000002,51.28337352336333
2016-02-24,55.2,56.21,54.32,56.14,25526826,56.14000000000003,51.28337352336333
2016-02-25,56.13,57.03,56.04,57.01,14453901,57.01000000000002,52.38154137778341
2016-02-26,57.64,58.11,57.14,57.54,20867827,57.54000000000002,52.43450583307663
2016-02-29,57.41,57.6,56.29,56.3,19504736,56.300000000000004,51.196541377783404
2016-03-01,56.76,59.2,56.67,59.2,23505176,59.20000000000001,53.61950583307663
2016-03-02,59.2,59.9,58.96,59.76,20922700,59.76000000000002,54.82302360543001
2016-03-03,59.58,59.96,59.1,59.96,15768403,59.96000000000002,54.82302360543001
2016-03-04,60.1,60.55,59.53,60.05,18420483,60.05000000000002,54.82302360543001
2016-03-07,59.54,60.05,59.32,59.94,12820229,59.94000000000002,54.82302360543001
2016-03-08,59.21,59.5,58.68,58.78,14050324,58.780000000000015,53.858023605430006
2016-03-09,59.15,59.54,58.68,59.12,13222794,59.12000000000002,53.858023605430006
2016-03-10,59.59,59.67,57.81,58.61,21108547,58.61000000000001,53.731541377783394
2016-03-11,59.39,59.51,58.65,59.34,21005331,59.34000000000001,53.98450583307662
2016-03-14,59.15,59.31,58.6,59.12,13412516,59.12000000000001,53.89302360543002
2016-03-15,58.54,59.21,58.43,59.2,10910468,59.20000000000001,53.89302360543002
2016-03-16,58.98,59.75,58.47,58.92,17039145,58.92,53.89302360543002
2016-03-17,58.77,59.13,57.99,58.75,19190218,58.75,53.89302360543002
2016-03-18,60.05,60.97,59.66,60.48,29494852,60.48000000000001,55.175523605430016
2016-03-21,60.22,60.82,59.96,60.46,12659604,60.460000000000015,55.175523605430016
2016-03-22,59.99,60.58,59.62,60.24,12012152,60.240000000000016,55.175523605430016
2016-03-23,60.34,60.51,59.86,59.94,11580873,59.940000000000005,55.175523605430016
2016-03-24,59.3,59.51,58.87,59.48,12887007,59.48000000000003,54.30052360543002
2016-03-28,59.53,59.75,59.18,59.4,11158977,59.400000000000034,54.30052360543002
2016-03-29,59.33,59.33,58.53,59.03,15855168,59.03000000000002,54.199041377783416
2016-03-30,59.46,60.23,59.38,59.71,13269003,59.710000000000015,54.40200583307663
2016-03-31,59.45,59.93,59.11,59.22,14780568,59.22000000000001,54.0961914598501
2016-04-01,59.02,60.06,58.56,59.87,15405515,59.87000000000002,54.26915591514332
2016-04-04,59.44,59.56,58.96,59.2,12277467,59.20000000000001,54.11485575100994
2016-04-05,58.59,58.83,58.21,58.36,12870771,58.36000000000001,53.75189129571672
2016-04-06,58.18,58.88,57.95,58.81,12156589,58.81000000000002,53.41950583307663
2016-04-07,58.26,58.43,57.06,57.32,19087683,57.32000000000001,52.4065413777834
2016-04-08,57.71,58.58,57.69,57.74,13535569,57.74000000000003,52.91302360543001
2016-04-11,57.91,58.88,57.91,58.2,17580857,58.200000000000024,52.91302360543001
2016-04-12,58.34,59.39,58.2,59.28,17651526,59.280000000000015,54.67189129571671
2016-04-13,60.48,62.16,60.38,61.79,37244076,61.79000000000002,56.70485575100994
2016-04-14,61.69,62.9,61.6,62.59,24234623,62.590000000000025,56.989155915143314
2016-04-15,62.88,62.9,61.45,61.87,19257257,61.87000000000001,56.74619145985008
2016-04-18,61.64,62.58,61.53,62.27,13805437,62.27000000000001,57.66189129571673
2016-04-19,62.55,63.48,62.55,63.32,18993076,63.32000000000001,58.234855751009945
2016-04-20,63.48,64.31,63.14,64.24,14579548,64.24000000000002,58.639155915143306
2016-04-21,64.26,64.66,63.34,63.6,15314757,63.60000000000003,58.4761914598501
2016-04-22,63.64,64.38,63.64,63.97,11970762,63.97000000000002,58.79802360543002
2016-04-25,63.6,63.95,63.14,63.6,10681635,63.60000000000003,58.79802360543002
2016-04-26,63.81,64.07,63.33,63.93,12030279,63.93000000000002,58.79802360543002
2016-04-27,63.86,64.64,63.6,64.11,14850477,64.11000000000003,58.79802360543002
2016-04-28,63.64,64.42,63.35,63.6,12841555,63.60000000000002,58.18302360543002
2016-04-29,63.09,63.61,62.7,63.2,16297433,63.20000000000002,58.18302360543002
2016-05-02,63.69,64.0,63.14,63.79,10228650,63.79000000000001,58.559505833076635
2016-05-03,62.9,62.91,61.8,62.56,18993276,62.56000000000001,57.80654137778341
2016-05-04,61.75,62.26,61.27,61.57,16955039,61.57000000000002,56.30052360543003
2016-05-05,61.6,62.0,61.06,61.24,14029562,61.24000000000002,56.30052360543003
2016-05-06,60.7,61.68,60.59,61.6,11047364,61.60000000000002,56.30052360543003
2016-05-09,61.37,61.89,61.05,61.21,11192527,61.21000000000002,56.30052360543003
2016-05-10,61.55,62.26,61.35,62.04,11884732,62.040000000000006,56.60052360543002
2016-05-11,61.97,62.6,61.81,61.81,11201777,61.81000000000002,56.60052360543002
2016-05-12,62.27,62.56,61.37,61.77,10996165,61.77000000000002,56.647005833076626
2016-05-13,61.7,62.4,61.02,61.2,14397207,61.200000000000024,56.55404137778341
2016-05-16,61.21,61.98,61.0,61.66,10943684,61.66000000000001,56.81337352336332
2016-05-17,61.43,62.16,61.15,61.66,12164730,61.66000000000001,56.81337352336332
2016-05-18,61.7,64.17,61.69,64.04,24008793,64.04000000000002,58.43915591514332
2016-05-19,63.53,64.22,62.9,63.39,15882976,63.39000000000002,58.26619145985009
2016-05-20,63.86,64.19,63.37,63.51,11755544,63.51000000000001,58.63837352336332
2016-05-23,63.45,63.87,63.16,63.46,9328181,63.460000000000015,58.63837352336332
2016-05-24,63.94,64.77,63.81,64.54,13816086,64.54000000000002,59.4161914598501
2016-05-25,64.94,66.2,64.92,65.52,18921428,65.52000000000001,59.91915591514331
2016-05-26,65.57,65.58,64.91,65.03,9418636,65.03000000000003,60.250523605430025
2016-05-27,65.21,65.46,65.05,65.43,10112767,65.43000000000004,60.250523605430025
2016-05-31,65.73,65.82,64.96,65.27,15139407,65.27000000000002,60.250523605430025
2016-06-01,64.76,65.92,64.26,65.69,14031018,65.69000000000001,60.250523605430025
2016-06-02,65.52,65.81,65.16,65.81,10637550,65.81000000000003,60.439505833076645
2016-06-03,64.25,64.86,63.55,64.64,20261681,64.64000000000001,59.74654137778342
2016-06-06,64.64,65.76,64.6,65.28,13193497,65.28000000000003,60.093023605430034
2016-06-07,65.45,65.74,65.04,65.06,9924106,65.06000000000003,60.093023605430034
2016-06-08,64.93,65.48,64.92,65.25,9428013,65.25000000000001,59.64915591514331
2016-06-09,64.79,64.9,64.27,64.75,10817761,64.75000000000001,59.62619145985009
2016-06-10,63.93,64.07,63.58,63.84,16678358,63.84000000000002,58.754855751009934
2016-06-13,63.48,64.34,63.26,63.27,14382759,63.27000000000001,58.66189129571671
2016-06-14,62.68,63.47,61.68,62.08,19509322,62.080000000000005,57.03302360543
2016-06-15,62.41,62.98,61.91,61.97,16982140,61.970000000000006,57.03302360543
2016-06-16,61.45,62.3,60.9,62.22,16791228,62.22000000000001,57.03302360543
2016-06-17,62.3,62.71,61.93,62.28,15751497,62.280000000000015,57.03302360543
2016-06-20,63.45,63.85,62.34,62.37,12213239,62.37000000000001,57.76189129571672
2016-06-21,62.73,63.0,62.14,62.95,11611632,62.95000000000001,57.86485575100994
2016-06-22,62.95,63.71,62.68,62.71,12643492,62.71,57.586191459850085
2016-06-23,63.7,64.15,63.53,64.05,16583609,64.05,58.44915591514331
2016-06-24,60.48,61.7,59.34,59.6,44108712,59.60000000000002,54.51485575100994
2016-06-27,58.71,58.75,57.05,57.61,37925291,57.61000000000003,53.001891295716725
2016-06-28,59.19,59.55,58.26,59.52,29088741,59.52000000000002,54.396191459850094
2016-06-29,60.36,61.21,60.0,61.2,21483012,61.200000000000024,55.59915591514332
2016-06-30,61.63,62.19,61.02,62.14,21343616,62.14000000000002,56.539155915143326
2016-07-01,61.52,62.01,61.16,61.26,14217796,61.26000000000001,56.136191459850096
2016-07-05,60.45,60.6,59.1,59.55,23357694,59.55000000000002,54.94189129571672
2016-07-06,59.01,60.29,58.76,60.19,20429800,60.19000000000002,55.10485575100994
2016-07-07,60.52,61.14,60.16,60.58,13771417,60.58000000000001,55.971891295716716
2016-07-08,61.33,62.17,61.33,61.83,16998814,61.83000000000001,56.744855751009936
2016-07-11,62.42,62.95,62.14,62.27,13151438,62.270000000000024,57.14619145985011
2016-07-12,63.03,63.56,62.89,63.2,16588124,63.20000000000002,57.59915591514332
2016-07-13,63.08,63.43,62.64,63.16,18526932,63.16000000000002,58.509041377783404
2016-07-14,64.74,64.98,64.05,64.12,28985935,64.12000000000002,58.99200583307663
2016-07-15,64.75,64.8,63.61,64.18,17607090,64.18000000000002,58.75052360543002
2016-07-18,64.13,64.4,63.9,63.96,10824364,63.960000000000015,58.75052360543002
2016-07-19,63.61,64.1,63.46,63.86,9737390,63.86000000000003,58.775523605430024
2016-07-20,64.11,64.23,63.71,63.93,10411068,63.93000000000002,58.775523605430024
2016-07-21,64.0,64.18,63.63,63.69,9952750,63.690000000000005,58.775523605430024
2016-07-22,63.9,64.09,63.6,64.04,8195688,64.04,58.775523605430024
2016-07-25,63.98,64.17,63.68,63.87,8168252,63.870000000000026,59.00302360543003
2016-07-26,63.98,64.26,63.71,64.13,8067766,64.13000000000002,59.00302360543003
2016-07-27,64.08,64.68,64.06,64.33,11806756,64.33000000000003,59.00302360543003
2016-07-28,64.0,64.19,63.72,64.1,10013424,64.10000000000001,59.00302360543003
2016-07-29,63.8,64.29,63.75,63.97,13210412,63.97,58.91552360543002
2016-08-01,64.15,64.31,63.61,63.8,11422601,63.80000000000001,58.91552360543002
2016-08-02,63.59,64.01,63.38,63.65,13550022,63.650000000000034,58.64904137778341
2016-08-03,63.69,64.67,63.65,64.66,13122345,64.66000000000003,59.18200583307662
2016-08-04,64.49,64.82,64.27,64.56,9873007,64.56,59.95189129571672
2016-08-05,65.14,66.37,65.07,66.3,20752730,66.30000000000001,61.214855751009935
2016-08-08,66.07,66.48,65.84,66.1,11359174,66.10000000000002,60.6226736874967
2016-08-09,66.18,66.28,65.69,65.87,10096971,65.87000000000003,60.6226736874967
2016-08-10,65.92,66.07,65.16,65.28,11556086,65.28000000000003,60.340523605430015
2016-08-11,65.27,65.69,65.02,65.46,9604549,65.46000000000001,60.340523605430015
2016-08-12,64.97,65.35,64.86,65.32,7685383,65.32000000000002,60.340523605430015
2016-08-15,65.56,65.83,65.46,65.72,8371557,65.72000000000003,60.340523605430015
2016-08-16,65.36,65.96,65.24,65.71,10128856,65.71000000000002,60.748023605430035
2016-08-17,65.8,65.98,65.54,65.89,11868065,65.89000000000003,60.748023605430035
2016-08-18,65.62,65.99,65.53,65.95,9313621,65.95000000000003,60.748023605430035
2016-08-19,65.72,65.91,65.22,65.86,9084877,65.86000000000003,60.748023605430035
2016-08-22,65.75,65.88,65.41,65.8,9055631,65.80000000000001,60.793023605430015
2016-08-23,66.07,66.34,65.76,65.77,8949607,65.77000000000001,60.793023605430015
2016-08-24,65.99,66.23,65.77,65.95,10167204,65.95000000000002,60.793023605430015
2016-08-25,65.91,66.14,65.79,66.07,9978651,66.07000000000002,60.793023605430015
2016-08-26,66.33,66.88,65.84,66.22,14038597,66.22000000000003,61.61189129571673
2016-08-29,66.49,67.1,66.46,66.95,14583145,66.95000000000002,61.864855751009955
2016-08-30,66.96,67.6,66.95,67.5,13791151,67.50000000000003,62.13767368749672
2016-08-31,67.46,67.77,66.86,67.5,14952329,67.50000000000003,62.13767368749672
2016-09-01,67.64,67.72,66.65,67.21,12226517,67.21000000000002,62.22052360543003
2016-09-02,67.4,67.58,66.98,67.49,13720662,67.49000000000002,62.22052360543003
2016-09-06,67.5,67.55,66.71,67.44,16649371,67.44000000000003,62.22052360543003
2016-09-07,67.16,67.59,66.96,67.16,10070407,67.16000000000003,62.22052360543003
2016-09-08,67.22,67.68,67.0,67.25,12252961,67.25000000000001,61.82950583307663
2016-09-09,67.03,67.43,66.64,66.65,19686877,66.65000000000002,61.70654137778342
2016-09-12,66.14,67.3,65.76,67.06,16452983,67.06000000000003,61.794505833076634
2016-09-13,66.11,66.86,65.82,66.53,18876069,66.53000000000003,61.74154137778341
2016-09-14,66.27,67.24,66.21,66.4,12648595,66.40000000000003,61.15802360543003
2016-09-15,66.29,66.93,66.09,66.64,12639749,66.64000000000001,61.15802360543003
2016-09-16,66.09,66.26,65.44,65.82,25161488,65.82000000000002,61.15802360543003
2016-09-19,66.15,66.64,65.85,66.19,13466874,66.19000000000003,61.15802360543003
2016-09-20,66.75,66.85,66.24,66.46,10092157,66.46000000000002,61.80337352336334
2016-09-21,66.84,67.13,66.31,66.84,14116774,66.84000000000005,61.80337352336334
2016-09-22,66.99,67.42,66.84,67.39,12781744,67.39000000000001,61.957673687496694
2016-09-23,67.39,67.9,67.18,67.25,13967357,67.25,61.957673687496694
2016-09-26,66.6,66.8,65.54,65.78,16408130,65.78,60.9690413777834
2016-09-27,65.41,66.4,65.11,66.36,13711386,66.36000000000001,61.07200583307662
2016-09-28,66.58,66.77,65.99,66.71,11278036,66.71000000000001,61.31200583307661
2016-09-29,66.7,67.21,65.35,65.65,18727192,65.65,60.7290413777834
2016-09-30,66.08,67.06,66.08,66.59,21680093,66.59,61.70337352336332
2016-10-03,66.35,66.92,66.26,66.51,14901651,66.51000000000002,61.70337352336332
2016-10-04,66.21,67.18,66.1,66.6,17226890,66.6,61.47619145985007
2016-10-05,66.89,68.07,66.8,67.69,16279971,67.69,62.089155915143294
2016-10-06,67.73,67.97,67.05,67.87,17484978,67.87000000000003,63.12802360543002
2016-10-07,67.79,68.18,67.4,68.11,18497019,68.11000000000001,63.12802360543002
2016-10-10,68.34,69.06,68.23,68.64,13027466,68.64000000000003,63.12802360543002
2016-10-11,68.5,68.82,67.93,68.31,15657104,68.31000000000002,63.12802360543002
2016-10-12,68.26,68.59,68.05,68.13,11899831,68.13000000000002,62.5726736874967
2016-10-13,67.46,67.87,66.82,67.74,17890046,67.74000000000001,62.5726736874967
2016-10-14,68.8,69.03,67.3,67.52,24163776,67.52000000000002,62.498373523363334
2016-10-17,67.42,67.79,66.74,67.17,14963411,67.17000000000003,62.498373523363334
2016-10-18,67.85,68.21,67.54,67.7,11870286,67.70000000000005,63.00904137778342
2016-10-19,67.81,68.5,67.81,68.35,12705774,68.35000000000002,63.18200583307663
2016-10-20,68.08,68.68,67.94,68.26,14122005,68.26000000000003,63.095523605430024
2016-10-21,67.81,68.53,67.7,68.49,12175674,68.49000000000002,63.095523605430024
2016-10-24,68.97,69.05,68.5,68.87,10197123,68.87,63.903023605430015
2016-10-25,68.88,68.93,68.38,68.8,9945050,68.80000000000001,63.903023605430015
2016-10-26,68.37,69.25,68.37,69.13,9801266,69.13000000000002,63.903023605430015
2016-10-27,69.49,69.77,69.1,69.23,14210699,69.23000000000002,63.903023605430015
2016-10-28,69.53,69.55,68.46,69.11,12766498,69.11000000000001,63.900523605430024
2016-10-31,69.43,69.58,69.23,69.26,14336299,69.26000000000002,63.900523605430024
2016-11-01,69.48,69.78,68.33,68.97,15564491,68.97000000000001,63.900523605430024
2016-11-02,68.65,68.85,68.01,68.68,12449788,68.68000000000002,63.900523605430024
2016-11-03,68.86,69.19,68.22,68.38,10369670,68.38000000000001,63.29485575100993
2016-11-04,68.49,68.56,67.64,67.76,13571306,67.76000000000003,63.15189129571672
2016-11-07,69.08,69.97,69.0,69.88,16515137,69.88000000000004,64.59267368749671
2016-11-08,69.7,70.54,69.24,70.03,17531748,70.03000000000004,64.59267368749671
2016-11-09,71.46,74.15,71.32,73.25,50948378,73.25000000000003,68.64189129571673
2016-11-10,74.22,77.25,74.22,76.65,56192320,76.65000000000003,71.56485575100996
2016-11-11,76.3,76.72,75.77,76.69,27574323,76.69000000000003,71.56619145985012
2016-11-14,77.25,80.44,77.25,79.51,46130653,79.51000000000002,73.90915591514333
2016-11-15,78.37,79.41,77.78,79.36,28126307,79.36,73.7595058330766
2016-11-16,78.22,78.35,76.88,77.4,26054926,77.40000000000002,72.2765413777834
2016-11-17,77.93,78.46,77.6,78.02,19226190,78.02000000000001,73.01802360543
2016-11-18,77.96,78.42,77.55,77.71,19769965,77.71000000000001,73.01802360543
2016-11-21,78.0,78.17,77.29,78.05,11983529,78.05,73.4418912957167
2016-11-22,78.34,78.56,77.76,78.53,14410100,78.53000000000002,73.44485575100994
2016-11-23,78.87,79.24,77.89,78.86,13401387,78.86,73.4826736874967
2016-11-25,79.1,79.45,78.47,78.83,6185719,78.83,73.4826736874967
2016-11-28,78.18,78.87,78.02,78.32,13007242,78.32,73.7118912957167
2016-11-29,78.39,79.16,78.39,78.92,14144062,78.92000000000002,73.83485575100994
2016-11-30,79.92,80.53,79.7,80.17,25351899,80.17000000000003,75.0461914598501
2016-12-01,80.65,82.28,80.65,81.79,23823632,81.79000000000003,76.18915591514333
2016-12-02,81.8,81.83,80.9,81.6,16931504,81.60000000000002,76.99189129571673
2016-12-05,82.3,83.29,82.29,83.26,18529840,83.26000000000002,78.17485575100994
2016-12-06,83.6,83.81,82.43,83.69,16130043,83.69,78.5176736874967
2016-12-07,83.55,84.09,82.85,84.07,18996905,84.07,78.5176736874967
2016-12-08,84.23,85.5,83.94,85.12,20844853,85.12000000000002,79.94267368749671
2016-12-09,85.02,85.5,84.14,85.49,14567202,85.49,79.94267368749671
2016-12-12,85.36,85.79,84.29,84.73,14511332,84.73000000000002,79.89837352336333
2016-12-13,84.98,85.67,83.82,84.76,16669046,84.76000000000002,79.89837352336333
2016-12-14,83.88,86.12,83.76,84.73,22622633,84.73000000000002,79.7740413777834
2016-12-15,85.4,86.49,84.9,86.0,19438924,86.0,80.5670058330766
2016-12-16,86.29,86.29,84.89,84.94,23008520,84.94000000000001,80.16404137778339
2016-12-19,84.8,85.44,84.19,85.43,21685098,85.43000000000002,80.17700583307662
2016-12-20,85.79,86.54,85.54,86.53,14587310,86.53000000000002,81.70052360543002
2016-12-21,86.43,86.81,86.03,86.75,11400484,86.75000000000001,81.70052360543002
2016-12-22,86.44,87.17,86.21,86.89,13924219,86.89000000000001,81.70052360543002
2016-12-23,87.0,87.15,86.4,87.05,10759433,87.05000000000001,81.70052360543002
2016-12-27,87.05,87.16,86.75,87.13,6946360,87.13000000000002,81.52915591514332
2016-12-28,87.16,87.39,86.35,86.5,9455586,86.50000000000003,81.3761914598501
2016-12-29,86.58,86.67,85.04,85.89,14689042,85.89000000000003,81.24337352336335
2016-12-30,86.1,86.42,85.66,86.29,13617776,86.29000000000003,81.24337352336335
2017-01-03,87.34,87.76,85.98,87.23,20550714,87.23000000000005,81.70767368749672
2017-01-04,86.96,87.18,86.4,86.91,15266596,86.91000000000003,81.70767368749672
2017-01-05,86.81,87.11,85.26,86.11,14300816,86.11000000000003,81.26837352336335
2017-01-06,86.39,86.62,85.94,86.12,12893298,86.12000000000005,81.26837352336335
2017-01-09,85.73,86.77,85.52,86.18,12806609,86.18000000000004,81.37802360543003
2017-01-10,86.07,86.9,85.72,86.43,13989033,86.43000000000004,81.37802360543003
2017-01-11,86.43,87.08,85.91,87.08,14713067,87.08000000000001,81.55950583307664
2017-01-12,86.76,87.27,86.02,86.24,21337435,86.24000000000001,81.19654137778342
2017-01-13,87.11,88.17,86.1,86.7,28295985,86.70000000000002,81.09915591514331
2017-01-17,84.93,85.22,83.28,83.55,30024625,83.55000000000001,78.42619145985009
2017-01-18,83.63,84.23,83.03,83.94,21270134,83.94000000000001,78.85485575100994
2017-01-19,84.06,84.67,83.12,83.3,16555554,83.3,78.6918912957167
2017-01-20,83.43,83.83,83.28,83.67,18436790,83.67000000000002,78.84337352336334
2017-01-23,83.3,84.0,83.2,83.71,12179161,83.71000000000001,78.84337352336334
2017-01-24,83.92,85.0,83.56,84.72,15175319,84.72000000000003,79.5961914598501
2017-01-25,85.84,86.17,85.17,86.03,17550952,86.03000000000003,80.42915591514333
2017-01-26,85.95,86.95,85.95,86.75,15962835,86.75000000000001,81.4776736874967
2017-01-27,86.66,86.98,86.27,86.93,12535420,86.93000000000002,81.4776736874967
2017-01-30,86.19,86.5,85.32,86.03,13661859,86.03000000000003,80.94485575100995
2017-01-31,85.6,86.15,84.09,84.63,15655126,84.63000000000002,80.02189129571673
2017-02-01,85.54,86.1,84.68,84.95,15430940,84.95000000000002,79.92337352336332
2017-02-02,84.34,84.91,84.16,84.59,11081359,84.59,79.92337352336332
2017-02-03,86.19,87.31,85.86,87.18,17885244,87.18000000000002,81.6126736874967
2017-02-06,86.79,87.45,86.61,86.77,11828416,86.77000000000002,81.6126736874967
2017-02-07,87.14,87.4,86.48,86.72,9392832,86.72,81.63485575100992
2017-02-08,86.18,86.31,85.37,85.96,13970870,85.96000000000001,81.35189129571671
2017-02-09,86.42,87.33,86.13,87.2,13749123,87.2,81.73767368749671
2017-02-10,87.48,87.48,86.89,87.0,10992466,87.00000000000001,81.73767368749671
2017-02-13,87.44,88.74,87.43,88.15,18739103,88.15000000000003,83.54189129571674
2017-02-14,88.3,89.7,88.11,89.56,17932086,89.56000000000003,84.47485575100995
2017-02-15,90.08,90.87,89.35,90.59,17381807,90.59000000000003,85.1976736874967
2017-02-16,90.4,91.04,89.77,90.53,17672724,90.53000000000003,85.1976736874967
2017-02-17,89.82,90.46,89.69,90.23,15776589,90.23000000000003,85.60154137778342
2017-02-21,90.51,91.15,90.46,91.01,14068315,91.01000000000003,85.90450583307664
2017-02-22,90.52,91.3,90.42,91.06,11838980,91.05999999999999,85.75302360543003
2017-02-23,91.18,91.34,90.52,91.13,11066952,91.13000000000001,85.75302360543003
2017-02-24,90.18,90.54,89.73,90.33,15062298,90.33000000000003,85.53337352336332
2017-02-27,90.32,90.72,90.02,90.43,12360988,90.43000000000002,85.53337352336332
2017-02-28,89.84,90.82,89.58,90.62,15183542,90.62000000000003,85.4961914598501
2017-03-01,92.79,93.98,92.61,93.6,24451380,93.60000000000002,87.9991559151433
2017-03-02,93.87,93.92,92.03,92.14,16862487,92.14000000000001,87.01619145985009
2017-03-03,92.23,93.11,92.19,92.8,12861607,92.80000000000001,87.19915591514331
2017-03-06,92.25,92.32,91.1,91.92,15059178,91.92000000000002,86.83485575100995
2017-03-07,91.64,92.09,91.21,91.41,11156845,91.41000000000003,86.80189129571674
2017-03-08,92.68,92.85,91.1,91.21,17378401,91.21000000000001,86.25052360543002
2017-03-09,91.6,92.14,91.15,91.57,13726237,91.57000000000002,86.25052360543002
2017-03-10,91.95,92.0,90.53,91.28,13729948,91.28000000000004,86.25052360543002
2017-03-13,91.31,91.78,90.93,91.36,10004297,91.36000000000003,86.25052360543002
2017-03-14,91.02,91.65,90.76,91.51,10237702,91.51,86.28552360543003
2017-03-15,91.8,92.55,91.13,91.73,16601394,91.73,86.28552360543003
2017-03-16,92.03,92.81,91.57,91.64,14492039,91.64000000000004,86.52700583307664
2017-03-17,91.83,92.04,90.65,90.68,21734743,90.68000000000004,86.04404137778342
2017-03-20,90.27,91.17,89.79,90.03,14623597,90.03000000000002,84.42915591514333
2017-03-21,90.36,90.64,87.06,87.39,33089241,87.39000000000003,82.26619145985012
2017-03-22,86.89,88.07,86.01,87.53,21741025,87.53000000000003,82.61337352336335
2017-03-23,87.21,88.5,87.09,87.39,16090092,87.39000000000004,82.61337352336335
2017-03-24,87.79,88.09,86.77,87.29,16093237,87.29000000000003,82.41837352336334
2017-03-27,85.53,87.4,85.23,87.24,16689294,87.24000000000002,82.41837352336334
2017-03-28,87.02,89.02,86.98,88.6,16264403,88.6,83.0726736874967
2017-03-29,88.6,88.82,88.08,88.27,10207578,88.27000000000001,83.0726736874967
2017-03-30,88.2,89.46,88.12,89.03,11630996,89.03000000000003,83.42915591514331
2017-03-31,88.71,88.74,87.75,87.84,16987605,87.84000000000003,82.7161914598501
2017-04-03,87.99,88.17,86.6,87.52,19831778,87.52000000000001,82.56837352336333
2017-04-04,86.89,87.67,86.72,87.31,14280832,87.31000000000003,82.56837352336333
2017-04-05,88.42,88.54,86.13,86.19,17635486,86.19000000000001,80.89052360543002
2017-04-07,85.93,86.81,85.71,86.18,13097108,86.18000000000002,80.89052360543002
2017-04-10,86.08,86.69,85.4,85.88,15081616,85.88000000000001,80.89052360543002
2017-04-11,85.54,85.79,84.8,85.73,14690492,85.73000000000003,80.89052360543002
2017-04-12,85.93,85.95,85.03,85.4,14730636,85.40000000000003,80.31485575100994
2017-04-13,85.5,86.99,84.4,84.4,30529763,84.40000000000003,79.79189129571672
2017-04-17,84.44,86.08,84.37,85.86,19071650,85.86000000000003,80.25915591514332
2017-04-18,85.36,85.63,84.74,85.16,14127049,85.16000000000001,80.03619145985009
2017-04-19,85.5,85.92,84.36,84.46,17588506,84.46000000000002,79.85189129571673
2017-04-20,84.98,85.78,84.55,85.55,15635808,85.55000000000003,80.46485575100995
2017-04-21,85.5,85.68,84.51,84.52,19820592,84.52000000000004,79.39619145985013
2017-04-24,86.55,88.05,86.42,87.5,25468285,87.50000000000003,81.89915591514334
2017-04-25,88.55,89.13,88.26,88.26,18253752,88.26000000000002,82.98267368749671
2017-04-26,88.35,89.05,88.14,88.43,12832154,88.43000000000004,82.98267368749671
2017-04-27,88.37,88.37,87.01,87.61,13329025,87.61000000000003,82.52485575100994
2017-04-28,87.6,87.85,86.95,87.0,10755629,87.00000000000004,82.39189129571673
2017-05-01,87.36,87.74,86.56,87.06,15712266,87.06000000000003,81.85200583307665
2017-05-02,86.71,86.88,86.02,86.5,14414164,86.50000000000003,81.76904137778342
2017-05-03,86.06,87.1,86.02,87.0,11540536,87.00000000000003,81.81052360543003
2017-05-04,87.69,87.73,86.57,87.1,11540103,87.10000000000002,81.81052360543003
2017-05-05,87.25,87.34,86.42,87.0,9436036,87.00000000000003,81.96552360543004
2017-05-08,87.04,87.32,86.65,87.1,8162209,87.10000000000002,81.96552360543004
2017-05-09,87.26,87.84,86.5,86.75,10273937,86.75000000000004,81.86404137778342
2017-05-10,86.53,87.48,86.47,87.43,8334867,87.43000000000005,82.06700583307665
2017-05-11,87.09,87.48,86.35,87.16,10907382,87.16000000000003,82.15302360543004
2017-05-12,86.68,87.05,86.34,86.92,8738802,86.92000000000004,82.15302360543004
2017-05-15,87.1,87.49,86.86,87.34,8835631,87.34000000000003,82.15302360543004
2017-05-16,87.36,88.09,87.34,87.61,9794968,87.61000000000004,82.15302360543004
2017-05-17,86.11,86.39,83.97,84.27,24679728,84.27000000000001,79.26837352336332
2017-05-18,84.07,84.8,83.36,83.96,23350068,83.96000000000001,79.26837352336332
2017-05-19,84.21,85.34,84.15,84.78,13412878,84.78000000000002,79.37767368749671
2017-05-22,85.18,85.29,84.21,84.7,11635998,84.70000000000003,79.37767368749671
2017-05-23,84.75,86.07,84.51,85.76,11753016,85.76000000000005,80.37267368749671
2017-05-24,85.88,85.97,85.24,85.71,9923251,85.71000000000004,80.37267368749671
2017-06-02,82.29,82.99,81.98,82.64,14998489,82.64000000000003,77.86837352336335
2017-06-05,82.64,83.51,82.58,82.79,9080165,82.79000000000003,77.86837352336335
2017-06-06,82.29,83.22,82.13,82.96,12196816,82.96000000000001,78.35189129571671
2017-06-07,83.31,84.11,83.1,83.91,13711071,83.91,78.82485575100992
2017-06-08,83.91,85.73,83.89,84.95,17950964,84.95,79.82619145985008
2017-06-09,85.51,87.05,85.39,86.96,18767497,86.96,81.35915591514329
