,decoded_0,decoded_1,decoded_2,decoded_3
0,0.14749718,0.14785647,0.14466023,0.15172362
1,0.03593421,0.0363338,0.03308654,0.039964437
2,0.02717185,0.02757454,0.024323225,0.03118658
3,0.1340692,0.13443327,0.13123107,0.13827181
4,0.031710148,0.032111168,0.028862,0.035732746
5,0.15491247,0.15526891,0.15207624,0.15915155
6,0.15718746,0.15754294,0.15435171,0.1614306
7,0.24881911,0.2491417,0.24599195,0.25322366
8,0.2811544,0.28146505,0.2783301,0.28561568
9,0.020500422,0.020905495,0.017651081,0.024502993
10,-0.06254053,-0.06210494,-0.0653975,-0.058683872
11,0.15109801,0.15145588,0.14826155,0.15533042
12,0.19092607,0.19126916,0.18809295,0.19522882
13,0.42010474,0.42036438,0.41729355,0.42481065
14,0.4193039,0.41956425,0.41649294,0.42400837
15,0.59255624,0.5927534,0.5897615,0.5975652
16,0.6590688,0.6592417,0.65628004,0.6641946
17,0.48556066,0.48579645,0.48275566,0.49038148
18,0.49129796,0.49153185,0.48849344,0.49612856
19,0.30081344,0.30111694,0.29799128,0.3053093
20,0.46275067,0.46299505,0.45994353,0.4675312
21,0.5057206,0.5059495,0.50291777,0.5105772
22,0.4701903,0.4704318,0.46738386,0.47498393
23,0.43314552,0.43340063,0.430336,0.43787432
24,0.2463162,0.24663925,0.24348855,0.25071597
25,0.3108008,0.31110048,0.30797935,0.3153143
26,0.22874308,0.22907233,0.22591376,0.23311186
27,0.2386136,0.23893976,0.23578548,0.24300027
28,0.2189734,0.21930647,0.21614361,0.22332525
29,0.025412798,0.02581644,0.022564411,0.02942419
30,-0.007448435,-0.0070328712,-0.010300636,-0.0034947395
31,-0.041004658,-0.040576935,-0.04385948,-0.03710985
32,-0.11277938,-0.11232567,-0.115641356,-0.109010935
33,-0.25355554,-0.2530508,-0.25643086,-0.25003457
34,-0.27174497,-0.27123356,-0.27462196,-0.2682562
35,-0.26131678,-0.26080894,-0.26419282,-0.25780964
36,-0.14482355,-0.14435816,-0.14768839,-0.14111185
37,-0.13217759,-0.13171673,-0.13504124,-0.12844324
38,-0.009059668,-0.008643627,-0.011911392,-0.005108595
39,-0.030239344,-0.029815674,-0.033093214,-0.026325703
40,-0.008247614,-0.00783205,-0.011099577,-0.004295349
41,-0.13831449,-0.13785124,-0.14117861,-0.13459086
42,-0.15378118,-0.15331268,-0.15664697,-0.15008521
43,-0.19489813,-0.19441462,-0.19776773,-0.19127417
44,-0.29971313,-0.29919124,-0.30259275,-0.29627347
45,-0.5166986,-0.516098,-0.51959896,-0.5136409
46,-0.19386053,-0.19337702,-0.1967299,-0.19023442
47,-0.31582856,-0.3153007,-0.31870937,-0.31241703
48,-0.4626639,-0.46208286,-0.46555924,-0.45951104
49,-0.6440952,-0.6434481,-0.64700747,-0.64126134
50,-0.69166875,-0.6910045,-0.69458556,-0.6889188
51,-1.0757885,-1.0749846,-1.0787423,-1.073714
52,-1.1409354,-1.1401076,-1.1438951,-1.1389754
53,-1.3913428,-1.390424,-1.3943263,-1.3898233
54,-0.78602266,-0.7853241,-0.78894854,-0.7834387
55,-0.60964227,-0.60900784,-0.61255145,-0.6067481
56,-0.83054423,-0.8298292,-0.83347416,-0.82803845
57,-0.8552668,-0.85454273,-0.8581991,-0.8528044
58,-0.85018253,-0.8494606,-0.8531141,-0.8477113
59,-0.90337324,-0.90263176,-0.9063101,-0.90099573
60,-1.0840819,-1.0832748,-1.0870359,-1.0820222
61,-1.2437913,-1.2429264,-1.246761,-1.2420125
62,-1.1671512,-1.1663139,-1.1701131,-1.1652377
63,-1.2863746,-1.2854939,-1.2893481,-1.2846706
64,-1.5552984,-1.55432,-1.5582974,-1.5540675
65,-1.9961003,-1.9949615,-1.9991411,-1.9956447
66,-1.9765623,-1.9754306,-1.9796014,-1.9760723
67,-2.332592,-2.3313308,-2.3356652,-2.3327284
68,-1.9771874,-1.9760556,-1.9802266,-1.9766985
69,-1.5443496,-1.5433753,-1.5473478,-1.5430992
70,-1.7948123,-1.7937467,-1.797834,-1.7940027
71,-2.2178977,-2.2166784,-2.2209601,-2.2178323
72,-2.329067,-2.3278072,-2.33214,-2.3291972
73,-2.2505794,-2.249348,-2.2536447,-2.2505713
74,-2.177996,-2.1767912,-2.1810544,-2.1778603
75,-2.4133415,-2.412051,-2.4164224,-2.41362
76,-2.7233174,-2.7219143,-2.7264276,-2.7241411
77,-2.9535313,-2.9520445,-2.9566636,-2.95476
78,-3.297172,-3.30091,-3.2464132,-3.3009045
79,-3.297172,-3.30091,-3.2464132,-3.3009045
80,-3.0562308,-3.0544722,-3.0588102,-3.057866
81,-2.6703446,-2.6689606,-2.67345,-2.671075
82,-2.6350245,-2.6336532,-2.6381264,-2.6356928
83,-2.481573,-2.4802575,-2.4846601,-2.4819715
84,-2.4704137,-2.4691026,-2.4735,-2.4707928
85,-2.280467,-2.2792246,-2.283535,-2.2805116
86,-2.62922,-2.627851,-2.6323214,-2.6298783
87,-2.6877007,-2.6863105,-2.6908076,-2.6884618
88,-2.290278,-2.2890325,-2.2933471,-2.29034
89,-2.5590813,-2.5577378,-2.562176,-2.559616
90,-2.5870855,-2.5857317,-2.5901828,-2.5876694
91,-2.9104087,-2.9089375,-2.9135368,-2.9115615
92,-2.7328029,-2.7313962,-2.7359142,-2.7336433
93,-2.7624648,-2.7610474,-2.7655787,-2.7633572
94,-2.923135,-2.9216592,-2.9262643,-2.9243102
95,-3.033794,-3.0322776,-3.0369337,-3.0351636
96,-3.2390137,-3.232476,-3.2103803,-3.2476282
97,-3.2511969,-3.2472312,-3.2195673,-3.258317
98,-3.213946,-3.2018402,-3.190398,-3.2259467
99,-2.9815612,-2.9800642,-2.9846961,-2.982839
100,-2.8953269,-2.893861,-2.8984535,-2.8964531
101,-2.7023842,-2.7009885,-2.7054925,-2.703171
102,-2.7044208,-2.7030244,-2.7075293,-2.7052112
103,-2.6268435,-2.6254754,-2.6299446,-2.6274974
104,-2.825369,-2.8239284,-2.8284888,-2.826372
105,-2.755855,-2.7544398,-2.7589684,-2.7567358
106,-2.7219496,-2.7205467,-2.7250595,-2.7227707
107,-2.6820524,-2.680664,-2.6851587,-2.6828034
108,-2.3634982,-2.362226,-2.3665743,-2.363689
109,-2.297251,-2.2960029,-2.3003206,-2.2973251
110,-2.155499,-2.1543021,-2.158555,-2.1553235
111,-2.0477705,-2.046613,-2.0508165,-2.0474057
112,-2.2454302,-2.2442007,-2.248495,-2.2454133
113,-2.181874,-2.1806676,-2.1849327,-2.1817453
114,-2.222148,-2.220927,-2.2252107,-2.2220902
115,-2.0670981,-2.0659335,-2.0701458,-2.0667672
116,-2.103537,-2.1023593,-2.1065884,-2.1032705
117,-2.1921,-2.19089,-2.19516,-2.1919894
118,-2.2948575,-2.29361,-2.297927,-2.2949276
119,-2.4832363,-2.4819202,-2.4863236,-2.4836376
120,-2.6012733,-2.5999146,-2.604372,-2.6018822
121,-2.5295596,-2.5282269,-2.5326514,-2.5300424
122,-2.482531,-2.4812155,-2.4856186,-2.4829314
123,-2.4729683,-2.471656,-2.4760547,-2.4733515
124,-2.3379078,-2.3366446,-2.3409812,-2.3380535
125,-2.0827446,-2.0815744,-2.085794,-2.0824413
126,-2.0510979,-2.0499392,-2.054144,-2.0507388
127,-2.1274757,-2.1262891,-2.1305294,-2.1272511
128,-2.400044,-2.3987582,-2.4031234,-2.4002988
129,-2.4493282,-2.4480245,-2.4524121,-2.4496698
130,-2.557821,-2.556478,-2.5609155,-2.5583534
131,-2.6858952,-2.6845055,-2.689002,-2.6866531
132,-2.7000494,-2.6986544,-2.7031574,-2.700832
133,-2.8890674,-2.8876038,-2.8921933,-2.8901825
134,-2.8674097,-2.865954,-2.8705335,-2.8684866
135,-2.8251762,-2.8237357,-2.8282962,-2.826179
136,-2.998946,-2.9974425,-3.0020823,-3.0002544
137,-3.1275878,-3.1208303,-3.118227,-3.1341512
138,-3.052977,-3.0514464,-3.056101,-3.0543876
139,-3.127211,-3.12048,-3.1179132,-3.1337485
140,-2.8376448,-2.8362,-2.840766,-2.8386695
141,-2.9196382,-2.9181635,-2.9227672,-2.9208074
142,-2.9530604,-2.9515734,-2.9561925,-2.954288
143,-3.0056546,-3.0041485,-3.0087917,-3.0069747
144,-2.9442818,-2.9427984,-2.9474132,-2.9454942
145,-2.9221826,-2.920707,-2.9253118,-2.923356
146,-2.7438135,-2.7424026,-2.7469256,-2.7446733
147,-2.6667109,-2.6653283,-2.669816,-2.6674352
148,-2.6645555,-2.6631737,-2.6676602,-2.665276
149,-2.765689,-2.7642703,-2.7688034,-2.7665873
150,-2.8447323,-2.8432846,-2.847854,-2.8457694
151,-2.8062449,-2.8048115,-2.8093631,-2.8072145
152,-2.776828,-2.7754054,-2.7799435,-2.7777457
153,-2.9384923,-2.9370108,-2.941623,-2.9396944
154,-2.9940193,-2.9925175,-2.9971552,-2.995319
155,-2.9774597,-2.975964,-2.9805942,-2.9787304
156,-3.0712204,-3.0684118,-3.0712917,-3.073891
157,-2.9684641,-2.9669719,-2.971598,-2.9697192
158,-3.030555,-3.0290399,-3.0336945,-3.031919
159,-2.9650044,-2.9635134,-2.9681377,-2.9662533
160,-2.963899,-2.962408,-2.967032,-2.9651456
161,-3.0111463,-3.0096383,-3.014284,-3.0124762
162,-3.109607,-3.1041093,-3.103255,-3.1149287
163,-3.297172,-3.30091,-3.2464132,-3.3009045
164,-3.2879758,-3.2917745,-3.2473009,-3.2905843
165,-3.2083619,-3.1959457,-3.185485,-3.2205038
166,-3.297172,-3.30091,-3.2464132,-3.3009045
167,-3.297172,-3.30091,-3.2464132,-3.3009045
168,-3.297172,-3.30091,-3.2464132,-3.3009045
169,-3.2948418,-3.2986505,-3.2468548,-3.298227
170,-3.297172,-3.30091,-3.2464132,-3.3009045
171,-3.16245,-3.1532502,-3.1472554,-3.171421
172,-3.0231724,-3.02166,-3.0263112,-3.0245235
173,-2.992107,-2.9906058,-2.9952428,-2.9934034
174,-2.9312491,-2.9297702,-2.934379,-2.9324384
175,-2.897451,-2.8959844,-2.900578,-2.898581
176,-2.9652197,-2.9637284,-2.968353,-2.966469
177,-2.8793116,-2.8778515,-2.8824365,-2.8804095
178,-2.6569746,-2.6555953,-2.6600785,-2.6576815
179,-2.721261,-2.7198586,-2.7243712,-2.7220812
180,-2.6178498,-2.6164849,-2.62095,-2.6184878
181,-2.5366044,-2.535269,-2.539697,-2.5370996
182,-2.7254143,-2.7240105,-2.728525,-2.7262418
183,-2.7627602,-2.7613425,-2.7658744,-2.7636533
184,-2.7375774,-2.7361689,-2.7406893,-2.7384262
185,-2.5175366,-2.5162082,-2.5206273,-2.5179982
186,-2.4114275,-2.4101377,-2.4145083,-2.4117026
187,-2.2665353,-2.2652984,-2.2696023,-2.2665555
188,-2.2752705,-2.2740302,-2.278338,-2.2753057
189,-2.3925693,-2.3912864,-2.395648,-2.3928113
190,-2.3271565,-2.3258975,-2.330229,-2.3272834
191,-2.0898752,-2.0887024,-2.092925,-2.0895846
192,-2.0665221,-2.0653577,-2.0695696,-2.0661902
193,-1.9869621,-1.9858266,-1.9900024,-1.9864904
194,-1.9779924,-1.9768603,-1.9810319,-1.9775051
195,-2.0146234,-2.0134778,-2.017666,-2.0142002
196,-2.1894531,-2.188244,-2.1925125,-2.1893377
197,-2.2206545,-2.219434,-2.2237167,-2.220594
198,-2.2174153,-2.2161963,-2.2204776,-2.217349
199,-2.1661935,-2.1649928,-2.1692505,-2.166037
200,-2.2537217,-2.2524893,-2.2567873,-2.2537193
201,-2.324197,-2.322939,-2.3272693,-2.3243186
202,-2.2987485,-2.2974997,-2.3018184,-2.2988253
203,-2.0906248,-2.0894518,-2.0936751,-2.0903356
204,-1.8495615,-1.848476,-1.8525885,-1.8488482
205,-1.7172093,-1.7161721,-1.7202239,-1.7162634
206,-1.6839225,-1.6828973,-1.6869338,-1.6829177
207,-1.4464674,-1.4455287,-1.4494563,-1.4450452
208,-1.4420719,-1.4411347,-1.4450601,-1.4406418
209,-1.4703369,-1.4693892,-1.4733279,-1.4689565
210,-1.5149359,-1.5139722,-1.517931,-1.5136341
211,-1.5219868,-1.5210207,-1.5249829,-1.5206972
212,-1.686559,-1.6855328,-1.6895705,-1.6855589
213,-1.6142919,-1.613292,-1.6172965,-1.6131647
214,-1.6257114,-1.6247075,-1.6287172,-1.6246043
215,-1.3636787,-1.3627701,-1.3666596,-1.3621106
216,-1.3722793,-1.3713675,-1.3752611,-1.3707265
217,-1.4590183,-1.4580749,-1.4620084,-1.457618
218,-1.4977009,-1.4967434,-1.5006946,-1.4963686
219,-1.518939,-1.5179739,-1.5219346,-1.517644
220,-1.5421904,-1.5412169,-1.5451883,-1.5409365
221,-1.3141859,-1.3132952,-1.3171622,-1.3125308
222,-1.1478224,-1.1469922,-1.1507823,-1.1458747
223,-0.936852,-0.9360986,-0.93979216,-0.9345331
224,-0.9590466,-0.95828485,-0.9619889,-0.95676684
225,-0.9852989,-0.9845276,-0.9882436,-0.9830651
226,-1.0158982,-1.015116,-1.018846,-1.0137184
227,-0.9412222,-0.9404671,-0.94416285,-0.93891096
228,-1.0557427,-1.054946,-1.0586941,-1.053633
229,-1.0929425,-1.0921321,-1.0958974,-1.0908983
230,-0.9832027,-0.98243237,-0.9861474,-0.98096514
231,-0.9455478,-0.9447911,-0.9484887,-0.9432442
232,-0.8466213,-0.84590054,-0.84955263,-0.8441441
233,-0.97805333,-0.9772849,-0.98099756,-0.9758072
234,-1.1112168,-1.1103997,-1.1141734,-1.1092048
235,-1.1757963,-1.1749558,-1.1787593,-1.173898
236,-1.237052,-1.2361894,-1.2400205,-1.2352612
237,-1.2108464,-1.2099929,-1.2138126,-1.2090096
238,-1.203265,-1.2024145,-1.2062306,-1.2014148
239,-1.3434212,-1.34252,-1.3464003,-1.3418174
240,-1.2766261,-1.275749,-1.2795988,-1.274905
241,-1.1129649,-1.1121473,-1.115922,-1.1109557
242,-1.0087287,-1.0079494,-1.0116761,-1.0065365
243,-0.9961307,-0.9953556,-0.9990766,-0.99391603
244,-0.96845675,-0.9676919,-0.9714,-0.96619344
245,-1.0204678,-1.0196838,-1.023416,-1.018296
246,-1.1558967,-1.1550636,-1.1588578,-1.1539633
247,-1.1931088,-1.1922617,-1.1960733,-1.1912408
248,-1.2282984,-1.2274389,-1.2312663,-1.2264922
249,-1.2967474,-1.2958632,-1.299722,-1.2950618
250,-1.254904,-1.2540348,-1.2578744,-1.2531445
251,-1.2752211,-1.2743444,-1.2781934,-1.2734973
252,-1.3902292,-1.389311,-1.3932128,-1.388708
253,-1.2704101,-1.2695353,-1.273382,-1.268678
254,-1.1331439,-1.132319,-1.1361027,-1.1311703
255,-1.003145,-1.0023675,-1.0060916,-1.000943
256,-0.94411135,-0.9433551,-0.947052,-0.94180536
257,-0.73874617,-0.73806477,-0.7416675,-0.736079
258,-0.6321907,-0.6315479,-0.63510203,-0.6293359
259,-0.69427085,-0.6936054,-0.6971879,-0.6915252
260,-0.6084297,-0.6077955,-0.6113384,-0.60553336
261,-0.47723246,-0.47664595,-0.480129,-0.47410512
262,-0.39720368,-0.3966465,-0.40009236,-0.39393568
263,-0.3458755,-0.3453369,-0.3487594,-0.3425169
264,-0.40523887,-0.40467882,-0.40812826,-0.40198493
265,-0.41375947,-0.4131961,-0.41664958,-0.41052055
266,-0.2739427,-0.27343035,-0.2768197,-0.27045774
267,-0.24974036,-0.24923706,-0.25261545,-0.24621296
268,-0.11784744,-0.117391825,-0.12070966,-0.11408806
269,-0.2373259,-0.2368269,-0.24019957,-0.23377681
270,-0.26555204,-0.26504278,-0.26842856,-0.2620523
271,-0.2740147,-0.27350235,-0.27689195,-0.27053
272,-0.18460488,-0.18412495,-0.1874733,-0.1809628
273,-0.15221143,-0.15174341,-0.15507698,-0.1485126
274,-0.25966263,-0.25915527,-0.26253843,-0.25615263
275,-0.18879151,-0.18830991,-0.19166017,-0.18515682
276,-0.15151119,-0.15104318,-0.1543765,-0.1478107
277,-0.35898185,-0.3584385,-0.36186695,-0.35564613
278,-0.41402364,-0.41346025,-0.416914,-0.4107852
279,-0.48403215,-0.48344326,-0.48692918,-0.48091698
280,-0.36334467,-0.36279988,-0.36623025,-0.36001706
281,-0.3882408,-0.38768697,-0.39112878,-0.38495708
282,-0.2652266,-0.26471758,-0.26810312,-0.26172662
283,-0.36507583,-0.3645301,-0.36796165,-0.36175108
284,-0.2928686,-0.29234934,-0.29574752,-0.28941703
285,-0.3755138,-0.37496448,-0.37840056,-0.37220764
286,-0.38115907,-0.3806076,-0.38404655,-0.37786293
287,-0.5547092,-0.5540948,-0.5576129,-0.551718
288,-0.5042484,-0.50365233,-0.5071473,-0.5011685
289,-0.6397543,-0.63910866,-0.6426661,-0.6369128
290,-0.60443354,-0.6038008,-0.60734177,-0.6015301
291,-0.47374153,-0.47315645,-0.4766376,-0.470608
292,-0.2802093,-0.2796948,-0.28308702,-0.27673578
293,-0.17772508,-0.17724776,-0.18059301,-0.17407107
294,-0.12870574,-0.1282463,-0.13156867,-0.12496543
295,-0.06853056,-0.06809282,-0.071388006,-0.06468415
296,-0.0667007,-0.066263676,-0.06955814,-0.06285119
297,-0.16291308,-0.16244078,-0.16577935,-0.15923285
298,-0.13473892,-0.13427734,-0.1376028,-0.1310091
299,-0.034377575,-0.033952475,-0.037231922,-0.030471087
300,0.1510539,0.15141153,0.14821696,0.15528631
301,0.10319877,0.10357404,0.10035777,0.10734677
302,0.07862759,0.07901192,0.07578421,0.08273268
303,0.09383464,0.094213486,0.09099245,0.09796667
304,0.09816861,0.09854603,0.09532714,0.10230827
305,-0.04901457,-0.048583984,-0.051870108,-0.045134068
306,-0.15825057,-0.15778017,-0.1611166,-0.15456223
307,-0.2243936,-0.22389936,-0.22726631,-0.22082162
308,-0.1333754,-0.13291407,-0.13623905,-0.12964296
309,-0.13994193,-0.1394782,-0.14280629,-0.13622117
310,-0.33404088,-0.33350658,-0.33692384,-0.33066177
311,-0.33698916,-0.3364539,-0.33987212,-0.33361483
312,-0.25600624,-0.25550032,-0.25888157,-0.25248957
313,-0.05056715,-0.05013585,-0.05342269,-0.046689034
314,0.028199434,0.028601646,0.025351048,0.032215834
315,0.052118063,0.052511692,0.049271822,0.056176662
316,0.03723502,0.037634373,0.03438711,0.041267395
317,0.055182457,0.05557537,0.05233693,0.0592463
318,0.14504576,0.14540577,0.14220834,0.14926791
319,0.2676859,0.26800132,0.26486063,0.27212334
320,0.23658109,0.23690796,0.23375249,0.24096417
321,0.25098586,0.25130725,0.24815845,0.25539398
322,0.35210776,0.35239267,0.34929085,0.35669422
323,0.3374889,0.33777905,0.3346703,0.34204936
324,0.29065442,0.2909615,0.28783107,0.29513264
325,0.41373158,0.41399384,0.41091967,0.41842604
326,0.27984977,0.2801609,0.27702546,0.28430867
327,0.20841622,0.20875311,0.205585,0.21274972
328,-0.034705877,-0.034280777,-0.0375607,-0.030800343
329,0.16087055,0.16122484,0.15803504,0.16512036
330,0.03728032,0.037679672,0.034433126,0.041312933
331,0.039242983,0.03964138,0.03639579,0.043278456
332,0.0710032,0.07139015,0.068158865,0.07509494
333,0.035963774,0.0363636,0.03311634,0.039993763
334,0.17362761,0.17397738,0.17079258,0.17790008
335,0.26745725,0.2677722,0.2646315,0.27189422
336,0.37014413,0.37042236,0.36732817,0.37476206
337,0.4243791,0.42463732,0.4215684,0.4290924
338,0.42004776,0.42030764,0.41723657,0.4247532
339,0.39863443,0.39890218,0.3958211,0.40330243
340,0.5434234,0.54363847,0.54062366,0.5483458
341,0.5524993,0.55271125,0.549701,0.5574379
342,0.5528438,0.5530553,0.550045,0.5577829
343,0.49555612,0.49578857,0.4927523,0.50039506
344,0.3973105,0.39757872,0.3944974,0.40197563
345,0.46716595,0.4674089,0.46435976,0.4719541
346,0.44431138,0.44456267,0.44150305,0.44905972
347,0.41746593,0.41772652,0.4146545,0.42216706
348,0.36502647,0.36530685,0.36221027,0.36963558
349,0.0187366,0.019142628,0.01588726,0.022736311
350,0.15802765,0.1583829,0.15519142,0.16227245
351,0.22795534,0.22828555,0.2251265,0.23232365
352,0.34921336,0.349499,0.34639597,0.35379434
353,0.40498757,0.40525317,0.40217543,0.40966702
354,0.37938356,0.37965822,0.37656856,0.3840177
355,0.3569734,0.3572564,0.35415602,0.36156845
356,0.29139972,0.29170632,0.2885759,0.29587913
357,0.17830157,0.17864943,0.17546749,0.1825819
358,0.16197705,0.1623311,0.15914178,0.16622901
359,0.21279287,0.21312833,0.20996189,0.217134
360,0.2191608,0.21949387,0.216331,0.22351313
361,0.19671917,0.19706059,0.193887,0.20103216
362,0.13507795,0.13544178,0.13223958,0.13928223
363,0.0475533,0.047948837,0.044706583,0.051603556
364,-0.061890125,-0.06145501,-0.06474733,-0.058032274
365,-0.10620475,-0.10575342,-0.10906601,-0.10242462
366,-0.08085179,-0.08040953,-0.08371067,-0.07702708
367,-0.045750856,-0.045321465,-0.048606157,-0.041864634
368,0.0440619,0.04445839,0.041214943,0.048106194
369,0.08382869,0.08421087,0.080985785,0.08794308
370,0.05517125,0.055564165,0.052325726,0.059235334
371,0.049133778,0.0495286,0.046287537,0.053186893
372,0.14831471,0.14867377,0.14547801,0.15254235
373,0.18297601,0.18332243,0.1801424,0.18726468
374,0.29374552,0.29405165,0.29092264,0.29822898
375,0.37065983,0.37093782,0.36784387,0.37527847
376,0.366601,0.36688042,0.36378503,0.37121272
377,0.34135842,0.34164715,0.33853984,0.3459258
378,0.4099176,0.41018105,0.40710545,0.41460562
379,0.35284162,0.3531263,0.35002422,0.35742903
380,0.18070412,0.18105125,0.17787051,0.18498898
381,0.17084336,0.17119408,0.16800857,0.17511058
382,0.11677766,0.11714792,0.113937855,0.12094998
383,0.048074245,0.048469543,0.045228004,0.052125454
384,0.0754323,0.075817585,0.072588444,0.07953191
385,0.016723394,0.017129898,0.013873816,0.020719767
386,-0.10501075,-0.1045599,-0.10787153,-0.101228476
387,-0.2827108,-0.2821951,-0.2855885,-0.27924132
388,-0.29452038,-0.29400063,-0.29739952,-0.29107165
389,-0.3446591,-0.34412098,-0.347543,-0.34129882
390,-0.44664192,-0.44606686,-0.4495356,-0.44346094
391,-0.3769958,-0.376446,-0.3798828,-0.37369227
392,-0.4460237,-0.44544888,-0.4489174,-0.44284177
393,-0.4507239,-0.45014715,-0.4536178,-0.44755006
394,-0.3428352,-0.34229755,-0.34571886,-0.33947158
395,-0.28315783,-0.2826419,-0.28603578,-0.27968907
396,-0.31011534,-0.30958962,-0.31299567,-0.3066938
397,-0.59288216,-0.5922537,-0.59578943,-0.5899582
398,-0.62466574,-0.6240258,-0.6275761,-0.62179804
399,-0.6039102,-0.6032777,-0.6068187,-0.60100555
400,-0.50197315,-0.50137806,-0.5048723,-0.49888945
401,-0.42488766,-0.42432022,-0.4277792,-0.42166853
402,-0.37946296,-0.37891197,-0.38234997,-0.37616372
403,-0.2601037,-0.25959635,-0.2629795,-0.25659442
404,-0.29850793,-0.29798698,-0.30138755,-0.29506636
405,-0.47911525,-0.47852826,-0.4820118,-0.47599125
406,-0.3316207,-0.3310876,-0.3345034,-0.3282373
407,-0.35068798,-0.3501475,-0.35357213,-0.3473382
408,-0.32536173,-0.32483053,-0.32824397,-0.32196712
409,-0.30511022,-0.3045864,-0.30799007,-0.30167985
410,-0.24751115,-0.24700832,-0.25038576,-0.24397993
411,-0.1366899,-0.13622713,-0.13955355,-0.13296342
412,-0.15247369,-0.15200567,-0.15533948,-0.14877534
413,-0.13815069,-0.13768768,-0.14101434,-0.13442683
414,-0.18760848,-0.18712735,-0.19047737,-0.18397164
415,-0.19668555,-0.19620132,-0.19955564,-0.19306469
416,-0.067055225,-0.066617966,-0.06991243,-0.063206434
417,-0.057414055,-0.05698037,-0.060270548,-0.053548336
418,-0.046696663,-0.046266794,-0.049551964,-0.04281211
419,-0.04247117,-0.04204297,-0.045325994,-0.038579226
420,-0.056514263,-0.05608082,-0.059370518,-0.052646637
421,-0.109924555,-0.1094718,-0.112786055,-0.10615134
422,-0.09515333,-0.09470606,-0.09801316,-0.09135389
423,-0.012756586,-0.012339115,-0.015608788,-0.008811951
424,0.0018765926,0.00228858,-0.0009739399,0.0058465004
425,-0.008514643,-0.008098602,-0.011366129,-0.0045628548
426,-0.11000943,-0.10955691,-0.11287093,-0.10623622
427,-0.09948349,-0.09903431,-0.1023438,-0.09569168
428,-0.092525005,-0.092078686,-0.095385075,-0.08872056
429,-0.20110822,-0.20062232,-0.20397854,-0.19749522
430,-0.16799927,-0.16752553,-0.17086625,-0.1643281
431,-0.04865098,-0.048220634,-0.051506758,-0.044769526
432,-0.0070729256,-0.0066576004,-0.009924412,-0.0031187534
433,-0.010782957,-0.01036644,-0.01363492,-0.0068354607
434,0.039763212,0.040161133,0.03691578,0.043799877
435,0.17857909,0.1789267,0.17574501,0.1828599
436,0.18020892,0.1805563,0.17737532,0.18449283
437,0.27616453,0.27647686,0.27333975,0.280617
438,0.3187878,0.31908464,0.31596708,0.32331514
439,0.28536367,0.28567266,0.28253984,0.28983212
440,0.27206397,0.2723775,0.26923895,0.27650928
441,0.30617642,0.30647802,0.30335426,0.31068206
442,0.21598935,0.21632385,0.21315908,0.22033644
443,0.037127733,0.037527084,0.0342803,0.04115963
444,0.07736087,0.07774544,0.07451701,0.081463814
445,0.091676,0.09205532,0.08883381,0.09580374
446,0.005509138,0.0059199333,0.002658844,0.009485483
447,-0.010085106,-0.009668827,-0.012937307,-0.006136179
448,0.067503214,0.0678916,0.0646584,0.07158899
449,-0.021126509,-0.0207057,-0.023979425,-0.017196655
450,-0.15778089,-0.15731049,-0.16064668,-0.15409136
451,-0.15568042,-0.15521097,-0.15854621,-0.15198755
452,-0.114013195,-0.11355877,-0.116874695,-0.1102469
453,-0.18690753,-0.18642664,-0.18977618,-0.18326974
454,-0.16762114,-0.16714716,-0.17048812,-0.16394925
455,-0.33743596,-0.33690023,-0.34031916,-0.33406234
456,-0.42949796,-0.42892885,-0.43238997,-0.42628694
457,-0.5475557,-0.54694366,-0.5504589,-0.54455185
458,-0.39422202,-0.3936658,-0.39711046,-0.39094877
459,-0.38614488,-0.3855915,-0.38903236,-0.38285732
460,-0.41099977,-0.41043758,-0.41389012,-0.4077561
461,-0.3280952,-0.3275633,-0.33097744,-0.32470536
462,-0.38930368,-0.38874912,-0.39219165,-0.3860216
463,-0.55586123,-0.55524635,-0.5587652,-0.5528722
464,-0.52703166,-0.52642727,-0.52993274,-0.5239923
465,-0.63790345,-0.63725877,-0.64081526,-0.63505864
466,-0.6094377,-0.6088033,-0.6123469,-0.6065433
467,-0.632231,-0.6315882,-0.6351423,-0.6293762
468,-0.78229165,-0.7815943,-0.78521705,-0.779701
469,-0.7638824,-0.76319194,-0.7668061,-0.7612593
470,-0.7537372,-0.7530501,-0.75665975,-0.75109625
471,-0.5534637,-0.55284953,-0.55636716,-0.55047035
472,-0.57091236,-0.570292,-0.57381773,-0.5679498
473,-0.64440346,-0.6437564,-0.64731574,-0.6415703
474,-0.6324923,-0.6318493,-0.6354034,-0.62963796
475,-0.54711366,-0.54650164,-0.55001664,-0.5441091
476,-0.55718493,-0.5565696,-0.56008863,-0.55419827
477,-0.7271037,-0.7264266,-0.73002386,-0.72441626
478,-0.6614468,-0.66079354,-0.664361,-0.6586437
479,-0.6375625,-0.6369176,-0.6404741,-0.634717
480,-0.63066053,-0.63001823,-0.6335714,-0.6278031
481,-0.50117517,-0.5005801,-0.5040741,-0.49809003
482,-0.4516728,-0.45109582,-0.45456672,-0.44850087
483,-0.47016644,-0.4695828,-0.47306252,-0.4670267
484,-0.42202783,-0.42146158,-0.42491913,-0.41880345
485,-0.39707756,-0.3965206,-0.39996672,-0.39380908
486,-0.2304666,-0.22996998,-0.23333931,-0.22690535
487,-0.17268658,-0.17221117,-0.17555404,-0.16902375
488,-0.20381904,-0.20333195,-0.2066896,-0.20021081
489,-0.19773316,-0.19724846,-0.20060301,-0.19411397
490,-0.24547052,-0.24496841,-0.24834466,-0.24193573
491,-0.21382332,-0.21333289,-0.2166946,-0.21023273
492,-0.29098558,-0.2904668,-0.29386425,-0.28753066
493,-0.47142243,-0.47083855,-0.47431827,-0.46828485
494,-0.4921205,-0.49152875,-0.49501824,-0.48901963
495,-0.54095674,-0.5403471,-0.54385924,-0.53794146
496,-0.50039077,-0.4997959,-0.50328946,-0.4973042
497,-0.5114682,-0.5108695,-0.51436806,-0.50840116
498,-0.42691946,-0.42635155,-0.429811,-0.4237039
499,-0.38966417,-0.3891096,-0.39255214,-0.38638282
500,-0.30638766,-0.30586338,-0.30926776,-0.30295944
501,-0.30710483,-0.30658007,-0.30998516,-0.30367804
502,-0.24350429,-0.24300289,-0.24637842,-0.23996592
503,-0.32115388,-0.32062435,-0.3240354,-0.31775212
504,-0.37594962,-0.37540007,-0.3788364,-0.37264395
505,-0.47391057,-0.4733255,-0.47680664,-0.47077727
506,-0.41752934,-0.416965,-0.42042017,-0.4142971
507,-0.32464242,-0.32411146,-0.32752442,-0.32124662
508,-0.29267716,-0.29215813,-0.29555607,-0.28922534
509,-0.18373251,-0.18325281,-0.18660069,-0.180089
510,-0.15528798,-0.15481877,-0.15815401,-0.1515944
511,-0.1409719,-0.1405077,-0.14383626,-0.13725281
512,-0.102189064,-0.10173893,-0.10504985,-0.098401785
513,-0.10346103,-0.10301018,-0.10632157,-0.09967637
514,-0.11974096,-0.11928463,-0.12260318,-0.11598468
515,-0.0052006245,-0.004786253,-0.008052349,-0.0012433529
516,0.056008577,0.056401253,0.05316305,0.060073853
517,0.06450391,0.064893246,0.06165886,0.06858373
518,0.066632986,0.06702185,0.06378865,0.07071686
519,0.093871355,0.0942502,0.091029406,0.09800339
520,0.1305902,0.13095546,0.12775183,0.13478708
521,0.09252477,0.09290409,0.08968258,0.096654415
522,0.03507209,0.035471916,0.03222418,0.039100647
523,-0.108481646,-0.108029604,-0.111343384,-0.10470581
524,-0.09005618,-0.08961058,-0.092915535,-0.08624768
525,-0.10368037,-0.10322976,-0.10654092,-0.099895716
526,-0.09257245,-0.09212589,-0.09543204,-0.08876848
527,-0.081351995,-0.08090925,-0.084210634,-0.077528
528,-0.07398343,-0.073544025,-0.07684159,-0.0701468
529,-0.14285207,-0.14238739,-0.14571667,-0.13913655
530,-0.14510107,-0.14463568,-0.14796591,-0.14138985
531,-0.21298337,-0.21249318,-0.21585464,-0.20939112
532,-0.2584455,-0.2579391,-0.26132154,-0.2549336
533,-0.25592542,-0.25541973,-0.2588005,-0.25240922
534,-0.26440883,-0.2638998,-0.26728463,-0.26090693
535,-0.20282388,-0.20233727,-0.20569396,-0.1992135
536,-0.2889123,-0.28839445,-0.29179072,-0.2854538
537,-0.2636876,-0.26317883,-0.26656365,-0.26018476
538,-0.16721773,-0.16674423,-0.17008471,-0.1635449
539,-0.14503169,-0.14456606,-0.14789629,-0.14131975
540,-0.024551868,-0.024130344,-0.0274055,-0.020628214
541,0.007844925,0.008255005,0.004994869,0.0118255615
542,-0.07851052,-0.07806921,-0.08136916,-0.07468176
543,-0.065161705,-0.06472516,-0.068018675,-0.061309338
544,-0.039220333,-0.038793325,-0.042075157,-0.035322666
545,0.079054594,0.07943869,0.07621145,0.0831604
546,0.12254453,0.122912884,0.11970544,0.12672663
547,0.13564157,0.13600492,0.13280344,0.13984728
548,0.10501695,0.105391264,0.10217571,0.109167814
549,0.18506789,0.18541336,0.18223453,0.18936014
550,0.2065165,0.20685387,0.20368505,0.21084642
551,0.24055457,0.24087977,0.23772621,0.2449441
552,0.265054,0.26537037,0.262228,0.2694869
553,0.24990678,0.25022864,0.24707937,0.25431347
554,0.34718943,0.347476,0.3443718,0.3517673
555,0.30957055,0.30987072,0.30674887,0.3140819
556,0.3543632,0.35464716,0.3515458,0.35895324
557,0.33411527,0.3344066,0.3312962,0.33866978
558,0.44806552,0.44831514,0.4452572,0.45282054
559,0.4362421,0.43649626,0.43343258,0.44097614
560,0.558295,0.5585048,0.5554974,0.5632441
561,0.5508721,0.5510845,0.54807377,0.55580807
562,0.56796765,0.5681739,0.56517076,0.5729337
563,0.6554966,0.65567064,0.65270805,0.66061616
564,0.63443255,0.63461447,0.63164234,0.63951516
565,0.7044103,0.70456696,0.70162654,0.7096164
566,0.8531916,0.8532944,0.8504219,0.858659
567,0.8491943,0.849298,0.8464246,0.8546541
568,0.78871036,0.788836,0.78593445,0.7940643
569,0.819649,0.8197632,0.81687593,0.82505727
570,0.7694671,0.7696004,0.7666893,0.77478814
571,0.80764604,0.807765,0.80487204,0.8130338
572,0.782202,0.78233004,0.7794256,0.78754497
573,0.80906034,0.8091788,0.8062868,0.81445
574,0.8075092,0.80762863,0.80473566,0.8128965
575,0.73689914,0.7370434,0.73411775,0.742162
576,0.6584816,0.6586547,0.65569305,0.6636069
577,0.61736345,0.61755157,0.6145711,0.622416
578,0.7726228,0.77275467,0.76984596,0.77794814
579,0.80849195,0.80861044,0.80571795,0.81388116
580,0.936023,0.93609476,0.93326044,0.94163585
581,1.0979202,1.0979338,1.0951743,1.1038177
582,1.2365501,1.2365136,1.2338171,1.2426918
583,1.250016,1.2499738,1.2472844,1.2561815
584,1.2235105,1.2234783,1.2207761,1.2296293
585,1.1368859,1.1368852,1.1341434,1.1428525
586,1.1872947,1.1872754,1.184557,1.1933496
587,1.0742319,1.0742536,1.0714836,1.0800879
588,1.008024,1.00807,1.005269,1.0137641
589,0.8895471,0.8896365,0.8867812,0.8950789
590,0.7233627,0.72351265,0.7205808,0.7286022
591,0.77472806,0.77485895,0.7719512,0.78005815
592,0.77873874,0.7788682,0.7759619,0.784075
593,0.76073194,0.76086855,0.75795364,0.7660372
594,0.6224613,0.62264776,0.6196699,0.6275232
595,0.60440946,0.60460234,0.60161614,0.60943913
596,0.6304891,0.63067245,0.6276982,0.63556504
597,0.5663364,0.5665436,0.56353974,0.5712993
598,0.5957501,0.5959461,0.5929556,0.600765
599,0.60171723,0.60191154,0.59892344,0.6067424
600,0.6354492,0.63563085,0.6326587,0.6405337
601,0.7524307,0.7525697,0.7496517,0.7577207
602,0.74197745,0.74212074,0.73919773,0.74724984
603,0.728925,0.72907305,0.7261431,0.734174
604,0.69966125,0.69981956,0.69687676,0.704859
605,0.65795255,0.65812635,0.6551647,0.6630771
606,0.6429734,0.6431525,0.6401837,0.64807105
607,0.6205468,0.62073374,0.61775494,0.62560487
608,0.71122336,0.71137667,0.70843935,0.71644044
609,0.72226787,0.7224183,0.71948576,0.72750545
610,0.6411226,0.6413021,0.63833284,0.64621735
611,0.5170963,0.51732063,0.5142944,0.5219724
612,0.4595003,0.45974588,0.45669293,0.46427536
613,0.4453163,0.44556713,0.44250774,0.45006657
614,0.54239845,0.54261374,0.5395987,0.5473194
615,0.60316753,0.6033611,0.60037446,0.6081953
616,0.5873833,0.58758235,0.5845876,0.5923829
617,0.53292036,0.5331392,0.53012013,0.5378244
618,0.4396515,0.4399042,0.43684244,0.4443915
619,0.5332329,0.53345156,0.5304327,0.53813744
620,0.5828855,0.583086,0.58009005,0.5878775
621,0.59574366,0.59593964,0.59294915,0.6007581
622,0.69043565,0.69059706,0.6876502,0.69561696
623,0.7879002,0.78802633,0.7851243,0.7932527
624,0.8263662,0.8264785,0.8235941,0.8317869
625,0.8599746,0.8600745,0.85720587,0.86545444
626,0.8472016,0.8473067,0.8444314,0.8526585
627,0.8065245,0.80664396,0.803751,0.8119099
628,0.8342426,0.834352,0.83147144,0.8396766
629,0.9523704,0.9524369,0.9496107,0.95801234
630,1.035752,1.035788,1.0329995,1.0415409
631,1.0294569,1.0294948,1.0267034,1.0352337
632,1.0168335,1.0168767,1.0140796,1.022589
633,1.0141742,1.0142183,1.0114202,1.0199249
634,1.060561,1.0605879,1.0578113,1.0663931
635,0.975796,0.9758544,0.9730382,0.9814789
636,0.9231198,0.92319727,0.9203572,0.9287102
637,0.8876331,0.88772297,0.8848667,0.89316106
638,0.88887906,0.88896894,0.8861127,0.8944094
639,0.87900615,0.87909937,0.8762393,0.88451886
640,0.88466716,0.8847585,0.88190126,0.89019084
641,0.81850743,0.8186226,0.8157344,0.8239143
642,0.7260263,0.72617483,0.7232444,0.73127055
643,0.74864364,0.74878454,0.74586415,0.75392747
644,0.8712137,0.87130976,0.8684459,0.87671304
645,0.8509829,0.85108614,0.8482127,0.856447
646,0.7653544,0.7654891,0.76257706,0.7706673
647,0.7157147,0.7158675,0.7129321,0.72094035
648,0.54129434,0.5415101,0.5384948,0.54621315
649,0.49009323,0.49032784,0.48728895,0.49492216
650,0.60297203,0.6031656,0.6001787,0.60799956
651,0.57547736,0.57568073,0.57268095,0.58045626
652,0.60403776,0.6042309,0.60124445,0.60906696
653,0.66204906,0.66222095,0.659261,0.6671803
654,0.75681186,0.7569494,0.7540331,0.76211
655,0.7579591,0.7580962,0.75518036,0.7632587
656,0.60328317,0.6034765,0.6004894,0.6083112
657,0.56269,0.56289816,0.5598922,0.5676465
658,0.51351476,0.5137408,0.5107126,0.51838493
659,0.5580878,0.55829763,0.5552902,0.56303596
660,0.65231466,0.6524899,0.6495254,0.65742874
661,0.7125871,0.7127409,0.7098043,0.71780753
662,0.5946696,0.5948663,0.59187555,0.59968257
663,0.646894,0.64707136,0.6441047,0.65199876
664,0.73011994,0.73026705,0.72733855,0.7353704
665,0.70437026,0.7045269,0.70158577,0.7095759
666,0.7879994,0.7881255,0.7852235,0.7933519
667,0.8788259,0.8789191,0.87605953,0.8843391
668,0.8290975,0.82920885,0.8263259,0.83452296
669,0.7039726,0.7041292,0.70118856,0.70917726
670,0.671366,0.6715343,0.6685786,0.6765137
671,0.5243969,0.5246186,0.5215955,0.5292859
672,0.4803865,0.4806242,0.47758102,0.4851985
673,0.32509685,0.3253913,0.32227683,0.32963538
674,0.3540101,0.3542943,0.3511932,0.35859942
675,0.43434978,0.43460488,0.4315405,0.43908048
676,0.50713086,0.50735927,0.50432825,0.51198983
677,0.50585103,0.5060799,0.50304794,0.51070786
678,0.5668175,0.56702423,0.56402063,0.57178116
679,0.62446046,0.6246462,0.6216693,0.62952614
680,0.6230562,0.6232424,0.62026453,0.62811875
681,0.5970433,0.597239,0.59424925,0.6020601
682,0.71195865,0.7121124,0.7091758,0.7171781
683,0.77250266,0.7726345,0.7697258,0.777828
684,0.83318067,0.8332906,0.8304095,0.8386133
685,0.9556992,0.9557648,0.95294,0.96134734
686,1.0161822,1.0162253,1.0134282,1.0219362
687,1.0354135,1.0354495,1.0326614,1.0412014
688,1.0641806,1.0642066,1.0614309,1.07002
689,1.0602477,1.0602756,1.0574985,1.0660799
690,0.9482472,0.94831514,0.94548607,0.953882
691,0.9589126,0.95897627,0.9561534,0.964566
692,0.93032384,0.93039846,0.92756176,0.93592715
693,0.963104,0.9631667,0.9603448,0.968765
694,0.92063403,0.9207125,0.9178715,0.9262202
695,0.7808397,0.78096867,0.7780633,0.78618026
696,0.8682611,0.86835814,0.86549234,0.8737552
697,0.972996,0.97305536,0.97023773,0.97867465
698,0.9261863,0.9262619,0.9234228,0.931782
699,0.9581268,0.95819044,0.9553666,0.96377873
700,0.9216144,0.9216914,0.9188514,0.927202
701,0.8381212,0.8382292,0.83535004,0.8435619
702,0.84924865,0.84935284,0.84647894,0.8547094
703,0.7346628,0.73480844,0.73188186,0.7399218
704,0.671242,0.6714108,0.66845536,0.67638946
705,0.61974883,0.6199362,0.61695695,0.6248059
706,0.68943334,0.6895957,0.6866486,0.6946132
707,0.7172868,0.7174392,0.7145045,0.72251534
708,0.60303473,0.60322833,0.6002412,0.60806227
709,0.64185786,0.6420374,0.6390679,0.6469536
710,0.5894735,0.5896716,0.58667874,0.59447694
711,0.5394659,0.5396824,0.5366659,0.54438186
712,0.57603073,0.5762341,0.5732348,0.5810108
713,0.6337185,0.6339009,0.63092804,0.6388004
714,0.646749,0.6469269,0.64396,0.6518531
715,0.5175028,0.5177274,0.5147011,0.52237964
716,0.4725721,0.47281313,0.46976638,0.47737026
717,0.4631946,0.463439,0.46038795,0.4679761
718,0.5349064,0.5351243,0.5321064,0.53981376
719,0.5950358,0.595232,0.59224176,0.60004926
720,0.6399479,0.6401279,0.6371579,0.64504004
721,0.78461385,0.7847409,0.78183746,0.7899606
722,0.807173,0.8072915,0.80439806,0.81255937
723,0.67045164,0.6706207,0.66766477,0.6755979
724,0.6354284,0.6356101,0.63263845,0.64051294
725,0.52196145,0.5221844,0.5191603,0.5268462
726,0.46902633,0.46926832,0.46621966,0.47381806
727,0.4264915,0.42674875,0.42368102,0.4312086
728,0.41192794,0.4121909,0.40911627,0.41661954
729,0.3613639,0.36164522,0.35854745,0.36596608
730,0.39700174,0.3972702,0.3941884,0.40166664
731,0.38979983,0.39007092,0.38698602,0.39445257
732,0.21993756,0.22027063,0.21710753,0.22429132
733,0.16504002,0.16539288,0.16220474,0.16929722
734,0.1287322,0.12909794,0.12589335,0.13292551
735,0.15469074,0.15504742,0.15185452,0.15892982
736,0.20707035,0.20740795,0.20423889,0.21140122
737,0.15062118,0.15097928,0.14778495,0.15485287
738,0.24244428,0.242769,0.2396164,0.24683762
739,0.22622919,0.22655988,0.22340012,0.23059368
740,0.26236677,0.2626841,0.25954056,0.26679492
741,0.27444863,0.27476168,0.27162337,0.27889824
742,0.34890175,0.34918737,0.3460834,0.35348225
743,0.49763203,0.49786377,0.49482846,0.5024743
744,0.49562407,0.49585652,0.49282026,0.50046253
745,0.4430554,0.44330692,0.44024658,0.44780135
746,0.43727827,0.43753195,0.43446898,0.44201422
747,0.48909712,0.4893322,0.4862926,0.49392414
748,0.39187455,0.39214468,0.38906074,0.3965304
749,0.18954611,0.18988991,0.18671298,0.19384623
750,0.17520237,0.17555141,0.17236781,0.17947721
751,0.18605256,0.18639755,0.18321896,0.19034672
752,0.18447113,0.18481684,0.18163776,0.18876219
753,0.17806292,0.178411,0.17522883,0.182343
754,0.16290474,0.16325855,0.1600697,0.16715813
755,0.22877932,0.22910881,0.22594976,0.23314857
756,0.2262981,0.22662878,0.22346878,0.23066306
757,0.35348272,0.35376692,0.35066557,0.3580711
758,0.32305813,0.3233533,0.32023764,0.3275931
759,0.39019394,0.39046478,0.38737988,0.39484715
760,0.4184332,0.41869402,0.415622,0.42313623
761,0.38491106,0.38518405,0.382097,0.38955498
762,0.40194774,0.40221453,0.3991356,0.4066217
763,0.47944784,0.4796865,0.4766431,0.48425817
764,0.4038012,0.40406704,0.40098858,0.40847826
765,0.21817398,0.21850729,0.21534395,0.2225244
766,0.20782852,0.20816565,0.20499706,0.21216083
767,-0.16132712,-0.16085577,-0.16419339,-0.1576438
768,-0.34027052,-0.3397336,-0.34315348,-0.33690214
769,-0.7897303,-0.7890303,-0.7926564,-0.7871525
770,-0.5304363,-0.52983046,-0.5333376,-0.5274024
771,-0.6716497,-0.6709926,-0.6745646,-0.6688645
772,-0.5592854,-0.5586691,-0.5621898,-0.55630255
773,-0.43193984,-0.43136978,-0.43483162,-0.42873287
774,-0.3675685,-0.36702204,-0.37045455,-0.36424804
775,-0.35801697,-0.35747385,-0.36090207,-0.35467958
776,-0.4326322,-0.43206215,-0.4355247,-0.42942643
777,-0.67874694,-0.67808723,-0.68166256,-0.67597413
778,-0.65985703,-0.65920424,-0.66277075,-0.6570511
779,-0.5886047,-0.5879774,-0.5915115,-0.58567333
780,-0.6021371,-0.6015053,-0.6050453,-0.5992296
781,-0.56546235,-0.56484413,-0.56836724,-0.5624902
782,-0.6054752,-0.6048422,-0.6083839,-0.6025734
783,-0.52041745,-0.51981544,-0.5233178,-0.51736593
784,-0.3987589,-0.398201,-0.4016478,-0.3954935
785,-0.3517983,-0.3512578,-0.35468268,-0.34845066
786,-0.21866274,-0.2181704,-0.22153497,-0.2150805
787,-0.3261845,-0.3256533,-0.329067,-0.32279158
788,-0.5766475,-0.57602525,-0.57955337,-0.5736954
789,-0.6356342,-0.6349902,-0.6385455,-0.63278556
790,-0.4962728,-0.49567986,-0.49917126,-0.49317908
791,-0.48224974,-0.48166156,-0.48514652,-0.47913146
792,-0.5043328,-0.50373673,-0.50723195,-0.5012531
793,-0.7826443,-0.7819469,-0.78556967,-0.78005433
794,-0.7779577,-0.777262,-0.78088284,-0.7753594
795,-0.76321006,-0.76251984,-0.766134,-0.7605858
796,-0.6590781,-0.6584258,-0.66199183,-0.65627074
797,-0.8054514,-0.80474544,-0.80837893,-0.80290127
798,-0.82216907,-0.8214574,-0.8250983,-0.8196485
799,-0.88440585,-0.88367176,-0.88734126,-0.88199496
800,-1.1529381,-1.152106,-1.1558988,-1.1509995
801,-1.3180084,-1.3171163,-1.3209848,-1.3163598
802,-1.3521858,-1.3512812,-1.3551656,-1.3505975
803,-1.1933239,-1.1924767,-1.1962881,-1.1914563
804,-1.1912773,-1.1904311,-1.1942418,-1.1894062
805,-1.2704904,-1.2696157,-1.2734627,-1.2687585
806,-1.5428661,-1.5418923,-1.545864,-1.5416133
807,-1.7293329,-1.728291,-1.7323484,-1.728408
808,-1.5117021,-1.5107396,-1.514697,-1.5103943
809,-1.3217388,-1.3208454,-1.3247157,-1.3200971
810,-1.2590175,-1.258147,-1.2619884,-1.2572656
811,-1.0847487,-1.0839415,-1.087703,-1.08269
812,-1.1264608,-1.125638,-1.1294186,-1.1244752
813,-0.9412446,-0.9404893,-0.94418526,-0.9389334
814,-0.9834688,-0.98269844,-0.98641324,-0.9812319
815,-0.88582015,-0.88508534,-0.88875556,-0.8834114
816,-1.1012971,-1.1004839,-1.104253,-1.0992675
817,-1.0602372,-1.0594387,-1.063189,-1.0581353
818,-1.152067,-1.1512353,-1.1550279,-1.1501269
819,-1.1754105,-1.1745701,-1.1783733,-1.1735113
820,-0.97124434,-0.9704783,-0.9741876,-0.96898603
821,-0.85954356,-0.85881853,-0.8624766,-0.85708857
822,-0.86771965,-0.86699104,-0.87065315,-0.8652792
823,-0.6946595,-0.69399405,-0.6975765,-0.6919143
824,-0.44929528,-0.4487195,-0.45218945,-0.44611883
825,-0.514735,-0.5141351,-0.5176356,-0.5116739
826,-0.6922467,-0.6915822,-0.6951637,-0.6894975
827,-0.6813097,-0.6806493,-0.6842258,-0.6785414
828,-0.7182193,-0.7175453,-0.7211385,-0.71551585
829,-0.5199578,-0.5193558,-0.52285814,-0.5169058
830,-0.55767083,-0.557055,-0.56057477,-0.5546849
831,-0.5648689,-0.5642507,-0.5677738,-0.5618961
832,-0.46564245,-0.46506023,-0.4685378,-0.4624946
833,-0.8268037,-0.8260901,-0.82973313,-0.8242912
834,-0.7816405,-0.7809434,-0.7845659,-0.77904844
835,-0.6375301,-0.63688564,-0.64044213,-0.6346848
836,-0.7166178,-0.7159443,-0.7195368,-0.71391153
837,-0.77014995,-0.7694571,-0.7730744,-0.7675381
838,-0.92343307,-0.92268443,-0.9263718,-0.9210906
839,-0.998687,-0.997911,-1.0016329,-0.9964769
840,-1.1070061,-1.1061907,-1.1099627,-1.1049867
841,-1.1001899,-1.0993772,-1.1031456,-1.0981584
842,-1.2197299,-1.2188735,-1.222697,-1.2179086
843,-1.2598839,-1.2590127,-1.2628546,-1.2581332
844,-1.305725,-1.3048371,-1.3087001,-1.3040549
845,-1.176923,-1.1760821,-1.1798863,-1.1750264
846,-1.1007752,-1.0999622,-1.1037312,-1.0987449
847,-1.1537211,-1.1528888,-1.156682,-1.151784
848,-0.8231666,-0.82245445,-0.82609606,-0.82064795
849,-0.82978463,-0.8290701,-0.8327148,-0.82727766
850,-0.775625,-0.7749305,-0.77855015,-0.77302265
851,-0.83877087,-0.8380532,-0.84170175,-0.83627987
852,-0.7660196,-0.76532793,-0.76894355,-0.7634001
853,-0.7900603,-0.78936005,-0.7929864,-0.78748345
854,-0.95850444,-0.95774317,-0.9614465,-0.9562237
855,-0.93700814,-0.9362545,-0.9399481,-0.9346895
856,-1.0487823,-1.0479882,-1.0517333,-1.0466602
857,-1.0738273,-1.0730238,-1.0767806,-1.0717494
858,-1.1584725,-1.1576385,-1.1614337,-1.1565435
859,-1.1339538,-1.1331286,-1.1369128,-1.1319814
860,-1.1596358,-1.1588011,-1.1625972,-1.1577089
861,-1.1698947,-1.1690564,-1.1728573,-1.1679859
862,-1.0285685,-1.0277815,-1.0315173,-1.0264108
863,-1.0536997,-1.0529037,-1.0566509,-1.0515864
864,-0.9694855,-0.96871996,-0.9724288,-0.9672239
865,-0.984385,-0.9836142,-0.9873295,-0.98214984
866,-1.0569952,-1.0561981,-1.059947,-1.0548878
867,-1.0238259,-1.0230408,-1.0267742,-1.0216601
868,-0.8931594,-0.8924217,-0.8960955,-0.89076376
869,-0.8874886,-0.8867531,-0.890424,-0.88508296
870,-0.9081819,-0.90743876,-0.91111946,-0.90581274
871,-0.9424565,-0.94170094,-0.94539714,-0.94014764
872,-0.9209397,-0.92019176,-0.92387795,-0.91859293
873,-0.84068227,-0.83996344,-0.84361315,-0.83819413
874,-0.79054475,-0.7898445,-0.79347134,-0.78796864
875,-0.7990854,-0.79838204,-0.80201244,-0.7965243
876,-0.75162053,-0.7509346,-0.7545433,-0.74897575
877,-0.81741095,-0.8167007,-0.8203397,-0.81488204
878,-0.6833861,-0.6827247,-0.6863022,-0.6806216
879,-0.5938983,-0.59326935,-0.5968056,-0.59097624
880,-0.51367426,-0.51307464,-0.5165744,-0.5106108
881,-0.42946362,-0.42889452,-0.4323554,-0.42625237
882,-0.31992722,-0.3193984,-0.32280898,-0.3165233
883,-0.306314,-0.30578947,-0.3091941,-0.302886
884,-0.34094715,-0.34041023,-0.3438306,-0.3375802
885,-0.34995818,-0.34941816,-0.3528428,-0.34660697
886,-0.33734322,-0.33680773,-0.3402264,-0.3339696
887,-0.23815966,-0.23766017,-0.24103332,-0.23461175
888,-0.22324729,-0.22275352,-0.22611976,-0.21967316
889,-0.16758513,-0.1671114,-0.17045212,-0.16391301
890,-0.20400739,-0.2035203,-0.20687795,-0.20039916
891,-0.16457438,-0.1641016,-0.16744113,-0.16089702
892,-0.14674735,-0.14628124,-0.14961243,-0.14303851
893,-0.16151285,-0.16104126,-0.16437888,-0.15783024
894,-0.19973755,-0.19925213,-0.20260763,-0.19612193
895,-0.16684699,-0.16637349,-0.16971397,-0.16317344
896,-0.04266143,-0.04223299,-0.04551649,-0.038769722
897,-0.03822398,-0.037797213,-0.04107833,-0.034324408
898,0.04159522,0.041992903,0.038748026,0.04563546
899,0.08434367,0.08472586,0.08150077,0.088459015
900,0.016708612,0.017115355,0.013858795,0.020704746
901,0.037839174,0.038238287,0.03499198,0.0418725
902,0.0028250217,0.0032367706,-2.5510788e-05,0.006796837
903,0.013454914,0.013862848,0.010605097,0.017445326
904,0.0027644634,0.0031764507,-8.606911e-05,0.0067362785
905,0.03832841,0.038727283,0.035480976,0.04236269
906,0.10026646,0.10064268,0.097424984,0.104409695
907,0.04982567,0.05022049,0.046979427,0.053880215
908,0.07430029,0.07468605,0.07145643,0.07839751
909,0.020310163,0.020715475,0.017461061,0.024312496
910,-0.11819744,-0.117741585,-0.12105918,-0.114438534
911,-0.26933265,-0.26882195,-0.2722094,-0.26583958
912,-0.19926524,-0.19878006,-0.20213556,-0.19564891
913,-0.1013639,-0.100914,-0.104224205,-0.097575426
914,-0.09712958,-0.09668183,-0.09999037,-0.09333372
915,-0.008096933,-0.0076811314,-0.01094842,-0.0041439533
916,0.037753105,0.038152218,0.03490591,0.041786432
917,-0.02072215,-0.020301819,-0.023575068,-0.01679182
918,-0.005179167,-0.004764557,-0.008030653,-0.0012216568
919,-0.024864435,-0.024442673,-0.027717829,-0.020941257
920,-0.11058211,-0.11012936,-0.11344385,-0.10681009
921,-0.15827298,-0.15780258,-0.16113925,-0.15458441
922,-0.16159606,-0.16112447,-0.16446233,-0.15791345
923,-0.2252276,-0.22473288,-0.22809958,-0.2216568
924,-0.23639083,-0.23589182,-0.23926425,-0.23283982
925,-0.13070798,-0.1302476,-0.13357162,-0.12697124
926,-0.15100813,-0.15054035,-0.15387344,-0.14730692
927,-0.23905826,-0.23855877,-0.24193192,-0.23551202
928,-0.31392765,-0.31340075,-0.31680846,-0.31051302
929,-0.26506305,-0.2645538,-0.26793933,-0.2615626
930,-0.2205286,-0.22003579,-0.22340083,-0.2169497
931,-0.289932,-0.28941393,-0.29281092,-0.28647566
932,-0.33635426,-0.33581924,-0.3392372,-0.33297896
933,-0.45301652,-0.45243883,-0.45591068,-0.4498465
934,-0.3918147,-0.39125943,-0.3947029,-0.38853693
935,-0.24125218,-0.24075174,-0.24412608,-0.23770976
936,-0.27528644,-0.2747736,-0.27816343,-0.2718041
937,-0.26126313,-0.26075554,-0.26413918,-0.257756
938,-0.1944561,-0.19397259,-0.19732547,-0.19083118
939,-0.1758182,-0.17534137,-0.17868567,-0.17216086
940,-0.13301134,-0.13255024,-0.13587499,-0.12927866
941,-0.18301749,-0.18253827,-0.18588614,-0.17937279
942,-0.25016594,-0.24966216,-0.25304055,-0.24663901
943,-0.2258339,-0.22533894,-0.22870636,-0.22226429
944,-0.20409632,-0.20360947,-0.20696688,-0.20048857
945,-0.18232107,-0.18184185,-0.18518925,-0.1786747
946,-0.121678114,-0.121221066,-0.12454057,-0.117925406
947,-0.020554304,-0.020133972,-0.02340746,-0.016623735
948,-0.053489685,-0.05305767,-0.056345463,-0.049617052
949,-0.09129691,-0.09085083,-0.0941565,-0.08749056
950,-0.25958514,-0.25907803,-0.26246095,-0.2560749
951,-0.27223969,-0.2717278,-0.27511644,-0.26875186
952,-0.34848976,-0.34795046,-0.35137415,-0.34513593
953,-0.3768742,-0.37632465,-0.37976122,-0.37357044
954,-0.46856713,-0.46798372,-0.47146273,-0.46542454
955,-0.5233078,-0.5227046,-0.52620864,-0.52026176
956,-0.5472808,-0.546669,-0.5501838,-0.5442767
957,-0.6722727,-0.6716156,-0.6751878,-0.66948843
958,-0.7339897,-0.7333102,-0.7369108,-0.7313142
959,-0.87454486,-0.8738141,-0.87747955,-0.87211657
960,-0.86151624,-0.86079,-0.86444926,-0.8590646
961,-0.8175428,-0.81683254,-0.82047176,-0.8150139
962,-0.895586,-0.89484763,-0.8985224,-0.8931947
963,-0.9380944,-0.93734026,-0.94103456,-0.93577766
964,-0.92826104,-0.92751074,-0.9312005,-0.92592716
965,-0.92682767,-0.92607784,-0.92976665,-0.92449117
966,-0.8678174,-0.86708903,-0.87075114,-0.86537695
967,-0.9054959,-0.9047537,-0.90843296,-0.90312195
968,-0.9895389,-0.9887662,-0.99248385,-0.98731256
969,-1.0042641,-1.0034859,-1.0072105,-1.0020638
970,-1.1071393,-1.1063242,-1.1100957,-1.1051202
971,-1.0764124,-1.0756083,-1.079366,-1.0743392
972,-1.0310462,-1.0302584,-1.0339954,-1.0288932
973,-0.92110896,-0.92036104,-0.92404747,-0.91876245
974,-0.9585788,-0.9578173,-0.96152115,-0.9562981
975,-0.84167266,-0.8409538,-0.8446038,-0.83918667
976,-0.90514755,-0.90440536,-0.90808463,-0.9027729
977,-0.83282447,-0.83210874,-0.83575463,-0.83032274
978,-0.88546157,-0.8847265,-0.8883965,-0.88305235
979,-0.8031912,-0.8024864,-0.8061185,-0.80063725
980,-0.654578,-0.65392685,-0.65749097,-0.6517625
981,-0.6767657,-0.6761069,-0.6796813,-0.6739893
982,-0.6421597,-0.6415131,-0.64507174,-0.6393225
983,-0.70259666,-0.70192814,-0.70551443,-0.6998656
984,-0.8368757,-0.83615875,-0.83980656,-0.8343811
985,-0.84896445,-0.84824276,-0.8518963,-0.84649086
986,-0.86180854,-0.8610821,-0.8647413,-0.85935783
987,-0.80157375,-0.80086946,-0.80450106,-0.7990172
988,-0.7762017,-0.775507,-0.77912664,-0.7736001
989,-0.7544501,-0.75376296,-0.75737286,-0.7518103
990,-0.56330085,-0.5626831,-0.56620574,-0.5603249
991,-0.5589309,-0.5583148,-0.5618348,-0.5559473
992,-0.5515928,-0.5509796,-0.5544965,-0.5485966
993,-0.5559766,-0.5553615,-0.5588801,-0.5529876
994,-0.6491103,-0.64846134,-0.6520233,-0.6462853
995,-0.6726794,-0.67202187,-0.67559457,-0.6698959
996,-0.7098839,-0.7092128,-0.7128024,-0.7071657
997,-0.76748013,-0.7667885,-0.7704041,-0.7648635
998,-0.8045461,-0.8038409,-0.80747366,-0.80199456
999,-0.7950561,-0.79435444,-0.79798293,-0.79248786
1000,-0.7228937,-0.72221804,-0.72581387,-0.7201984
1001,-0.7090678,-0.70839715,-0.7119863,-0.7063484
1002,-0.6637256,-0.66307116,-0.6666393,-0.6609261
1003,-0.6073246,-0.6066911,-0.6102338,-0.60442615
1004,-0.77725816,-0.7765629,-0.78018355,-0.7746587
1005,-0.837703,-0.8369856,-0.8406341,-0.83520985
1006,-0.89578414,-0.89504576,-0.89872074,-0.8933933
1007,-0.8743,-0.87356925,-0.87723446,-0.87187123
1008,-0.7553103,-0.75462294,-0.7582333,-0.75267243
1009,-0.63790727,-0.6372626,-0.64081883,-0.6350627
1010,-0.573118,-0.5724969,-0.5760236,-0.57015944
1011,-0.5735645,-0.5729432,-0.5764704,-0.5706067
1012,-0.5707536,-0.5701332,-0.57365847,-0.56779075
1013,-0.6128733,-0.61223745,-0.61578274,-0.6099844
1014,-0.46960664,-0.46902323,-0.47250223,-0.46646595
1015,-0.46211958,-0.4615388,-0.4650147,-0.45896578
1016,-0.43373418,-0.43316364,-0.43662643,-0.4305303
1017,-0.41936922,-0.4188037,-0.42226028,-0.41614008
1018,-0.41336942,-0.41280603,-0.41625953,-0.4101298
1019,-0.4290843,-0.42851543,-0.43197656,-0.42587233
1020,-0.38405824,-0.38350582,-0.38694596,-0.38076735
1021,-0.4460497,-0.44547462,-0.44894338,-0.44286752
1022,-0.45803666,-0.45745754,-0.46093154,-0.4548757
1023,-0.46764135,-0.46705866,-0.4705367,-0.46449757
1024,-0.44030833,-0.43973565,-0.4432013,-0.43711638
1025,-0.4386766,-0.43810415,-0.44156933,-0.43548155
1026,-0.4981842,-0.4975903,-0.50108266,-0.49509358
1027,-0.47789192,-0.4773054,-0.48078847,-0.47476554
1028,-0.510509,-0.50991035,-0.5134084,-0.5074401
1029,-0.52463317,-0.52402973,-0.527534,-0.5215895
1030,-0.56083965,-0.5602231,-0.5637443,-0.5578594
1031,-0.5406318,-0.5400224,-0.54353404,-0.537616
1032,-0.61753154,-0.61689425,-0.62044144,-0.6146512
1033,-0.655607,-0.65495586,-0.65852046,-0.65279365
1034,-0.6595669,-0.6589141,-0.6624806,-0.65676045
1035,-0.661798,-0.66114426,-0.6647117,-0.6589954
1036,-0.74921584,-0.74853086,-0.75213814,-0.746567
1037,-0.7759948,-0.7752998,-0.7789197,-0.7733929
1038,-0.5926559,-0.59202766,-0.5955632,-0.58973145
1039,-0.53062725,-0.5300214,-0.5335288,-0.52759385
1040,-0.5441861,-0.5435753,-0.54708886,-0.5411763
1041,-0.47520065,-0.47461486,-0.47809672,-0.4720695
1042,-0.46092248,-0.4603424,-0.46381736,-0.45776653
1043,-0.28211498,-0.28159952,-0.2849927,-0.2786448
1044,-0.22314215,-0.22264814,-0.22601438,-0.21956801
1045,-0.2522061,-0.25170135,-0.25508118,-0.24868274
1046,-0.22780466,-0.22730899,-0.2306776,-0.2242384
1047,-0.2181809,-0.21768856,-0.22105265,-0.21459794
1048,-0.21891093,-0.2184186,-0.22178268,-0.21532941
1049,-0.25030422,-0.24980044,-0.25317907,-0.24677777
1050,-0.22578907,-0.22529411,-0.22866154,-0.22221923
1051,-0.28995156,-0.28943348,-0.29283,-0.28649473
1052,-0.26421595,-0.26370716,-0.26709223,-0.26071405
1053,-0.19519234,-0.19470835,-0.19806194,-0.19156885
1054,-0.15155935,-0.15109134,-0.1544249,-0.1478591
1055,-0.15488315,-0.15441394,-0.15774894,-0.15118885
1056,-0.13110185,-0.13064122,-0.13396549,-0.12736535
1057,-0.15185261,-0.15138459,-0.15471816,-0.14815307
1058,-0.13915586,-0.13869238,-0.14201999,-0.13543415
1059,-0.18015742,-0.17967916,-0.18302536,-0.17650771
1060,-0.16300511,-0.16253328,-0.16587186,-0.15932512
1061,-0.07935834,-0.07891679,-0.08221722,-0.075531244
1062,-0.0816319,-0.081189394,-0.084490776,-0.07780886
1063,-0.056696653,-0.056263447,-0.059553146,-0.05282998
1064,0.012696981,0.013105392,0.009847641,0.016685963
1065,0.058822393,0.05921364,0.055977106,0.062892675
1066,0.065234184,0.06562328,0.062389374,0.06931543
1067,0.08376074,0.08414292,0.08091736,0.08787441
1068,0.118047476,0.1184175,0.11520791,0.122222185
1069,0.14916778,0.1495266,0.14633083,0.15339708
1070,0.120704174,0.12107301,0.11786437,0.124883175
1071,0.04547119,0.045867443,0.042624474,0.04951787
1072,0.040745497,0.041143417,0.037898302,0.04478383
1073,0.07929063,0.07967448,0.07644725,0.08339667
1074,0.12670493,0.12707186,0.12386584,0.13089442
1075,0.25627422,0.2565937,0.25344753,0.26069188
1076,0.24363065,0.2439549,0.240803,0.2480259
1077,0.20319605,0.20353508,0.20036435,0.20752048
1078,0.2324574,0.2327857,0.2296288,0.23683333
1079,0.12532878,0.12569618,0.12248969,0.12951612
1080,0.023122549,0.023527145,0.020273924,0.027130365
1081,0.013802767,0.014210701,0.010953426,0.017793894
1082,-0.025374413,-0.02495265,-0.028227806,-0.021452427
1083,-0.00030899048,0.0001039505,-0.0031602383,0.0036571026
1084,-0.063779116,-0.06334305,-0.066636086,-0.059924364
1085,-0.072561264,-0.0721221,-0.07541919,-0.06872201
1086,-0.04574704,-0.04531765,-0.048602343,-0.04186058
1087,-0.0024032593,-0.001989603,-0.0052547455,0.0015592575
1088,0.026190042,0.026593447,0.023341894,0.030202627
1089,0.112323284,0.11269522,0.10948253,0.1164875
1090,0.16953969,0.1698904,0.16670465,0.17380452
1091,0.19366574,0.19400835,0.19083333,0.19797301
1092,0.19380522,0.19414735,0.19097257,0.19811296
1093,0.122371435,0.122739315,0.11953187,0.1265533
1094,0.19027066,0.19061422,0.18743753,0.19457197
1095,0.2286489,0.22897887,0.22582006,0.23301816
1096,0.21276665,0.21310186,0.20993567,0.21710777
1097,0.14892554,0.14928436,0.14608884,0.15315413
1098,0.2658403,0.2661562,0.2630148,0.2702744
1099,0.32683158,0.32712555,0.32401204,0.3313732
1100,0.320287,0.32058334,0.31746674,0.32481742
1101,0.3348534,0.33514452,0.33203435,0.33940935
1102,0.33805394,0.33834386,0.33523536,0.3426156
1103,0.3871677,0.38743973,0.3843534,0.39181542
1104,0.39382315,0.3940928,0.39100957,0.39848256
1105,0.41522717,0.41548872,0.41241574,0.41992402
1106,0.4181776,0.41843843,0.4153664,0.42287993
1107,0.40726757,0.40753198,0.40445495,0.4119506
1108,0.4461863,0.44643688,0.44337773,0.45093822
1109,0.4384272,0.4386804,0.4356177,0.4431653
1110,0.40450835,0.4047737,0.4016955,0.4091866
1111,0.41047645,0.41073966,0.4076643,0.4151652
1112,0.45687127,0.4571178,0.45406365,0.46164203
1113,0.4597857,0.46003127,0.45697856,0.46456122
1114,0.44842672,0.4486766,0.44561863,0.45318222
1115,0.63496804,0.6351495,0.63217735,0.64005184
1116,0.70245695,0.7026143,0.6996727,0.707659
1117,0.6872902,0.68745327,0.68450475,0.6924658
1118,0.69629884,0.6964588,0.69351435,0.70149064
1119,0.6418884,0.6420677,0.63909864,0.6469841
1120,0.6439564,0.64413476,0.6411667,0.64905596
1121,0.70080876,0.70096684,0.69802475,0.7060082
1122,0.70869565,0.70885086,0.7059121,0.7139094
1123,0.71106935,0.7112231,0.7082858,0.7162869
1124,0.72452426,0.7246733,0.72174215,0.7297652
1125,0.6954529,0.6956129,0.69266844,0.7006433
1126,0.7181146,0.718266,0.71533203,0.72334504
1127,0.7716305,0.77176285,0.7688532,0.7769544
1128,0.7839329,0.78406,0.78115606,0.78927827
1129,0.79631495,0.7964382,0.79354,0.80168223
1130,0.80584645,0.8059659,0.803072,0.8112304
1131,0.7944095,0.79453325,0.7916341,0.79977393
1132,0.7883241,0.78844976,0.7855482,0.79367757
1133,0.81431365,0.8144307,0.8115406,0.8197129
1134,0.80868316,0.8088021,0.8059101,0.81407285
1135,0.871783,0.87187815,0.8690157,0.87728333
1136,0.84036374,0.8404708,0.8375931,0.84580874
1137,0.8263395,0.8264518,0.8235674,0.83176017
1138,0.8623631,0.86246204,0.8595948,0.8678467
1139,0.6762841,0.6764512,0.6734977,0.68144083
1140,0.67713904,0.6773057,0.6743529,0.68229675
1141,0.6554849,0.6556592,0.65269613,0.6606047
1142,0.6441381,0.6443167,0.6413486,0.64923835
1143,0.72223735,0.7223873,0.719455,0.72747445
1144,0.71340394,0.71355724,0.71062064,0.7186258
1145,0.72240424,0.7225542,0.71962214,0.72764134
1146,0.6841171,0.6842811,0.6813309,0.68928766
1147,0.6722243,0.67239237,0.6694374,0.6773734
1148,0.55919194,0.5594015,0.5563941,0.56414247
1149,0.5020802,0.5023103,0.4992771,0.5069301
1150,0.5161624,0.51638746,0.51336074,0.52103734
1151,0.44835806,0.44860744,0.4455495,0.45311332
1152,0.43098044,0.43123674,0.42817092,0.43570566
1153,0.5545943,0.5548053,0.5517962,0.55953646
1154,0.5545702,0.55478144,0.5517721,0.5595126
1155,0.4737823,0.4740224,0.4709761,0.47858238
1156,0.433594,0.43384886,0.43078446,0.4383235
1157,0.49010634,0.4903412,0.48730254,0.49493504
1158,0.4939468,0.49417973,0.49114275,0.49878287
1159,0.5987911,0.59898615,0.5959971,0.60381126
1160,0.62982583,0.63000965,0.6270344,0.63490057
1161,0.60526085,0.60545397,0.60246825,0.61029243
1162,0.48394084,0.48417735,0.4811356,0.4887588
1163,0.4180894,0.41834998,0.41527796,0.42279172
1164,0.45656848,0.456815,0.45376062,0.46133828
1165,0.26409316,0.26440978,0.2612672,0.2685244
1166,0.2661655,0.2664814,0.26333976,0.27060008
1167,0.2874527,0.28776073,0.2846291,0.29192495
1168,0.32758784,0.32788134,0.32476807,0.33213067
1169,0.2766521,0.27696395,0.27382755,0.28110504
1170,0.3240037,0.32429838,0.32118344,0.32854056
1171,0.31586385,0.31616163,0.31304288,0.3203864
1172,0.38357615,0.38384938,0.38076186,0.38821745
1173,0.33324385,0.33353567,0.33042502,0.33779645
1174,0.34441042,0.3446977,0.3415923,0.3489828
1175,0.3744297,0.37470603,0.37161446,0.37905478
1176,0.22742581,0.22775578,0.2245965,0.23179269
1177,0.121860266,0.12222862,0.11902046,0.12604141
1178,0.18303084,0.18337679,0.180197,0.18731952
1179,0.21723533,0.21756887,0.21440482,0.22158432
1180,0.28084946,0.28116012,0.27802515,0.28531075
1181,0.26766038,0.2679758,0.26483512,0.2720976
1182,0.18360853,0.18395424,0.18077517,0.18789816
1183,0.109484434,0.10985756,0.106643915,0.11364412
1184,0.113399506,0.11377144,0.11055946,0.11756611
1185,0.054812193,0.05520487,0.05196619,0.05887556
1186,0.1698873,0.17023802,0.16705227,0.17415309
1187,0.24279237,0.24311686,0.23996449,0.24718642
1188,0.20558715,0.20592499,0.20275545,0.2099154
1189,0.2664392,0.26675487,0.26361346,0.2708745
1190,0.35825658,0.3585391,0.35543966,0.36285377
1191,0.43488765,0.43514204,0.43207812,0.43961954
1192,0.42834926,0.42860603,0.4255395,0.43306947
1193,0.49696398,0.49719572,0.4941604,0.50180507
1194,0.4546907,0.45493817,0.45188332,0.4594574
1195,0.49956584,0.49979687,0.49676228,0.504411
1196,0.5517731,0.551985,0.5489745,0.5567105
1197,0.57296443,0.573169,0.5701678,0.57793903
1198,0.6555002,0.6556742,0.65271115,0.66062
1199,0.671365,0.6715336,0.66857815,0.6765127
1200,0.6710086,0.6711774,0.6682215,0.67615557
1201,0.62041974,0.6206069,0.6176281,0.625478
1202,0.5886133,0.58881235,0.5858185,0.59361553
1203,0.60587764,0.6060698,0.6030841,0.6109102
1204,0.6077521,0.60794353,0.6049588,0.6127877
1205,0.7336843,0.73383045,0.7309034,0.7389419
1206,0.7152035,0.71535635,0.71242,0.7204287
1207,0.6896198,0.6897819,0.6868348,0.69479966
1208,0.5448761,0.5450907,0.5420768,0.5498011
1209,0.4578271,0.45807338,0.4550197,0.46259928
1210,0.45415425,0.45440197,0.45134664,0.45891976
1211,0.52086806,0.52109146,0.5180669,0.52575135
1212,0.47650743,0.4767468,0.47370195,0.48131227
1213,0.40566325,0.4059286,0.4028511,0.4103434
1214,0.39440966,0.39467907,0.39159656,0.39907026
1215,0.36387658,0.36415696,0.3610599,0.3684833
1216,0.32160115,0.32189703,0.31878042,0.32613373
1217,0.25537086,0.2556908,0.25254393,0.25978708
1218,0.18043661,0.18078399,0.17760277,0.184721
1219,0.113646984,0.11401844,0.11080694,0.117813826
1220,0.09218788,0.09256697,0.08934498,0.09631705
1221,0.04216218,0.042559385,0.039314985,0.046203136
1222,-0.1427815,-0.14231682,-0.1456461,-0.13906598
1223,-0.10785031,-0.10739827,-0.110711575,-0.104073286
1224,-0.07070041,-0.070261955,-0.07355809,-0.066857815
1225,-0.072540045,-0.072101116,-0.07539797,-0.06870103
1226,-0.092235565,-0.091789246,-0.09509516,-0.08843088
1227,-0.2767594,-0.27624607,-0.27963686,-0.27327967
1228,-0.4396124,-0.4390397,-0.44250512,-0.436419
1229,-0.51114964,-0.510551,-0.5140493,-0.5080819
1230,-0.5539334,-0.553319,-0.5568371,-0.550941
1231,-0.41895032,-0.41838503,-0.42184114,-0.4157207
1232,-0.30593896,-0.30541468,-0.30881906,-0.3025105
1233,-0.24443483,-0.2439332,-0.24730921,-0.24089813
1234,-0.1734531,-0.17297721,-0.17632055,-0.16979146
1235,-0.3337965,-0.3332622,-0.33667898,-0.33041692
1236,-0.33300972,-0.33247566,-0.33589244,-0.32962894
1237,-0.19728637,-0.19680166,-0.20015597,-0.1936667
1238,-0.2838745,-0.28335857,-0.2867527,-0.28040695
1239,-0.2461679,-0.24566555,-0.24904251,-0.2426343
1240,-0.17999673,-0.17951846,-0.1828649,-0.17634678
1241,0.0029633045,0.0033750534,0.00011253357,0.006935358
1242,0.012705088,0.01311326,0.009855509,0.016694307
1243,-0.020314693,-0.0198946,-0.02316761,-0.016383886
1244,-0.016488314,-0.016069412,-0.019340992,-0.012550354
1245,0.0037753582,0.0041866302,0.00092434883,0.007748604
1246,0.0037224293,0.0041337013,0.0008716583,0.0076959133
1247,0.0028736591,0.003285408,2.2888184e-05,0.0068457127
1248,0.021480799,0.021885633,0.018631935,0.025485039
1249,0.15432453,0.1546812,0.15148783,0.15856266
1250,0.19694138,0.19728231,0.19410872,0.2012546
1251,0.18601942,0.18636441,0.18318582,0.1903131
1252,0.20647526,0.20681286,0.2036438,0.21080494
1253,0.17845035,0.17879844,0.17561674,0.18273115
1254,0.20438623,0.20472479,0.20155454,0.20871234
1255,0.2065556,0.20689344,0.20372438,0.210886
1256,0.25081825,0.25114012,0.24799109,0.25522637
1257,0.3024602,0.302763,0.29963827,0.3069589
1258,0.30583715,0.30613875,0.30301547,0.31034207
1259,0.20254755,0.20288682,0.19971585,0.20687103
1260,0.13163328,0.13199806,0.12879467,0.1358316
1261,0.11849666,0.118866205,0.11565685,0.12267184
1262,0.14057016,0.14093208,0.13773274,0.14478445
1263,0.26217246,0.2624898,0.2593465,0.26660013
1264,0.3914063,0.39167643,0.388592,0.39606142
1265,0.43216872,0.43242455,0.4293592,0.43689585
1266,0.4100561,0.4103198,0.4072442,0.41474414
1267,0.3906076,0.3908782,0.38779354,0.39526153
1268,0.30875635,0.30905676,0.30593467,0.31326628
1269,0.17395258,0.17430186,0.17111802,0.17822504
1270,0.151649,0.15200663,0.1488123,0.1558826
1271,0.21089673,0.2112329,0.20806599,0.21523452
1272,0.22921109,0.22954082,0.22638226,0.23358107
1273,0.18792629,0.18827057,0.18509293,0.19222355
1274,0.07112622,0.071513176,0.068282366,0.07521796
1275,0.10272527,0.1031003,0.099883795,0.10687256
1276,0.11080909,0.1111815,0.10796857,0.11497092
1277,0.26694894,0.26726484,0.2641232,0.2713852
1278,0.35842395,0.35870647,0.35560727,0.36302114
1279,0.33409953,0.33439088,0.33128047,0.33865428
1280,0.43422103,0.43447614,0.43141174,0.43895173
1281,0.44787765,0.44812727,0.44506955,0.4526322
1282,0.49714136,0.49737358,0.49433756,0.5019827
1283,0.5552013,0.5554123,0.55240345,0.5601449
1284,0.5818167,0.58201766,0.57902074,0.586807
1285,0.5681622,0.56836796,0.56536484,0.5731282
1286,0.54123425,0.54145,0.53843474,0.54615283
1287,0.65663695,0.656811,0.65384865,0.6617589
1288,0.64619994,0.64637804,0.6434107,0.65130377
1289,0.6313813,0.63156414,0.62858987,0.6364584
1290,0.7578261,0.7579632,0.7550473,0.76312566
1291,0.7158091,0.71596146,0.71302605,0.72103524
1292,0.66104126,0.66121364,0.6582532,0.6661706
1293,0.6534939,0.6536691,0.65070486,0.6586101
1294,0.63045716,0.6306405,0.62766576,0.63553286
1295,0.66121984,0.6613922,0.65843153,0.66634965
1296,0.5462594,0.54647374,0.54346037,0.5511873
1297,0.5892823,0.5894809,0.58648777,0.59428596
1298,0.6443417,0.6445198,0.6415522,0.6494417
1299,0.6095085,0.6096997,0.6067157,0.6145477
1300,0.59569573,0.59589195,0.59290195,0.60071063
1301,0.61921906,0.6194067,0.61642694,0.62427497
1302,0.5832069,0.5834074,0.58041143,0.5881996
1303,0.5697603,0.56996584,0.5669632,0.57472944
1304,0.672081,0.6722498,0.66929436,0.6772299
1305,0.70230126,0.7024584,0.6995175,0.7075031
1306,0.67225456,0.6724229,0.6694677,0.6774037
1307,0.65927005,0.6594429,0.656482,0.66439605
1308,0.6845093,0.68467283,0.6817231,0.6896796
1309,0.74009967,0.74024343,0.7373197,0.74536824
1310,0.69159937,0.69176054,0.68881416,0.6967828
1311,0.6750281,0.67519546,0.672241,0.6801822
1312,0.5387511,0.5389676,0.5359514,0.5436654
1313,0.487638,0.48787355,0.48483348,0.49246287
1314,0.5046518,0.50488114,0.50184894,0.50950646
1315,0.53409743,0.5343158,0.5312972,0.53900385
1316,0.6434834,0.6436622,0.6406939,0.648582
1317,0.6426101,0.6427889,0.6398201,0.647707
1318,0.66641355,0.6665838,0.6636257,0.6715524
1319,0.66914797,0.66931725,0.6663606,0.67429185
1320,0.63830423,0.6384845,0.6355138,0.6433935
1321,0.59352994,0.59372663,0.59073496,0.5985408
1322,0.5560913,0.55630183,0.553293,0.5610361
1323,0.48781204,0.4880476,0.485008,0.49263692
1324,0.5692842,0.56948996,0.5664873,0.5742526
1325,0.571491,0.5716958,0.5686946,0.576463
1326,0.42494678,0.425205,0.4221363,0.42966127
1327,0.44849563,0.44874525,0.44568706,0.45325136
1328,0.5560515,0.556262,0.5532532,0.5609963
1329,0.7844002,0.7845278,0.7816243,0.7897465
1330,0.842993,0.8430991,0.84022236,0.8484428
1331,0.8457458,0.8458514,0.8429761,0.85120034
1332,0.78948,0.7896056,0.78670454,0.7948353
1333,0.8281286,0.8282399,0.8253565,0.8335521
1334,0.8436153,0.8437209,0.84084463,0.84906554
1335,0.82243276,0.8225465,0.8196602,0.8278463
1336,0.8485153,0.84861994,0.84574556,0.85397506
1337,0.8914125,0.89150095,0.8886466,0.8969476
1338,0.8828919,0.8829837,0.8801255,0.8884113
1339,0.93434405,0.93441725,0.93158245,0.939955
1340,0.89842916,0.8985152,0.89566374,0.9039762
1341,0.8407595,0.84086657,0.8379884,0.846205
1342,0.81345105,0.8135681,0.810678,0.8188484
1343,0.83238244,0.83249235,0.8296108,0.83781314
1344,0.88971925,0.8898082,0.8869529,0.89525104
1345,0.8459084,0.84601307,0.84313774,0.85136247
1346,0.7636936,0.76382875,0.76091623,0.7690036
1347,0.66550994,0.6656809,0.6627226,0.6706476
1348,0.6514249,0.6516006,0.6486354,0.6565378
1349,0.6211996,0.6213865,0.61840796,0.62625885
1350,0.6393378,0.6395178,0.6365473,0.64442897
1351,0.6264,0.62658477,0.6236086,0.63146853
1352,0.63379407,0.633976,0.6310029,0.63887596
1353,0.5242269,0.5244489,0.52142596,0.5291157
1354,0.5554478,0.5556588,0.55265,0.56039214
1355,0.6221137,0.62230015,0.6193223,0.62717485
1356,0.6526036,0.6527791,0.6498151,0.6577182
1357,0.67975473,0.6799202,0.6769686,0.6849172
1358,0.68782306,0.6879854,0.6850376,0.69299984
1359,0.7084243,0.70857954,0.7056408,0.7136371
1360,0.56452537,0.564733,0.56172776,0.5694852
1361,0.46733546,0.4675784,0.46452928,0.4721241
1362,0.47984266,0.48008084,0.4770372,0.48465347
1363,0.55560994,0.55582047,0.5528116,0.560554
1364,0.54097366,0.5411897,0.53817415,0.545892
1365,0.5193002,0.5195241,0.5164983,0.52418065
1366,0.56161046,0.56181884,0.5588131,0.56656504
1367,0.4968071,0.49703932,0.49400377,0.5016482
1368,0.55420613,0.5544176,0.5514083,0.5591481
1369,0.5846696,0.58486986,0.5818744,0.58966494
1370,0.612597,0.612787,0.60980415,0.6176412
1371,0.5759132,0.5761161,0.5731168,0.58089256
1372,0.59850883,0.5987041,0.5957148,0.60352874
1373,0.5908458,0.59104395,0.58805084,0.59585166
1374,0.55279756,0.5530095,0.549999,0.5577369
1375,0.41460037,0.41486263,0.41178894,0.4192965
1376,0.21726084,0.21759462,0.21443057,0.22161007
1377,0.21270275,0.21303797,0.209872,0.21704364
1378,0.27839231,0.27870417,0.275568,0.28284907
1379,0.20658898,0.20692682,0.20375824,0.21091914
1380,0.047596216,0.047991753,0.0447495,0.05164671
1381,0.018491983,0.01889801,0.015642881,0.022491217
1382,0.0036914349,0.004102707,0.0008404255,0.007664919
1383,0.08520222,0.085583925,0.082359076,0.089318514
1384,0.08735657,0.08773756,0.084513664,0.091477156
1385,0.17969179,0.18003917,0.17685771,0.1839745
1386,0.29594207,0.296247,0.2931192,0.30042934
1387,0.30065513,0.3009584,0.29783273,0.30515075
1388,0.34320283,0.3434906,0.34038424,0.3477733
1389,0.40811157,0.40837598,0.40529943,0.4127965
1390,0.41512942,0.41539145,0.41231847,0.41982627
1391,0.44950724,0.44975662,0.44669914,0.45426464
1392,0.4190743,0.4193349,0.4162631,0.4237783
1393,0.42446256,0.42472076,0.42165184,0.42917562
1394,0.38765645,0.387928,0.3848424,0.39230514
1395,0.36869884,0.36897755,0.36588287,0.37331414
1396,0.3665383,0.3668177,0.3637221,0.37115002
1397,0.47689676,0.47713614,0.4740913,0.48170257
1398,0.53607297,0.5362909,0.5332732,0.5409827
1399,0.44166088,0.44191313,0.43885207,0.44640446
1400,0.45892072,0.45916653,0.45611358,0.46369457
1401,0.4752159,0.47545576,0.4724102,0.48001838
1402,0.4646964,0.46494007,0.46188998,0.4694805
1403,0.47792554,0.47816467,0.47512054,0.482733
1404,0.33225393,0.33254576,0.32943463,0.3368051
1405,0.32122874,0.32152462,0.31840825,0.3257606
1406,0.20660615,0.20694399,0.20377493,0.21093655
1407,0.18632317,0.18666792,0.1834898,0.1906178
1408,0.06928158,0.06966925,0.066437006,0.07336998
1409,0.040373564,0.040771484,0.03752613,0.04441166
1410,0.066402435,0.06679082,0.063557625,0.07048583
1411,0.069081545,0.069468975,0.06623697,0.07316971
1412,-0.016786814,-0.016367912,-0.01963973,-0.012849569
1413,-0.00022482872,0.00018811226,-0.0030755997,0.0037417412
1414,0.1432805,0.14364123,0.14044309,0.14749956
1415,0.14473343,0.14509368,0.14189649,0.14895463
1416,0.19701982,0.19736123,0.19418812,0.20133305
1417,0.17075491,0.17110586,0.16792035,0.17502213
1418,0.23996282,0.24028826,0.2371347,0.24435163
1419,0.2848208,0.28513002,0.28199697,0.28928876
1420,0.35933805,0.3596201,0.35652137,0.36393714
1421,0.41380763,0.41407013,0.41099644,0.41850257
1422,0.44660378,0.4468541,0.44379544,0.45135617
1423,0.4076445,0.40790892,0.40483212,0.41232824
1424,0.3681643,0.368443,0.3653481,0.37277865
1425,0.4083345,0.4085989,0.40552235,0.41301966
1426,0.51842237,0.5186467,0.5156207,0.5233011
1427,0.6059079,0.6061001,0.6031141,0.61094046
1428,0.6078546,0.60804605,0.6050613,0.6128905
1429,0.58047295,0.58067465,0.5776775,0.5854609
1430,0.5360284,0.53624606,0.53322864,0.54093766
1431,0.48798537,0.4882202,0.48518062,0.4928105
1432,0.5015638,0.50179434,0.49876118,0.506413
1433,0.48353338,0.48377037,0.4807284,0.4883504
1434,0.47087622,0.47111797,0.46807027,0.4756713
1435,0.4113586,0.41162157,0.4085467,0.41604877
1436,0.36454225,0.3648224,0.36172628,0.3691504
1437,0.27395654,0.27426982,0.271132,0.27840543
1438,0.34778285,0.34806967,0.34496498,0.35236168
1439,0.3338921,0.33418322,0.33107257,0.33844638
1440,0.309263,0.30956316,0.3064413,0.31377363
1441,0.26512623,0.2654426,0.26230025,0.26955962
1442,0.1612494,0.16160345,0.15841413,0.16549969
1443,0.16853452,0.16888618,0.16569996,0.17279768
1444,0.16867137,0.1690228,0.1658361,0.17293477
1445,0.29029608,0.29060316,0.28747272,0.29477382
1446,0.35648322,0.35676646,0.3536663,0.3610773
1447,0.42014837,0.4204085,0.41733742,0.42485428
1448,0.4792304,0.47946882,0.4764247,0.48404002
1449,0.45835996,0.458606,0.45555258,0.4631331
1450,0.46807432,0.46831656,0.4652679,0.47286487
1451,0.51821995,0.5184443,0.5154185,0.52309823
1452,0.504827,0.5050564,0.50202394,0.5096817
1453,0.5670662,0.5672729,0.5642693,0.57203054
1454,0.56625104,0.566458,0.5634539,0.5712137
1455,0.57947993,0.5796819,0.576684,0.58446574
1456,0.555403,0.555614,0.5526049,0.5603466
1457,0.61025214,0.6104431,0.60745883,0.6152923
1458,0.6100483,0.610239,0.60725474,0.615088
1459,0.61092305,0.6111138,0.60813046,0.61596465
1460,0.6726675,0.6728358,0.6698804,0.6778176
1461,0.650789,0.6509652,0.64800024,0.65590096
1462,0.6197028,0.6198902,0.61691093,0.62475944
1463,0.6137612,0.6139507,0.61096835,0.61880755
1464,0.61475754,0.61494684,0.6119652,0.6198058
1465,0.6702347,0.6704037,0.66744757,0.6753807
1466,0.66209245,0.6622646,0.6593044,0.6672237
1467,0.63506556,0.63524723,0.6322751,0.64014935
1468,0.67424464,0.674412,0.6714575,0.67939734
1469,0.680176,0.68034124,0.6773894,0.685339
1470,0.64688325,0.6470609,0.644094,0.65198755
1471,0.6496761,0.64985275,0.64688706,0.65478563
1472,0.65461516,0.6547899,0.6518266,0.65973353
1473,0.6533663,0.65354156,0.65057755,0.6584828
1474,0.6172421,0.6174307,0.61445,0.62229514
1475,0.5389495,0.53916645,0.53615,0.5438645
1476,0.53724384,0.5374613,0.5344441,0.5421555
1477,0.6146281,0.6148176,0.6118357,0.61967635
1478,0.65005183,0.650228,0.64726233,0.6551621
1479,0.6548064,0.65498114,0.6520181,0.659925
1480,0.7446501,0.74479246,0.74187016,0.7499273
1481,0.76737046,0.7675042,0.7645931,0.7726872
1482,0.77843165,0.77856207,0.77565527,0.7837684
1483,0.76670814,0.7668419,0.76392984,0.77202344
1484,0.7606013,0.7607379,0.757823,0.7659061
1485,0.68007255,0.68023777,0.6772859,0.68523526
1486,0.6615126,0.6616845,0.6587248,0.6666429
1487,0.6575959,0.6577697,0.65480757,0.6627195
1488,0.7067516,0.7069073,0.7039678,0.711962
1489,0.7374399,0.7375846,0.7346592,0.74270415
1490,0.75580096,0.755939,0.75302243,0.7610967
1491,0.7628758,0.76301146,0.760098,0.7681844
1492,0.71391654,0.71406937,0.71113324,0.71913886
1493,0.7304046,0.7305517,0.727623,0.735656
1494,0.8154514,0.815567,0.81267786,0.8208525
1495,0.9013274,0.9014125,0.89856243,0.90688014
1496,0.9653003,0.9653621,0.9625416,0.97096515
1497,1.0001776,1.0002265,0.99742174,1.0059035
1498,1.069433,1.0694566,1.0666842,1.0752814
1499,1.1382096,1.1382084,1.1354675,1.1441782
1500,1.2080925,1.2080655,1.2053566,1.2141845
1501,1.2116797,1.2116518,1.2089443,1.217778
1502,1.14627,1.1462665,1.1435289,1.1522534
1503,1.1490419,1.1490369,1.1462998,1.1550295
1504,1.1512277,1.1512218,1.1484866,1.1572201
1505,1.1198318,1.1198378,1.1170883,1.1257684
1506,1.0846436,1.084662,1.0818963,1.0905182
1507,1.0594318,1.0594592,1.0566821,1.0652626
1508,1.1429131,1.1429105,1.140171,1.1488903
1509,1.1596553,1.159646,1.1569142,1.1656616
1510,1.2180569,1.2180266,1.2153225,1.2241662
1511,1.2347329,1.2346969,1.2319994,1.2408717
1512,1.2672689,1.2672205,1.2645383,1.2734644
1513,1.2544367,1.2543931,1.2517056,1.2606099
1514,1.3184059,1.3183389,1.31568,1.324692
1515,1.3334019,1.3333297,1.330678,1.3397143
1516,1.3017914,1.3017306,1.2990642,1.3080485
1517,1.3162034,1.3161378,1.3134775,1.3224857
1518,1.3314183,1.331347,1.3286943,1.3377268
1519,1.3265436,1.3264737,1.3238192,1.332844
1520,1.2976558,1.2975965,1.294929,1.3039048
1521,1.2499621,1.2499204,1.2472296,1.2561276
1522,1.1927292,1.1927085,1.1899924,1.1987936
1523,1.2082975,1.2082705,1.2055616,1.2143896
1524,1.1882584,1.1882391,1.1855211,1.1943157
1525,1.3336246,1.3335519,1.3309007,1.339937
1526,1.3867362,1.3866448,1.3840175,1.3931425
