,feature_0,feature_1,feature_2,feature_3,feature_4,feature_5,feature_6,feature_7
0,0.0,0.0,0.0,3.0108404,0.0,0.0,1.2574359,0.0
1,0.0,0.0,0.0,2.8384042,0.0,0.0,1.419535,0.0
2,0.0,0.0,0.0,2.882904,0.0,0.0,1.2429675,0.0
3,0.0,0.0,0.0,2.9587636,0.0,0.0,0.98100287,0.0
4,0.0,0.0,0.0,2.8003883,0.0,0.0,1.1169125,0.0
5,0.0,0.0,0.0,2.9247994,0.0,0.0,0.85156703,0.0
6,0.0,0.0,0.0,3.0218163,0.0,0.0,0.86127114,0.0
7,0.0,0.0,0.0,3.165131,0.0,0.0,0.58836675,0.0
8,0.0,0.0,0.0,3.2047014,0.0,0.0,0.69233346,0.0
9,0.0,0.0,0.0,3.0461416,0.0,0.0,1.2908431,0.0
10,0.0,0.0,0.0,3.0748658,0.0,0.0,1.1527915,0.0
11,0.0,0.0,0.0,3.1116338,0.0,0.0,0.70923567,0.0
12,0.0,0.0,0.0,3.216762,0.0,0.0,0.58383393,0.0
13,0.0,0.0,0.0,3.3625917,0.0,0.0,0.04162979,0.0
14,0.0,0.0,0.0,3.4294658,0.0,0.0,0.19096899,0.0
15,0.0,0.0,0.0,3.554092,0.0,0.0,0.025402725,0.0
16,0.0,0.0,0.0,3.6556735,0.0,0.0,0.010334402,0.0
17,0.0,0.0,0.0,3.540434,0.0,0.0,0.3924928,0.0
18,0.0,0.0,0.0,3.5560389,0.0,0.0,0.3806937,0.0
19,0.0,0.0,0.0,3.4695697,0.0,0.0,0.84901386,0.0
20,0.0,0.0,0.0,3.6307416,0.0,0.0,0.66036034,0.0
21,0.0,0.0,0.0,3.788978,0.0,0.0,0.64619327,0.008772224
22,0.0,0.0,0.0,3.713358,0.0,0.0,0.63589257,0.0
23,0.0,0.0,0.0,3.6883883,0.0,0.0,0.83858687,0.0
24,0.0,0.0,0.0,3.4547095,0.0,0.0,1.2732663,0.0
25,0.0,0.0,0.0,3.4455829,0.0,0.0,1.2658519,0.0
26,0.0,0.0,0.0,3.3659005,0.0,0.0,1.4571458,0.0
27,0.0,0.0,0.0,3.233101,0.0,0.0,1.3336707,0.0
28,0.0,0.0,0.0,3.1860566,0.0,0.0,1.3459932,0.0
29,0.0,0.0,0.0,3.0169196,0.0,0.0,1.3962616,0.0
30,0.0,0.0,0.0,2.9980464,0.0,0.0,1.2780184,0.0
31,0.0,0.0,0.0,2.9050827,0.0,0.0,1.2229856,0.0
32,0.0,0.0,0.0,2.792993,0.0,0.0,1.3025359,0.0
33,0.0,0.0,0.0,2.7028255,0.0,0.0,1.4661971,0.0
34,0.0,0.0,0.0,2.7044587,0.0,0.0,1.2146434,0.0
35,0.0,0.0,0.0,2.613778,0.0,0.0,1.234989,0.0
36,0.0,0.0,0.0,2.8316693,0.0,0.0,0.925517,0.0
37,0.0,0.0,0.0,2.8786812,0.0,0.0,0.92796093,0.0
38,0.0,0.0,0.0,3.0277882,0.0,0.0,0.66155314,0.0
39,0.0,0.0,0.0,2.8394146,0.0,0.0,0.77669126,0.0
40,0.0,0.0,0.0,2.9415674,0.0,0.0,0.52663827,0.0
41,0.0,0.0,0.0,2.7368717,0.0,0.0,0.5758222,0.0
42,0.0,0.0,0.0,2.8026624,0.0,0.0,0.6803274,0.0
43,0.0,0.0,0.0,2.693194,0.0,0.0,0.8449776,0.0
44,0.0,0.0,0.0,2.6375933,0.0,0.0,0.93788093,0.0
45,0.0,0.0,0.0,2.5089526,0.0,0.0,1.2481159,0.0
46,0.0,0.0,0.0,2.5939264,0.0,0.0,0.5554912,0.0
47,0.0,0.0,0.0,2.612472,0.0,0.0,0.7136227,0.0
48,0.0,0.0,0.0,2.4708982,0.0,0.0,1.1237724,0.0
49,0.0,0.0,0.0,2.2656937,0.0,0.0,1.307465,0.0
50,0.0,0.0,0.0,2.1813965,0.0,0.0,1.2070144,0.0
51,0.0,0.0,0.0,1.8060948,0.0,0.0,1.530128,0.0
52,0.0,0.0,0.0,1.598638,0.0,0.0,1.649995,0.0
53,0.0,0.0,0.0,1.4115895,0.0,0.0,1.6149937,0.0
54,0.0,0.0,0.0,1.8423008,0.0,0.0,0.7913525,0.0
55,0.0,0.0,0.0,2.068284,0.0,0.0,0.44763395,0.0
56,0.0,0.0,0.0,1.922638,0.0,0.0,0.676934,0.0
57,0.0,0.0,0.0,1.9849969,0.0,0.0,0.41441625,0.0
58,0.0,0.0,0.0,1.8680407,0.0,0.0,0.34017038,0.0
59,0.0,0.0,0.0,1.8413779,0.0,0.0,0.45016617,0.0
60,0.0,0.0,0.0,1.5827066,0.0,0.0,0.5759189,0.0
61,0.0,0.0,0.0,1.6098888,0.0,0.0,0.5259224,0.0
62,0.0,0.0,0.0,2.095686,0.0,0.0,0.7655646,1.0308889
63,0.0,0.0,0.0,2.1043606,0.0,0.0,0.97357386,1.2176013
64,0.0,0.0,0.0,1.8007402,0.0,0.0,1.5727412,1.4144166
65,0.0,0.0,0.0,1.1758394,0.0,0.0,1.8740789,1.266419
66,0.0,0.0,0.0,1.2579957,0.0,0.0,1.6529182,1.4013376
67,0.0,0.0,0.0,0.7849882,0.0,0.0,2.300178,1.8606701
68,0.0,0.0,0.0,1.2627937,0.0,0.0,1.6847733,1.8336003
69,0.0,0.0,0.0,1.4935483,0.0,0.0,0.854593,1.2204797
70,0.0,0.0,0.0,1.2740552,0.0,0.0,1.1253502,1.2348757
71,0.0,0.0,0.0,0.9153222,0.0,0.0,1.3291386,1.431012
72,0.0,0.0,0.0,0.8876473,0.0,0.0,1.4038705,1.4814087
73,0.0,0.0,0.0,1.1360912,0.0,0.0,1.0894833,1.7100487
74,0.0,0.0,0.0,1.2090791,0.0,0.0,1.3828301,1.9670875
75,0.0,0.0,0.0,0.8742708,0.0,0.0,1.7222284,2.0425892
76,0.0,0.0,0.0,0.9240329,0.0,0.0,1.9089835,2.5824633
77,0.0,0.0,0.0,0.4387884,0.0,0.0,1.8978063,2.1895115
78,0.0,0.0,0.0,0.017917275,0.0,0.0,1.784853,1.7564051
79,0.0,0.0,0.0,0.035957173,0.0,0.0,1.6202483,2.2464209
80,0.0,0.0,0.0,0.19336012,0.0,0.0,1.5299656,2.0246181
81,0.0,0.0,0.0,0.5793525,0.0,0.0,1.1062448,2.347336
82,0.0,0.0,0.0,0.8583348,0.0,0.0,1.1230891,2.708979
83,0.0,0.0,0.0,1.1063421,0.0,0.0,0.70157206,2.8152466
84,0.0,0.0,0.0,1.286112,0.0,0.0,0.48104328,3.0703416
85,0.0,0.0,0.0,1.2818354,0.0,0.0,0.422006,2.8339443
86,0.0,0.0,0.0,0.97028923,0.0,0.0,0.720806,2.8615718
87,0.0,0.0,0.0,1.3345891,0.0,0.0,0.8741384,3.518861
88,0.0,0.0,0.0,1.6068368,0.0,0.0,0.6234707,3.557963
89,0.0,0.0,0.0,1.6830846,0.0,0.0,1.009225,4.065015
90,0.0,0.0,0.0,1.5863998,0.0070459805,0.0,0.79737484,4.000437
91,0.0,0.0,0.0,1.2237072,0.11215988,0.0,1.4737641,4.0201836
92,0.0,0.0,0.0,1.1936728,0.07926071,0.0,0.86967564,3.4894311
93,0.0,0.0,0.0,1.2024401,0.10823879,0.0,1.3873396,3.7037275
94,0.0,0.0,0.0,1.01666,0.1695458,0.0,1.9034559,3.9314399
95,0.0,0.0,0.0,0.9480051,0.19721797,0.0,1.6299521,3.7316647
96,0.0,0.0,0.0,0.8457662,0.26671803,0.0,1.9795737,4.028799
97,0.0,0.0,0.0,0.7450639,0.28120264,0.0,1.7541255,3.930279
98,0.0,0.0,0.0,0.9813025,0.30758828,0.0,1.7040322,4.11831
99,0.0,0.0,0.0,1.0378798,0.27288738,0.0,1.5777594,4.104661
100,0.0,0.0,0.0,1.2292416,0.24132013,0.0,1.3854102,4.293232
101,0.0,0.0,0.0,1.4397943,0.18844885,0.0,1.3157941,4.4628224
102,0.0,0.0,0.0,1.7684925,0.18961573,0.0,1.3878484,5.014867
103,0.0,0.0,0.0,1.7514217,0.16168344,0.0,1.0299798,4.890159
104,0.0,0.0,0.0,1.5988464,0.226239,0.0,1.4843639,4.9529653
105,0.0,0.0,0.0,1.5489306,0.18599916,0.0,1.0969859,4.583957
106,0.0,0.0,0.0,1.5035019,0.18038368,0.0,1.0464406,4.4702563
107,0.0,0.0,0.0,1.6491475,0.16367543,0.0,1.0099103,4.663425
108,0.0,0.0,0.0,1.9269494,0.04822552,0.0,0.660051,4.838163
109,0.0,0.0,0.0,2.0788589,0.035441633,0.0,0.9421319,4.9451985
110,0.0,0.0,0.0,2.3850822,0.0,0.0,0.83279544,5.3372726
111,0.0,0.0,0.0,2.4024434,0.0,0.0,0.84804285,5.1329846
112,0.0,0.0,0.0,2.1314793,0.022563692,0.0,1.3492094,5.0901484
113,0.0,0.0,0.0,2.236341,0.0,0.0,1.1579676,4.9692836
114,0.0,0.0,0.0,2.2825985,0.0016082488,0.0,1.4222943,5.112547
115,0.0,0.0,0.0,2.2938018,0.0,0.0,1.1432757,4.820125
116,0.0,0.0,0.0,2.5226278,0.0,0.0,1.3946815,5.3135896
117,0.0,0.0,0.0,2.3884087,0.0,0.0,1.7110244,5.346502
118,0.0,0.0,0.0,2.3094978,0.013825949,0.0,1.8158878,5.282229
119,0.0,0.0,0.0,2.0852814,0.10184777,0.0,2.1775556,5.2583275
120,0.0,0.0,0.0,1.9240397,0.14449817,0.0,2.3381767,5.102141
121,0.0,0.0,0.0,1.9500338,0.10495645,0.0,2.2014384,5.013036
122,0.0,0.0,0.0,1.8131089,0.084664166,0.0,1.9107672,4.6009183
123,0.0,0.0,0.0,1.8570932,0.07885462,0.0,1.82667,4.637822
124,0.0,0.0,0.0,1.9375628,0.025209185,0.0,1.4716662,4.581428
125,0.0,0.0,0.0,2.2260628,0.0,0.0,1.3335508,4.7981315
126,0.0,0.0,0.0,2.1903057,0.0,0.0,1.2205914,4.591023
127,0.0,0.0,0.0,1.5370884,0.0,0.0,0.82670677,3.642746
128,0.0,0.0,0.0,1.2818383,0.0,0.0,0.908041,3.269989
129,0.0,0.0,0.0,1.2771393,0.0,0.0,0.7912786,3.2319226
130,0.0,0.0,0.0,1.1118352,0.023725178,0.0,0.86810243,3.16157
131,0.0,0.0,0.0,0.9444256,0.07386762,0.0,1.0293086,3.064801
132,0.0,0.0,0.0,0.8028039,0.057875987,0.0,0.7232359,2.685845
133,0.0,0.0,0.0,0.5956305,0.19125846,0.0,1.0994008,2.953752
134,0.0,0.0,0.0,0.52177155,0.18923137,0.0,0.6570387,2.607961
135,0.0,0.0,0.0,0.48124272,0.1839709,0.0,0.5233033,2.5170984
136,0.0,0.0,0.0,0.40214032,0.27306643,0.0,0.7662901,2.7510462
137,0.0,0.0,0.0,0.31096274,0.3239575,0.0,1.0078764,2.8611772
138,0.0,0.0,0.0,0.29011714,0.31466126,0.0,0.77586746,2.6589181
139,0.0,0.0,0.0,0.29370463,0.34033206,0.0,0.66388094,2.7475934
140,0.0,0.0,0.0,0.24545133,0.18765187,0.0,0.11065358,2.2746856
141,0.0,0.0,0.0,0.4101501,0.24797785,0.0,0.2480806,2.725261
142,0.0,0.0,0.0,0.43326253,0.3091562,0.0,0.44736636,2.9363263
143,0.0,0.0,0.0,0.42148966,0.3309363,0.0,0.4435179,2.9310637
144,0.0,0.0,0.0,0.45601648,0.3053681,0.0,0.21125747,2.9274955
145,0.0,0.0,0.0,0.5455455,0.23454824,0.0,0.010878086,2.9419417
146,0.0,0.0,0.0,0.8503424,0.08768427,0.0,0.0,3.0409455
147,0.0,0.0,0.0,0.9192829,0.029662278,0.0,0.0,2.9732952
148,0.0,0.0,0.0,0.9821589,0.0,0.0,0.0,2.992799
149,0.0,0.0,0.0,0.80495155,0.104167104,0.0,0.0,2.9842706
150,0.0,0.0,0.0,0.6964824,0.20249936,0.0,0.083465815,3.0672681
151,0.0,0.0,0.0,1.133726,0.27226126,0.0,0.45549974,4.0373917
152,0.0,0.0,0.0,1.2604592,0.2685395,0.0,0.8199587,4.280621
153,0.0,0.0,0.0,1.0714197,0.3294654,0.0,1.2444333,4.325947
154,0.0,0.0,0.0,1.2921392,0.3510186,0.0,1.5885116,4.841225
155,0.0,0.0,0.0,1.392303,0.36024725,0.0,1.6403002,4.997611
156,0.0,0.0,0.0,1.2678007,0.38916945,0.0,1.772376,4.9132338
157,0.0,0.0,0.0,1.346479,0.37291414,0.0,1.6418821,5.0236573
158,0.0,0.0,0.0,1.25706,0.38982964,0.0,1.8868728,4.9777627
159,0.0,0.0,0.0,1.3742658,0.37357676,0.0,1.6853151,5.064919
160,0.0,0.0,0.0,1.2666833,0.39244184,0.0,1.6970782,4.9439416
161,0.0,0.0,0.0,1.2011961,0.40457958,0.0,1.5472275,4.8547173
162,0.0,0.0,0.0,1.0407712,0.36618805,0.0,1.6391009,4.51711
163,0.0,0.0,0.0,0.9667194,0.40405306,0.0,1.88355,4.5222306
164,0.0,0.0,0.0,1.0885992,0.4388073,0.0,1.8724829,4.894715
165,0.0,0.0,0.0,0.9944614,0.42593607,0.0,1.5738825,4.618589
166,0.0,0.0,0.0,0.84767365,0.4725524,0.0,1.5916556,4.541947
167,0.0,0.0,0.0,0.7809171,0.4219988,0.0,1.6395953,4.3016925
168,0.0,0.0,0.0,0.7260412,0.51764244,0.0,1.4175951,4.431146
169,0.0,0.0,0.0,0.588727,0.5149905,0.0,1.0797368,4.128533
170,0.0,0.0,0.0,0.64998126,0.5328969,0.0,1.0181291,4.1911354
171,0.0,0.0,0.0,0.8171464,0.4695204,0.0,0.8381671,4.350943
172,0.0,0.0,0.0,1.0481074,0.41550142,0.0,0.60882956,4.501872
173,0.0,0.0,0.0,1.0648587,0.4080577,0.0,0.46678153,4.4305687
174,0.0,0.0,0.0,1.2524629,0.36252087,0.0,0.47768778,4.5131245
175,0.0,0.0,0.0,1.2531586,0.3299238,0.0,0.4133852,4.390164
176,0.0,0.0,0.0,1.1100534,0.36942035,0.0,0.4844239,4.3226643
177,0.0,0.0,0.0,1.3747133,0.33359146,0.0,0.60916615,4.735208
178,0.0,0.0,0.0,1.5547751,0.26487625,0.0,0.49458158,4.7943263
179,0.0,0.0,0.0,1.5031577,0.26913118,0.0,0.45139158,4.6944003
180,0.0,0.0,0.0,1.7457423,0.23953998,0.0,0.6623881,5.0921173
181,0.0,0.0,0.0,1.7218883,0.22636536,0.0,0.6115023,4.916206
182,0.0,0.0,0.0,1.4563125,0.27754676,0.0,0.7891976,4.700813
183,0.0,0.0,0.0,1.4849862,0.29339927,0.0,0.9545305,4.7728167
184,0.0,0.0,0.0,1.4848646,0.32490712,0.0,1.2260215,4.982208
185,0.0,0.0,0.0,1.7688614,0.22881347,0.0,0.87420696,5.195623
186,0.0,0.0,0.0,1.9973484,0.19960922,0.0,1.132275,5.3678136
187,0.0,0.0,0.0,2.1049318,0.14983428,0.0,1.0155623,5.3923593
188,0.0,0.0,0.0,2.1211634,0.13927913,0.0,1.0115414,5.3167367
189,0.0,0.0,0.0,1.9647034,0.18187201,0.0,1.2440051,5.2930984
190,0.0,0.0,0.0,2.206612,0.14255327,0.0,1.3831846,5.5882607
191,0.0,0.0,0.0,2.5455942,0.04588246,0.0,1.5023628,5.9624186
192,0.0,0.0,0.0,2.655415,0.027034935,0.0,1.6477014,6.037729
193,0.0,0.0,0.0,2.754233,0.0,0.0,1.587174,6.0068936
194,0.0,0.0,0.0,2.6739726,0.0,0.0,1.5696884,5.840379
195,0.0,0.0,0.0,2.661191,0.0,0.0,1.5606234,5.8014703
196,0.0,0.0,0.0,2.4856324,0.027395125,0.0,1.9043322,5.7937922
197,0.0,0.0,0.0,2.335423,0.030748185,0.0,2.1316109,5.603518
198,0.0,0.0,0.0,2.4195566,0.015652474,0.0,2.0399904,5.6032405
199,0.0,0.0,0.0,2.4422421,0.0,0.0,1.9909686,5.516718
200,0.0,0.0,0.0,2.2982287,0.061758276,0.0,2.3232946,5.568317
201,0.0,0.0,0.0,2.0269647,0.060749467,0.0,2.2010498,5.115351
202,0.0,0.0,0.0,2.0779276,0.03484815,0.0,1.9260681,5.0051017
203,0.0,0.0,0.0,2.2397056,0.0,0.0,1.7177578,5.041052
204,0.0,0.0,0.0,2.333294,0.0,0.0,1.1982334,4.786178
205,0.0,0.0,0.0,2.5671134,0.0,0.0,1.2066641,4.8969264
206,0.0,0.0,0.0,2.8180661,0.0,0.0,1.3349254,5.291388
207,0.0,0.0,0.0,2.940072,0.0,0.0,1.1700034,5.165175
208,0.0,0.0,0.0,3.1710577,0.0,0.0,1.3559449,5.492619
209,0.0,0.0,0.0,3.018074,0.0,0.0,1.283703,5.113022
210,0.0,0.0,0.0,3.1257472,0.0,0.0,1.5610263,5.3799767
211,0.0,0.0,0.0,3.1380606,0.0,0.0,1.6143466,5.2758155
212,0.0,0.0,0.0,2.9015594,0.0,0.0,1.8399533,5.2476172
213,0.0,0.0,0.0,3.064324,0.0,0.0,1.8634669,5.39117
214,0.0,0.0,0.0,3.0059118,0.0,0.0,1.895964,5.327437
215,0.0,0.0,0.0,3.1039672,0.0,0.0,1.5416377,5.015174
216,0.0,0.0,0.0,3.02456,0.0,0.0,1.5686237,4.770571
217,0.0,0.0,0.0,3.0059643,0.0,0.0,1.7924095,4.8550344
218,0.0,0.0,0.0,2.9987044,0.0,0.0,2.0205536,4.978917
219,0.0,0.0,0.0,2.9607477,0.0,0.0,2.0546727,4.9087315
220,0.0,0.0,0.0,2.861525,0.0,0.0,1.9855894,4.6711297
221,0.0,0.0,0.0,3.1665702,0.0,0.0,1.7944928,5.131326
222,0.0,0.0,0.0,3.3539925,0.0,0.0,1.6127105,5.051521
223,0.0,0.0,0.0,3.6170478,0.0,0.0,1.5140649,5.1426096
224,0.0,0.0,0.0,3.590026,0.0,0.0,1.6839441,5.0599437
225,0.0,0.0,0.0,3.72445,0.0,0.0,1.7485462,5.231028
226,0.0,0.0,0.0,3.6758628,0.0,0.0,1.8396678,5.1595464
227,0.0,0.0,0.0,3.7163959,0.0,0.0,1.7820028,5.05049
228,0.0,0.0,0.0,3.4835043,0.0,0.0,1.8872616,4.710013
229,0.0,0.0,0.0,3.4011269,0.0,0.0,2.1412408,4.7472587
230,0.0,0.0,0.0,3.534719,0.0,0.0,1.8171798,4.778936
231,0.0,0.0,0.0,3.7390542,0.0,0.0,1.9678355,5.033939
232,0.0,0.0,0.0,3.6585488,0.0,0.0,1.7745233,4.7150674
233,0.0,0.0,0.0,3.585598,0.0,0.0,2.0880785,4.7861347
234,0.0,0.0,0.0,3.3222694,0.0,0.0,2.2836509,4.5473847
235,0.0,0.0,0.0,3.2879028,0.0,0.0,2.4152923,4.5447536
236,0.0,0.0,0.0,3.2204475,0.0,0.0,2.63555,4.671306
237,0.0,0.0,0.0,3.2270045,0.0,0.0,2.4785209,4.596265
238,0.0,0.0,0.0,3.2198434,0.0,0.0,2.2873898,4.4032083
239,0.0,0.0,0.0,2.9181418,0.0,0.0,2.4633708,4.1984653
240,0.0,0.0,0.0,3.1212864,0.0,0.0,2.247356,4.3088403
241,0.0,0.0,0.0,3.2855582,0.0,0.0,2.0022163,4.3326964
242,0.0,0.0,0.0,3.40059,0.0,0.0,1.8830204,4.3292465
243,0.0,0.0,0.0,3.4228892,0.0,0.0,1.8970304,4.2901225
244,0.0,0.0,0.0,3.3119464,0.0,0.0,1.8770453,4.0876017
245,0.0,0.0,0.0,3.0758343,0.0,0.0,1.655341,3.6769047
246,0.0,0.0,0.0,3.0638871,0.0,0.0,1.7112204,3.740485
247,0.0,0.0,0.0,2.8828707,0.0,0.0,1.6210482,3.4272313
248,0.0,0.0,0.0,3.0127153,0.0,0.0,1.8110883,3.732666
249,0.0,0.0,0.0,2.9517913,0.0,0.0,1.9783455,3.8069487
250,0.0,0.0,0.0,2.9011388,0.0,0.0,1.8573219,3.6660643
251,0.0,0.0,0.0,2.8956895,0.0,0.0,1.7957445,3.6276362
252,0.0,0.0,0.0,2.7017117,0.0,0.0,2.0328631,3.5686886
253,0.0,0.0,0.0,2.8479586,0.0,0.0,1.810766,3.6428695
254,0.0,0.0,0.0,2.851757,0.0,0.0,1.4218572,3.3321233
255,0.0,0.0,0.0,2.7567601,0.0,0.0,1.079775,2.911988
256,0.0,0.0,0.0,2.9459825,0.0,0.0,1.0368485,3.1904445
257,0.0,0.0,0.0,3.2362638,0.0,0.0,0.8679702,3.3983827
258,0.0,0.0,0.0,3.3787007,0.0,0.0,0.8849678,3.4385352
259,0.0,0.0,0.0,3.294293,0.0,0.0,1.0148187,3.3425436
260,0.0,0.0,0.0,3.5271254,0.0,0.0,1.0943213,3.672665
261,0.0,0.0,0.0,3.6780028,0.0,0.0,1.068092,3.692491
262,0.0,0.0,0.0,3.7534213,0.0,0.0,1.0960264,3.6889286
263,0.0,0.0,0.0,3.9363332,0.0,0.0,1.2542932,3.9490952
264,0.0,0.0,0.0,3.8076754,0.0,0.0,1.3149139,3.7975347
265,0.0,0.0,0.0,3.8105278,0.0,0.0,1.3107712,3.7032294
266,0.0,0.0,0.0,3.8140092,0.0,0.0,1.2317697,3.4982684
267,0.0,0.0,0.0,3.9346132,0.0,0.0,1.2758186,3.6074023
268,0.0,0.0,0.0,3.9834604,0.0,0.0,1.3575305,3.5871174
269,0.0,0.0,0.0,3.9043512,0.0,0.0,1.6796335,3.6385472
270,0.0,0.0,0.0,3.9713836,0.0,0.0,1.5546147,3.668035
271,0.0,0.0,0.0,3.8568907,0.0,0.0,1.6871508,3.5701904
272,0.0,0.0,0.0,3.9769025,0.0,0.0,1.6410983,3.6283054
273,0.0,0.0,0.0,4.1002984,0.0,0.0,1.683372,3.736734
274,0.0,0.0,0.0,3.85471,0.0,0.0,1.9348732,3.5066078
275,0.0,0.0,0.0,3.9639497,0.0,0.0,1.7464635,3.4953175
276,0.0,0.0,0.0,4.0854187,0.0,0.0,1.8449899,3.6648388
277,0.0,0.0,0.0,3.7237244,0.0,0.0,2.1201973,3.3547807
278,0.0,0.0,0.0,3.714511,0.0,0.0,2.1226258,3.2825556
279,0.0,0.0,0.0,3.6395683,0.0,0.0,2.3250685,3.267897
280,0.0,0.0,0.0,3.6251693,0.0,0.0,1.8604177,2.9678352
281,0.0,0.0,0.0,3.5081787,0.0,0.0,1.8181504,2.7584481
282,0.0,0.0,0.0,3.515676,0.0,0.0,1.58912,2.603544
283,0.0,0.0,0.0,3.6163325,0.0,0.0,1.6451085,2.8235643
284,0.0,0.0,0.0,3.5152473,0.0,0.0,1.517155,2.5313835
285,0.0,0.0,0.0,3.422892,0.0,0.0,1.6134971,2.4761627
286,0.0,0.0,0.0,3.3591008,0.0,0.0,1.5350503,2.344489
287,0.0,0.0,0.0,3.07765,0.0,0.0,1.6875867,2.0905
288,0.0,0.0,0.0,3.170918,0.0,0.0,1.6026418,2.1463244
289,0.0,0.0,0.0,3.0223908,0.0,0.0,1.6544158,2.0808547
290,0.0,0.0,0.0,3.098208,0.0,0.0,1.5113745,2.1284277
291,0.0,0.0,0.0,3.1805272,0.0,0.0,1.1340661,2.0975728
292,0.0,0.0,0.0,3.4464583,0.0,0.0,1.0850179,2.3451486
293,0.0,0.0,0.0,3.6601353,0.0,0.0,0.99735546,2.5823998
294,0.0,0.0,0.0,3.5873852,0.0,0.0,1.016028,2.3207574
295,0.0,0.0,0.0,3.6807508,0.0,0.0,0.97242355,2.4069917
296,0.0,0.0,0.0,3.706061,0.0,0.0,0.970507,2.3671145
297,0.0,0.0,0.0,3.652741,0.0,0.0,1.1350588,2.380213
298,0.0,0.0,0.0,3.7697415,0.0,0.0,1.2816894,2.5691319
299,0.0,0.0,0.0,3.8560472,0.0,0.0,1.1526736,2.625991
300,0.0,0.0,0.0,4.023933,0.0,0.0,1.076066,2.681312
301,0.0,0.0,0.0,4.1670103,0.0,0.0,1.3006438,2.9944987
302,0.0,0.0,0.0,4.093937,0.0,0.0,1.3680043,2.8915284
303,0.0,0.0,0.0,4.176239,0.0,0.0,1.3961214,2.947572
304,0.0,0.0,0.0,4.147175,0.0,0.0,1.456085,2.893037
305,0.0,0.0,0.0,3.9223213,0.0,0.0,1.8358525,2.832733
306,0.0,0.0,0.0,4.0111194,0.0,0.0,2.0391917,3.087254
307,0.0,0.0,0.0,3.823657,0.0,0.0,2.1474495,2.8857174
308,0.0,0.0,0.0,3.9143553,0.0,0.0,1.9664356,2.916357
309,0.0,0.0,0.0,3.9439,0.0,0.0,2.0145931,2.9707358
310,0.0,0.0,0.0,3.7744274,0.0,0.0,2.3342652,3.1163955
311,0.0,0.0,0.0,3.835372,0.0,0.0,2.3483276,3.2164376
312,0.0,0.0,0.0,3.9169483,0.0,0.0,2.25416,3.2343307
313,0.0,0.0,0.0,4.087278,0.0,0.0,2.0783582,3.2945259
314,0.0,0.0,0.0,4.174997,0.0,0.0,1.8756919,3.2060118
315,0.0,0.0,0.0,4.095658,0.0,0.0,1.7149067,2.9456396
316,0.0,0.0,0.0,3.9864964,0.0,0.0,1.6135217,2.6735563
317,0.0,0.0,0.0,3.9336314,0.0,0.0,1.4081014,2.5037467
318,0.0,0.0,0.0,4.141371,0.0,0.0,1.3244835,2.7243614
319,0.0,0.0,0.0,4.2325425,0.0,0.0,1.2456586,2.6772823
320,0.0,0.0,0.0,4.157476,0.0,0.0,1.2668146,2.5193791
321,0.0,0.0,0.0,4.2068753,0.0,0.0,1.3358785,2.5991623
322,0.0,0.0,0.0,4.4189687,0.0,0.0,1.3014058,2.8105497
323,0.0,0.0,0.0,4.3755145,0.0,0.0,1.3266817,2.6922414
324,0.0,0.0,0.0,4.2887235,0.0,0.0,1.4220263,2.6199536
325,0.0,0.0,0.0,4.414902,0.0,0.0,1.3983548,2.7145724
326,0.0,0.0,0.0,4.387548,0.0,0.0,1.8029417,2.9367552
327,0.0,0.0,0.0,4.274332,0.0,0.0,1.9580669,2.8477082
328,0.0,0.0,0.0,4.0760117,0.0,0.0,2.2463832,2.868833
329,0.0,0.0,0.0,4.2363486,0.0,0.0,2.0315151,2.903352
330,0.0,0.0,0.0,4.166886,0.0,0.0,2.3057318,3.0055647
331,0.0,0.0,0.0,4.10515,0.0,0.0,2.3887935,2.9871454
332,0.0,0.0,0.0,4.1484985,0.0,0.0,2.1537657,2.855968
333,0.0,0.0,0.0,4.144717,0.0,0.0,2.1718373,2.872188
334,0.0,0.0,0.0,4.1513515,0.0,0.0,1.8734962,2.6679125
335,0.0,0.0,0.0,4.2699113,0.0,0.0,1.7578497,2.7260864
336,0.0,0.0,0.0,4.3181,0.0,0.0,1.5984182,2.5411944
337,0.0,0.0,0.0,4.3223195,0.0,0.0,1.3714498,2.4141998
338,0.0,0.0,0.0,4.300051,0.0,0.0,1.4609443,2.3976994
339,0.0,0.0,0.0,4.412101,0.0,0.0,1.4388198,2.5656126
340,0.0,0.0,0.0,4.6052895,0.0,0.0,1.3658253,2.722006
341,0.0,0.0,0.0,4.6207237,0.0,0.0,1.5157748,2.7045178
342,0.0,0.0,0.0,4.5070624,0.0,0.0,1.4375595,2.4682102
343,0.0,0.0,0.0,4.5506616,0.0,0.0,1.6067481,2.6167011
344,0.0,0.0,0.0,4.5411086,0.0,0.0,1.8219625,2.7704196
345,0.0,0.0,0.0,4.564787,0.0,0.0,1.6624888,2.6637654
346,0.0,0.0,0.0,4.395541,0.0,0.0,1.7772974,2.4564705
347,0.0,0.0,0.0,4.4035063,0.0,0.0,1.7956167,2.4898694
348,0.0,0.0,0.0,4.2623863,0.0,0.0,1.9949598,2.342574
349,0.0,0.0,0.0,3.5605206,0.0,0.0,2.4852343,1.9263163
350,0.0,0.0,0.0,3.7954445,0.0,0.0,1.8344352,1.7822984
351,0.0,0.0,0.0,4.005555,0.0,0.0,1.8181751,2.0237458
352,0.0,0.0,0.0,4.0117064,0.0,0.0,1.5947168,1.8464159
353,0.0,0.0,0.0,4.0788484,0.0,0.0,1.5055718,1.863224
354,0.0,0.0,0.0,4.0405955,0.0,0.0,1.4633901,1.80265
355,0.0,0.0,0.0,4.085348,0.0,0.0,1.4024892,1.8104267
356,0.0,0.0,0.0,3.9498515,0.0,0.0,1.5131291,1.7493764
357,0.0,0.0,0.0,3.7633018,0.0,0.0,1.6601467,1.6492943
358,0.0,0.0,0.0,3.7481594,0.0,0.0,1.5802181,1.6142061
359,0.0,0.0,0.0,3.7214084,0.0,0.0,1.4764961,1.527493
360,0.0,0.0,0.0,3.7671738,0.0,0.0,1.4348631,1.6003273
361,0.0,0.0,0.0,3.7793908,0.0,0.0,1.3221593,1.570475
362,0.0,0.0,0.0,3.658269,0.0,0.0,1.4647323,1.5102541
363,0.0,0.0,0.0,3.4580312,0.0,0.0,1.5335013,1.3286209
364,0.0,0.0,0.0,3.3279076,0.0,0.0,1.5408847,1.2754729
365,0.0,0.0,0.0,3.2523632,0.0,0.0,1.6123859,1.2685456
366,0.0,0.0,0.0,3.2622366,0.0,0.0,1.497424,1.2600876
367,0.0,0.0,0.0,3.3559833,0.0,0.0,1.3865105,1.3422145
368,0.0,0.0,0.0,3.455402,0.0,0.0,1.2250302,1.3553628
369,0.0,0.0,0.0,3.4245715,0.0,0.0,1.038622,1.211307
370,0.0,0.0,0.0,3.4784713,0.0,0.0,1.074723,1.3255063
371,0.0,0.0,0.0,3.4223533,0.0,0.0,1.0639777,1.2370493
372,0.0,0.0,0.0,3.5835762,0.0,0.0,0.97789884,1.4219731
373,0.0,0.0,0.0,3.7612305,0.0,0.0,1.1005216,1.7046115
374,0.0,0.0,0.0,3.8593469,0.0,0.0,0.8374441,1.6852086
375,0.0,0.0,0.0,3.9472108,0.0,0.0,0.74130297,1.669405
376,0.0,0.0,0.0,3.9769511,0.0,0.0,0.90995425,1.7397492
377,0.0,0.0,0.0,3.9947324,0.0,0.0,0.9371364,1.7672592
378,0.0,0.0,0.0,3.9743786,0.0,0.0,0.9044442,1.6387985
379,0.0,0.0,0.0,3.9440594,0.0,0.0,0.9953345,1.65278
380,0.0,0.0,0.0,3.7028203,0.0,0.0,1.2915171,1.5829353
381,0.0,0.0,0.0,3.7117243,0.0,0.0,1.3097965,1.5761015
382,0.0,0.0,0.0,3.687026,0.0,0.0,1.3670175,1.6271926
383,0.0,0.0,0.0,3.5875964,0.0,0.0,1.4715133,1.5863456
384,0.0,0.0,0.0,3.5788002,0.0,0.0,1.435534,1.5486414
385,0.0,0.0,0.0,3.4980478,0.0,0.0,1.5995662,1.5827355
386,0.0,0.0,0.0,3.3035946,0.0,0.0,1.6868507,1.4791727
387,0.0,0.0,0.0,3.2358584,0.0,0.0,1.8825117,1.6932497
388,0.0,0.0,0.0,3.30192,0.0,0.0,1.8446133,1.8079313
389,0.0,0.0,0.0,3.1016054,0.0,0.0,1.8982404,1.658696
390,0.0,0.0,0.0,3.0265431,0.0,0.0,1.8868879,1.656157
391,0.0,0.0,0.0,3.068534,0.0,0.0,1.6361357,1.6029775
392,0.0,0.0,0.0,3.0360284,0.0,0.0,1.5906414,1.6393013
393,0.0,0.0,0.0,3.0918956,0.0,0.0,1.5668914,1.7377386
394,0.0,0.0,0.0,3.1156511,0.0,0.0,1.4307117,1.6397287
395,0.0,0.0,0.0,3.2215395,0.0,0.0,1.2095104,1.6646045
396,0.0,0.0,0.0,3.1060042,0.0,0.0,1.2784896,1.5774008
397,0.0,0.0,0.0,2.8608732,0.0,0.0,1.6472781,1.6760757
398,0.0,0.0,0.0,2.85507,0.0,0.0,1.5155697,1.6367412
399,0.0,0.0,0.0,2.8862386,0.0,0.0,1.3694788,1.6193246
400,0.0,0.0,0.0,3.0157428,0.0,0.0,1.3321856,1.7190498
401,0.0,0.0,0.0,3.162527,0.0,0.0,1.12889,1.8450425
402,0.0,0.0,0.0,3.2596927,0.0,0.0,1.1049156,1.9593909
403,0.0,0.0,0.0,3.2904081,0.0,0.0,0.9632926,1.8798206
404,0.0,0.0,0.0,3.4282641,0.0,0.0,1.2158753,2.2279313
405,0.0,0.0,0.0,3.2674227,0.0,0.0,1.5196923,2.2483356
406,0.0,0.0,0.0,3.3669314,0.0,0.0,1.1721694,2.1851585
407,0.0,0.0,0.0,3.4014835,0.0,0.0,1.1026454,2.158466
408,0.0,0.0,0.0,3.4470735,0.0,0.0,1.175228,2.2937675
409,0.0,0.0,0.0,3.509677,0.0,0.0,1.2367564,2.4365687
410,0.0,0.0,0.0,3.6137505,0.0,0.0,1.2529019,2.5551884
411,0.0,0.0,0.0,3.7198648,0.0,0.0,1.1000571,2.6405582
412,0.0,0.0,0.0,3.6699939,0.0,0.0,1.105798,2.5427566
413,0.0,0.0,0.0,3.7042418,0.0,0.0,1.2069796,2.5901442
414,0.0,0.0,0.0,3.6183171,0.0,0.0,1.3440547,2.5271792
415,0.0,0.0,0.0,3.554226,0.0,0.0,1.2179886,2.3831978
416,0.0,0.0,0.0,3.6621428,0.0,0.0,1.0411928,2.3748653
417,0.0,0.0,0.0,3.762082,0.0,0.0,1.1162534,2.4820058
418,0.0,0.0,0.0,3.763708,0.0,0.0,1.1608331,2.4418983
419,0.0,0.0,0.0,3.6889462,0.0,0.0,1.1394852,2.2779095
420,0.0,0.0,0.0,3.7407575,0.0,0.0,1.1682664,2.3513203
421,0.0,0.0,0.0,3.7546182,0.0,0.0,1.3615571,2.5060139
422,0.0,0.0,0.0,3.7450047,0.0,0.0,1.4375256,2.4806833
423,0.0,0.0,0.0,3.753096,0.0,0.0,1.2402354,2.3782263
424,0.0,0.0,0.0,3.7931528,0.0,0.0,1.2348567,2.3735242
425,0.0,0.0,0.0,3.7650452,0.0,0.0,1.2374277,2.3176746
426,0.0,0.0,0.0,3.598143,0.0,0.0,1.4777485,2.2112684
427,0.0,0.0,0.0,3.6287823,0.0,0.0,1.4400511,2.2119505
428,0.0,0.0,0.0,3.609799,0.0,0.0,1.4898123,2.1808023
429,0.0,0.0,0.0,3.5562792,0.0,0.0,1.9326023,2.351873
430,0.0,0.0,0.0,3.6417217,0.0,0.0,1.7040362,2.4198985
431,0.0,0.0,0.0,3.748168,0.0,0.0,1.4589058,2.4039054
432,0.0,0.0,0.0,3.7839723,0.0,0.0,1.3186932,2.390544
433,0.0,0.0,0.0,3.7618265,0.0,0.0,1.3528911,2.355545
434,0.0,0.0,0.0,3.888783,0.0,0.0,1.2952579,2.4995534
435,0.0,0.0,0.0,3.9340281,0.0,0.0,1.0826612,2.394332
436,0.0,0.0,0.0,4.034605,0.0,0.0,1.2243743,2.5207436
437,0.0,0.0,0.0,4.1828294,0.0,0.0,1.2292423,2.676121
438,0.0,0.0,0.0,4.3004665,0.0,0.0,1.3649393,2.7858655
439,0.0,0.0,0.0,4.283515,0.0,0.0,1.4449791,2.7883413
440,0.0,0.0,0.0,4.2474236,0.0,0.0,1.4066385,2.6393516
441,0.0,0.0,0.0,4.2339425,0.0,0.0,1.4092938,2.5731575
442,0.0,0.0,0.0,4.11629,0.0,0.0,1.5426886,2.532857
443,0.0,0.0,0.0,3.93299,0.0,0.0,1.8322994,2.5084548
444,0.0,0.0,0.0,4.050449,0.0,0.0,1.8347865,2.616881
445,0.0,0.0,0.0,3.9785576,0.0,0.0,1.7825686,2.4585624
446,0.0,0.0,0.0,3.9494414,0.0,0.0,1.9702189,2.5928297
447,0.0,0.0,0.0,3.8090525,0.0,0.0,1.9561676,2.3513665
448,0.0,0.0,0.0,3.893938,0.0,0.0,1.7900547,2.3676393
449,0.0,0.0,0.0,3.7773604,0.0,0.0,1.8942267,2.3115447
450,0.0,0.0,0.0,3.7363205,0.0,0.0,2.1462288,2.569293
451,0.0,0.0,0.0,3.6806202,0.0,0.0,2.0857687,2.4505773
452,0.0,0.0,0.0,3.812541,0.0,0.0,2.035247,2.6587753
453,0.0,0.0,0.0,3.7618876,0.0,0.0,2.1879907,2.7221627
454,0.0,0.0,0.0,3.708105,0.0,0.0,2.0366817,2.5489106
455,0.0,0.0,0.0,3.4860597,0.0,0.0,2.2084208,2.5440943
456,0.0,0.0,0.0,3.3538074,0.0,0.0,2.1776133,2.4516213
457,0.0,0.0,0.0,3.3421917,0.0,0.0,2.2688928,2.639421
458,0.0,0.0,0.0,3.4408622,0.0,0.0,1.9076194,2.4315338
459,0.0,0.0,0.0,3.3397303,0.0,0.0,1.9112273,2.3277874
460,0.0,0.0,0.0,3.3327537,0.0,0.0,1.7989812,2.2998657
461,0.0,0.0,0.0,3.3433523,0.0,0.0,1.5616897,2.143639
462,0.0,0.0,0.0,3.3511791,0.0,0.0,1.6692927,2.3003988
463,0.0,0.0,0.0,3.1677966,0.0,0.0,1.8589085,2.309099
464,0.0,0.0,0.0,3.2868814,0.0,0.0,1.8751813,2.5429215
465,0.0,0.0,0.0,3.2240582,0.0,0.0,1.9788854,2.5603807
466,0.0,0.0,0.0,3.234127,0.0,0.0,2.0413551,2.6576688
467,0.0,0.0,0.0,3.3681054,0.0,0.0,1.9792726,2.940679
468,0.0,0.0,0.0,3.0268412,0.0,0.0,2.1031504,2.6381893
469,0.0,0.0,0.0,3.1775436,0.0,0.0,2.0613713,2.9282475
470,0.0,0.0,0.0,3.150226,0.0,0.0,1.8956164,2.77884
471,0.0,0.0,0.0,3.3286633,0.0,0.0,1.6606547,2.8197508
472,0.0,0.0,0.0,3.3724403,0.0,0.0,1.66276,2.8575425
473,0.0,0.0,0.0,3.3066397,0.0,0.0,1.8226051,2.9129782
474,0.0,0.0,0.0,3.248035,0.0,0.0,1.6261183,2.732739
475,0.0,0.0,0.0,3.3738208,0.0,0.0,1.460974,2.8633757
476,0.0,0.0,0.0,3.3473158,0.0,0.0,1.4413779,2.835341
477,0.0,0.0,0.0,3.2675447,0.0,0.0,1.8520404,3.0602965
478,0.0,0.0,0.0,3.4054928,0.0,0.0,1.8049363,3.1989021
479,0.0,0.0,0.0,3.4441495,0.0,0.0,1.7151748,3.2115057
480,0.0,0.0,0.0,3.5340385,0.0,0.0,1.6697786,3.3345966
481,0.0,0.0,0.0,3.477656,0.0,0.0,1.4189404,3.0844429
482,0.0,0.0,0.0,3.4512868,0.0,0.0,1.2134502,2.881051
483,0.0,0.0,0.0,3.5021787,0.0,0.0,1.3280004,2.987547
484,0.0,0.0,0.0,3.507081,0.0,0.0,1.2829864,2.9261158
485,0.0,0.0,0.0,3.5792794,0.0,0.0,1.2324147,2.9872084
486,0.0,0.0,0.0,3.8138914,0.0,0.0,1.1610293,3.2759094
487,0.0,0.0,0.0,3.950385,0.0,0.0,1.3581686,3.4206939
488,0.0,0.0,0.0,3.9869652,0.0,0.0,1.4552748,3.4897141
489,0.0,0.0,0.0,4.0132303,0.0,0.0,1.5547379,3.5147636
490,0.0,0.0,0.0,4.032683,0.0,0.0,1.7176094,3.6330986
491,0.0,0.0,0.0,4.016444,0.0,0.0,1.6846182,3.5520284
492,0.0,0.0,0.0,3.925827,0.0,0.0,2.0509977,3.684466
493,0.0,0.0,0.0,3.8740783,0.0,0.0,2.2152143,3.8310206
494,0.0,0.0,0.0,3.718255,0.0,0.0,2.1896925,3.511551
495,0.0,0.0,0.0,3.7080736,0.0,0.0,2.2814689,3.62121
496,0.0,0.0,0.0,3.7423139,0.0,0.0,2.2102246,3.6013708
497,0.0,0.0,0.0,3.6799774,0.0,0.0,2.235794,3.5069098
498,0.0,0.0,0.0,3.6745143,0.0,0.0,2.1078367,3.3626058
499,0.0,0.0,0.0,3.796299,0.0,0.0,2.0446348,3.5197744
500,0.0,0.0,0.0,3.8589778,0.0,0.0,1.9388337,3.502994
501,0.0,0.0,0.0,3.7964482,0.0,0.0,1.7941782,3.2842913
502,0.0,0.0,0.0,3.7676463,0.0,0.0,1.648157,3.128973
503,0.0,0.0,0.0,3.6287565,0.0,0.0,1.6412057,2.926154
504,0.0,0.0,0.0,3.6321797,0.0,0.0,1.636707,2.951437
505,0.0,0.0,0.0,3.6515703,0.0,0.0,1.8725395,3.1323056
506,0.0,0.0,0.0,3.7433157,0.0,0.0,1.7759246,3.2257705
507,0.0,0.0,0.0,3.832982,0.0,0.0,1.6638225,3.2748952
508,0.0,0.0,0.0,3.8825402,0.0,0.0,1.7007343,3.3193192
509,0.0,0.0,0.0,3.8909426,0.0,0.0,1.4015793,3.1523595
510,0.0,0.0,0.0,3.7690978,0.0,0.0,1.2156442,2.775806
511,0.0,0.0,0.0,3.8010058,0.0,0.0,1.240408,2.7968817
512,0.0,0.0,0.0,3.8081026,0.0,0.0,1.2216165,2.7583418
513,0.0,0.0,0.0,3.8668342,0.0,0.0,1.3234843,2.8253613
514,0.0,0.0,0.0,3.8535528,0.0,0.0,1.4020205,2.8142483
515,0.0,0.0,0.0,3.9595232,0.0,0.0,1.2887796,2.874606
516,0.0,0.0,0.0,4.062383,0.0,0.0,1.3314915,2.9353695
517,0.0,0.0,0.0,4.052494,0.0,0.0,1.285746,2.8626747
518,0.0,0.0,0.0,4.0836754,0.0,0.0,1.3742281,2.9004667
519,0.0,0.0,0.0,4.09083,0.0,0.0,1.3657452,2.8646607
520,0.0,0.0,0.0,4.1306825,0.0,0.0,1.3381939,2.8382654
521,0.0,0.0,0.0,4.0571175,0.0,0.0,1.569452,2.8260932
522,0.0,0.0,0.0,4.035841,0.0,0.0,1.7431653,2.9274385
523,0.0,0.0,0.0,3.927413,0.0,0.0,1.9221958,2.9094474
524,0.0,0.0,0.0,3.9353333,0.0,0.0,1.9439169,2.8956358
525,0.0,0.0,0.0,3.9415674,0.0,0.0,2.011324,2.9547641
526,0.0,0.0,0.0,4.0200143,0.0,0.0,2.058,3.0793211
527,0.0,0.0,0.0,3.9666743,0.0,0.0,2.0930533,3.0238843
528,0.0,0.0,0.0,3.9728775,0.0,0.0,2.062827,3.0272908
529,0.0,0.0,0.0,3.916925,0.0,0.0,2.1183052,3.0174973
530,0.0,0.0,0.0,3.8706698,0.0,0.0,2.0633545,2.9058304
531,0.0,0.0,0.0,3.732202,0.0,0.0,2.1013308,2.7745972
532,0.0,0.0,0.0,3.6864996,0.0,0.0,2.1228662,2.750422
533,0.0,0.0,0.0,3.7141242,0.0,0.0,2.0710185,2.77074
534,0.0,0.0,0.0,3.7444105,0.0,0.0,2.0787704,2.8684235
535,0.0,0.0,0.0,3.7699323,0.0,0.0,1.9189976,2.7876163
536,0.0,0.0,0.0,3.658402,0.0,0.0,2.0005443,2.7261143
537,0.0,0.0,0.0,3.7065206,0.0,0.0,1.869592,2.692346
538,0.0,0.0,0.0,3.7258677,0.0,0.0,1.6274623,2.589413
539,0.0,0.0,0.0,3.7375054,0.0,0.0,1.4767919,2.5103126
540,0.0,0.0,0.0,3.881472,0.0,0.0,1.3150207,2.6408896
541,0.0,0.0,0.0,3.9917445,0.0,0.0,1.3554476,2.7586348
542,0.0,0.0,0.0,3.8487687,0.0,0.0,1.4512688,2.6382525
543,0.0,0.0,0.0,3.893115,0.0,0.0,1.398435,2.6327872
544,0.0,0.0,0.0,3.8737183,0.0,0.0,1.3714937,2.559537
545,0.0,0.0,0.0,4.02092,0.0,0.0,1.2924025,2.7179985
546,0.0,0.0,0.0,4.1179676,0.0,0.0,1.3511972,2.7722576
547,0.0,0.0,0.0,4.0922637,0.0,0.0,1.365818,2.6856375
548,0.0,0.0,0.0,4.096844,0.0,0.0,1.3730792,2.7066681
549,0.0,0.0,0.0,4.1693296,0.0,0.0,1.3366494,2.7619734
550,0.0,0.0,0.0,4.226167,0.0,0.0,1.410089,2.7977061
551,0.0,0.0,0.0,4.2335634,0.0,0.0,1.433856,2.744424
552,0.0,0.0,0.0,4.211289,0.0,0.0,1.4225678,2.6596403
553,0.0,0.0,0.0,4.239174,0.0,0.0,1.4543653,2.6887283
554,0.0,0.0,0.0,4.3236165,0.0,0.0,1.3761307,2.703144
555,0.0,0.0,0.0,4.264616,0.0,0.0,1.4859463,2.6303978
556,0.0,0.0,0.0,4.3103085,0.0,0.0,1.382764,2.6334376
557,0.0,0.0,0.0,4.3537154,0.0,0.0,1.5453178,2.7544532
558,0.0,0.0,0.0,4.4059343,0.0,0.0,1.3923273,2.688324
559,0.0,0.0,0.0,4.5132833,0.0,0.0,1.5186509,2.8276484
560,0.0,0.0,0.0,4.4369216,0.0,0.0,1.2292242,2.4899886
561,0.0,0.0,0.0,4.4074283,0.0,0.0,1.2251179,2.3289447
562,0.0,0.0,0.0,4.4452415,0.0,0.0,1.2604823,2.3379316
563,0.0,0.0,0.0,4.505995,0.0,0.0,1.2139643,2.3207905
564,0.0,0.0,0.0,4.4810505,0.0,0.0,1.2729819,2.229774
565,0.0,0.0,0.0,4.5440817,0.0,0.0,1.1982889,2.2353408
566,0.0,0.0,0.0,4.7992983,0.0,0.0,1.2829612,2.5821896
567,0.0,0.0,0.0,4.8923182,0.0,0.0,1.4162226,2.704527
568,0.0,0.0,0.0,4.7923927,0.0,0.0,1.5962814,2.5743113
569,0.0,0.0,0.0,4.856505,0.0,0.0,1.5857588,2.6100178
570,0.0,0.0,0.0,4.843525,0.0,0.0,1.7798077,2.6978657
571,0.0,0.0,0.0,4.9196568,0.0,0.0,1.8023123,2.7194142
572,0.0,0.0,0.0,4.8685317,0.0,0.0,1.908715,2.6513233
573,0.0,0.0,0.0,4.820684,0.0,0.0,1.7684876,2.476687
574,0.0,0.0,0.0,4.7766986,0.0,0.0,1.7260097,2.3311086
575,0.0,0.0,0.0,4.6091533,0.0,0.0,2.0469005,2.2761083
576,0.0,0.0,0.0,4.59495,0.0,0.0,2.0314226,2.2088923
577,0.0,0.0,0.0,4.434833,0.0,0.0,2.0533128,1.9996533
578,0.0,0.0,0.0,4.550235,0.0,0.0,1.7536901,2.017859
579,0.0,0.0,0.0,4.7197976,0.0,0.0,1.7854387,2.2265365
580,0.0,0.0,0.0,4.8033776,0.0,0.0,1.4465196,2.207028
581,0.0,0.0,0.0,4.9396496,0.0,0.0,1.1903474,2.1224463
582,0.0,0.0,0.0,5.0331535,0.0,0.0,1.1421881,2.0622008
583,0.0,0.0,0.0,5.110899,0.0,0.0,1.2753371,2.102435
584,0.0,0.0,0.0,5.2006307,0.0,0.0,1.5997412,2.376267
585,0.0,0.0,0.0,5.1679463,0.0,0.0,1.7581121,2.3925517
586,0.0,0.0,0.0,5.212381,0.0,0.0,1.7717404,2.4062104
587,0.0,0.0,0.0,5.0734468,0.0,0.0,1.9197677,2.340973
588,0.0,0.0,0.0,5.0071516,0.0,0.0,2.0094466,2.2867205
589,0.0,0.0,0.0,4.8048787,0.0,0.0,2.0754986,2.1296966
590,0.0,0.0,0.0,4.404765,0.0,0.0,2.0596366,1.742783
591,0.0,0.0,0.0,4.4662957,0.0,0.0,1.9139024,1.6545738
592,0.0,0.0,0.0,4.4754667,0.0,0.0,2.0562215,1.7950594
593,0.0,0.0,0.0,4.3834643,0.0,0.0,1.9474763,1.632668
594,0.0,0.0,0.0,4.0052404,0.0,0.0,2.0546465,1.3548546
595,0.0,0.0,0.0,4.022621,0.0,0.0,1.8764192,1.3128637
596,0.0,0.0,0.0,4.066607,0.0,0.0,1.7544014,1.2690145
597,0.0,0.0,0.0,3.9859557,0.0,0.0,1.8325033,1.2783626
598,0.0,0.0,0.0,4.0679345,0.0,0.0,1.815591,1.4094934
599,0.0,0.0,0.0,4.1313143,0.0,0.0,1.8380643,1.5254493
600,0.0,0.0,0.0,4.1946115,0.0,0.0,1.6903934,1.5547044
601,0.0,0.0,0.0,4.287621,0.0,0.0,1.4508206,1.4768391
602,0.0,0.0,0.0,4.1702294,0.0,0.0,1.2636932,1.2130704
603,0.0,0.0,0.0,4.0653787,0.0,0.0,1.2114717,1.0501004
604,0.0,0.0,0.0,4.0419984,0.0,0.0,1.1786226,1.0328944
605,0.0,0.0,0.0,3.8753996,0.0,0.0,1.1805683,0.7949101
606,0.0,0.0,0.0,3.9692922,0.0,0.0,1.1325327,0.9441246
607,0.0,0.0,0.0,3.924242,0.0,0.0,1.1948559,0.92554975
608,0.0,0.0,0.0,3.9892545,0.0,0.0,0.9743911,0.87362826
609,0.0,0.0,0.0,4.098056,0.0,0.0,0.9782357,1.0229251
610,0.0,0.0,0.0,3.8731008,0.0,0.0,1.3270348,0.9132565
611,0.0,0.0,0.0,3.7865562,0.0,0.0,1.5435452,0.962621
612,0.0,0.0,0.0,3.8460379,0.0,0.0,1.6478186,1.1782702
613,0.0,0.0,0.0,3.8338914,0.0,0.0,1.7167789,1.2319906
614,0.0,0.0,0.0,3.9891906,0.0,0.0,1.5322186,1.3738406
615,0.0,0.0,0.0,4.0285172,0.0,0.0,1.395301,1.3201518
616,0.0,0.0,0.0,3.9574227,0.0,0.0,1.3895385,1.2013315
617,0.0,0.0,0.0,3.9291124,0.0,0.0,1.3568953,1.1903175
618,0.0,0.0,0.0,3.9216719,0.0,0.0,1.6188728,1.4090652
619,0.0,0.0,0.0,4.041254,0.0,0.0,1.4723502,1.4541771
620,0.0,0.0,0.0,4.1041656,0.0,0.0,1.4148188,1.4800048
621,0.0,0.0,0.0,4.1238856,0.0,0.0,1.3402538,1.4647435
622,0.0,0.0,0.0,4.192339,0.0,0.0,1.056716,1.3917202
623,0.0,0.0,0.0,4.3832884,0.0,0.0,0.9426195,1.5454495
624,0.0,0.0,0.0,4.455758,0.0,0.0,1.0033305,1.611495
625,0.0,0.0,0.0,4.5423474,0.0,0.0,1.0749266,1.699193
626,0.0,0.0,0.0,4.5647125,0.0,0.0,1.3191369,1.8328054
627,0.0,0.0,0.0,4.549019,0.0,0.0,1.4531916,1.8664589
628,0.0,0.0,0.0,4.567295,0.0,0.0,1.3660637,1.827703
629,0.0,0.0,0.0,4.7414656,0.0,0.0,1.380047,1.9793394
630,0.0,0.0,0.0,4.7710767,0.0,0.0,1.2465199,1.8544612
631,0.0,0.0,0.0,4.7814507,0.0,0.0,1.2874938,1.8313938
632,0.0,0.0,0.0,4.762236,0.0,0.0,1.3675092,1.813577
633,0.0,0.0,0.0,4.75811,0.0,0.0,1.366408,1.7932203
634,0.0,0.0,0.0,4.871169,0.0,0.0,1.4388386,1.9402452
635,0.0,0.0,0.0,4.7735467,0.0,0.0,1.7454551,1.9629594
636,0.0,0.0,0.0,4.7183323,0.0,0.0,1.8111676,1.92688
637,0.0,0.0,0.0,4.6704154,0.0,0.0,1.8672229,1.8700178
638,0.0,0.0,0.0,4.5856314,0.0,0.0,1.7640256,1.6969454
639,0.0,0.0,0.0,4.566712,0.0,0.0,1.7429198,1.6755569
640,0.0,0.0,0.0,4.569484,0.0,0.0,1.8382294,1.7328134
641,0.0,0.0,0.0,4.4654775,0.0,0.0,1.9164187,1.6495769
642,0.0,0.0,0.0,4.348055,0.0,0.0,2.0214067,1.6692189
643,0.0,0.0,0.0,4.353384,0.0,0.0,1.8879657,1.5663748
644,0.0,0.0,0.0,4.4564104,0.0,0.0,1.640177,1.4930251
645,0.0,0.0,0.0,4.407836,0.0,0.0,1.7867731,1.5126095
646,0.0,0.0,0.0,4.2892647,0.0,0.0,1.796597,1.4050515
647,0.0,0.0,0.0,4.0820203,0.0,0.0,1.7502418,1.1328675
648,0.0,0.0,0.0,3.8031936,0.0,0.0,1.8926297,0.99008524
649,0.0,0.0,0.0,3.8398752,0.0,0.0,1.8110881,1.0523306
650,0.0,0.0,0.0,3.9670353,0.0,0.0,1.5538667,1.0944185
651,0.0,0.0,0.0,3.9855056,0.0,0.0,1.6245159,1.1486111
652,0.0,0.0,0.0,3.9768548,0.0,0.0,1.4824914,1.099121
653,0.0,0.0,0.0,4.0246115,0.0,0.0,1.3148367,1.049119
654,0.0,0.0,0.0,4.224637,0.0,0.0,1.2042696,1.244985
655,0.0,0.0,0.0,4.2581625,0.0,0.0,1.2510365,1.2833561
656,0.0,0.0,0.0,4.025508,0.0,0.0,1.5580676,1.2451364
657,0.0,0.0,0.0,4.0432134,0.0,0.0,1.4996257,1.2567215
658,0.0,0.0,0.0,3.8774295,0.0,0.0,1.5756779,1.1085478
659,0.0,0.0,0.0,4.0334396,0.0,0.0,1.4836847,1.3076953
660,0.0,0.0,0.0,4.210287,0.0,0.0,1.3276695,1.4647402
661,0.0,0.0,0.0,4.3626285,0.0,0.0,1.3285192,1.6247659
662,0.0,0.0,0.0,4.214152,0.0,0.0,1.5658176,1.5639547
663,0.0,0.0,0.0,4.270838,0.0,0.0,1.4439842,1.5765698
664,0.0,0.0,0.0,4.2965674,0.0,0.0,1.2170069,1.4630786
665,0.0,0.0,0.0,4.38396,0.0,0.0,1.4622496,1.6990974
666,0.0,0.0,0.0,4.4478207,0.0,0.0,1.3588771,1.698905
667,0.0,0.0,0.0,4.52209,0.0,0.0,1.2262493,1.639604
668,0.0,0.0,0.0,4.449959,0.0,0.0,1.2192023,1.5316498
669,0.0,0.0,0.0,4.3250413,0.0,0.0,1.4695172,1.5571947
670,0.0,0.0,0.0,4.438692,0.0,0.0,1.558791,1.7763312
671,0.0,0.0,0.0,4.150099,0.0,0.0,2.0287285,1.7185808
672,0.0,0.0,0.0,4.27009,0.0,0.0,2.0986934,1.9663093
673,0.0,0.0,0.0,4.007864,0.0,0.0,2.2786593,1.9488608
674,0.0,0.0,0.0,4.047428,0.0,0.0,1.9798877,1.7397282
675,0.0,0.0,0.0,4.1054125,0.0,0.0,1.8040673,1.7214255
676,0.0,0.0,0.0,4.1816034,0.0,0.0,1.7620262,1.7407074
677,0.0,0.0,0.0,4.1717796,0.0,0.0,1.6429671,1.6854904
678,0.0,0.0,0.0,4.044831,0.0,0.0,1.4428391,1.3689137
679,0.0,0.0,0.0,4.1074853,0.0,0.0,1.3289158,1.3941865
680,0.0,0.0,0.0,4.1798863,0.0,0.0,1.390332,1.5208648
681,0.0,0.0,0.0,4.2735496,0.0,0.0,1.4631054,1.7017105
682,0.0,0.0,0.0,4.432539,0.0,0.0,1.3720068,1.8366953
683,0.0,0.0,0.0,4.4832644,0.0,0.0,1.1540397,1.7201059
684,0.0,0.0,0.0,4.4989114,0.0,0.0,1.066626,1.6244168
685,0.0,0.0,0.0,4.690572,0.0,0.0,1.0214814,1.7688174
686,0.0,0.0,0.0,4.852259,0.0,0.0,1.1389672,1.967859
687,0.0,0.0,0.0,4.8674083,0.0,0.0,1.2000104,1.9268203
688,0.0,0.0,0.0,4.9127007,0.0,0.0,1.2530957,1.9452738
689,0.0,0.0,0.0,4.9102116,0.0,0.0,1.3510526,1.9367037
690,0.0,0.0,0.0,4.7116256,0.0,0.0,1.398086,1.710012
691,0.0,0.0,0.0,4.7826576,0.0,0.0,1.5071172,1.8527286
692,0.0,0.0,0.0,4.8643894,0.0,0.0,1.7179674,2.0573454
693,0.0,0.0,0.0,4.876805,0.0,0.0,1.7456871,2.0713797
694,0.0,0.0,0.0,4.764747,0.0,0.0,1.8497957,1.9937495
695,0.0,0.0,0.0,4.634265,0.0,0.0,2.0864797,2.0420113
696,0.0,0.0,0.0,4.7463374,0.0,0.0,1.9430027,2.0266283
697,0.0,0.0,0.0,4.8110733,0.0,0.0,1.791811,1.974499
698,0.0,0.0,0.0,4.8177037,0.0,0.0,1.9741136,2.0385687
699,0.0,0.0,0.0,4.685514,0.0,0.0,1.7848235,1.7243961
700,0.0,0.0,0.0,4.5617747,0.0,0.0,1.7892554,1.5746715
701,0.0,0.0,0.0,4.495856,0.0,0.0,1.8852261,1.5930068
702,0.0,0.0,0.0,4.5076118,0.0,0.0,1.8765821,1.5878179
703,0.0,0.0,0.0,4.26423,0.0,0.0,1.9703733,1.4424654
704,0.0,0.0,0.0,4.298291,0.0,0.0,1.9603976,1.567152
705,0.0,0.0,0.0,4.245555,0.0,0.0,1.9699913,1.5867603
706,0.0,0.0,0.0,4.2760515,0.0,0.0,1.7524343,1.4053987
707,0.0,0.0,0.0,4.3145313,0.0,0.0,1.7203448,1.4263117
708,0.0,0.0,0.0,4.1338477,0.0,0.0,1.7370809,1.2937601
709,0.0,0.0,0.0,4.0677147,0.0,0.0,1.5582885,1.1307219
710,0.0,0.0,0.0,3.9529276,0.0,0.0,1.538649,1.0101699
711,0.0,0.0,0.0,3.9557877,0.0,0.0,1.6009195,1.0898321
712,0.0,0.0,0.0,3.966991,0.0,0.0,1.4779533,1.0496681
713,0.0,0.0,0.0,4.0267057,0.0,0.0,1.3823551,1.0680676
714,0.0,0.0,0.0,4.1147194,0.0,0.0,1.3514515,1.18993
715,0.0,0.0,0.0,3.8820467,0.0,0.0,1.6366054,1.0930822
716,0.0,0.0,0.0,3.8993492,0.0,0.0,1.5667974,1.1191034
717,0.0,0.0,0.0,3.9251423,0.0,0.0,1.5689342,1.2016788
718,0.0,0.0,0.0,3.9954362,0.0,0.0,1.4441453,1.2179765
719,0.0,0.0,0.0,4.1072617,0.0,0.0,1.3650577,1.3334701
720,0.0,0.0,0.0,4.156398,0.0,0.0,1.2086513,1.2971997
721,0.0,0.0,0.0,4.2499204,0.0,0.0,0.8535484,1.2357129
722,0.0,0.0,0.0,4.3366785,0.0,0.0,0.9035125,1.2876234
723,0.0,0.0,0.0,4.223563,0.0,0.0,1.2175835,1.3435858
724,0.0,0.0,0.0,4.1541543,0.0,0.0,1.3661337,1.320765
725,0.0,0.0,0.0,4.156484,0.0,0.0,1.5989175,1.5082251
726,0.0,0.0,0.0,4.0724764,0.0,0.0,1.6846426,1.4888129
727,0.0,0.0,0.0,4.125946,0.0,0.0,1.8140907,1.7002215
728,0.0,0.0,0.0,4.0288506,0.0,0.0,1.8034201,1.5841535
729,0.0,0.0,0.0,3.99832,0.0,0.0,1.7334006,1.5776353
730,0.0,0.0,0.0,3.9850488,0.0,0.0,1.6751826,1.533094
731,0.0,0.0,0.0,3.9865437,0.0,0.0,1.7657428,1.5978804
732,0.0,0.0,0.0,3.774816,0.0,0.0,1.8665861,1.5326908
733,0.0,0.0,0.0,3.59373,0.0,0.0,1.8507593,1.3238407
734,0.0,0.0,0.0,3.5284467,0.0,0.0,1.7934587,1.2740364
735,0.0,0.0,0.0,3.602179,0.0,0.0,1.6308244,1.3332505
736,0.0,0.0,0.0,3.5918603,0.0,0.0,1.4714407,1.2075858
737,0.0,0.0,0.0,3.5297222,0.0,0.0,1.4622526,1.2086307
738,0.0,0.0,0.0,3.6616259,0.0,0.0,1.2871047,1.2937995
739,0.0,0.0,0.0,3.7718678,0.0,0.0,1.3997481,1.5045798
740,0.0,0.0,0.0,3.775372,0.0,0.0,1.2772862,1.423024
741,0.0,0.0,0.0,3.701923,0.0,0.0,1.1641343,1.25522
742,0.0,0.0,0.0,3.769043,0.0,0.0,0.96642745,1.2399791
743,0.0,0.0,0.0,3.8365622,0.0,0.0,0.64767456,1.0754781
744,0.0,0.0,0.0,3.9096236,0.0,0.0,0.6596825,1.1374271
745,0.0,0.0,0.0,3.5049963,0.0,0.0,0.3975703,0.6694317
746,0.0,0.0,0.0,3.624339,0.0,0.0,0.507938,0.6526756
747,0.0,0.0,0.0,3.6695013,0.0,0.0,0.552331,0.7009763
748,0.0,0.0,0.0,3.6310596,0.0,0.0,0.83019286,0.8574381
749,0.0,0.0,0.0,3.300044,0.0,0.0,1.1249619,0.67514354
750,0.0,0.0,0.0,3.4166722,0.0,0.0,1.1119915,0.85501397
751,0.0,0.0,0.0,3.4417348,0.0,0.0,1.0946041,0.8728721
752,0.0,0.0,0.0,3.4596133,0.0,0.0,1.1588936,0.9491534
753,0.0,0.0,0.0,3.3893437,0.0,0.0,1.1658759,0.8791282
754,0.0,0.0,0.0,3.3366957,0.0,0.0,1.0663596,0.779173
755,0.0,0.0,0.0,3.3599458,0.0,0.0,0.923298,0.69491327
756,0.0,0.0,0.0,3.3625212,0.0,0.0,0.9606776,0.71970195
757,0.0,0.0,0.0,3.5945497,0.0,0.0,0.868029,0.96989715
758,0.0,0.0,0.0,3.6697345,0.0,0.0,0.9498883,1.094894
759,0.0,0.0,0.0,3.7366982,0.0,0.0,0.8567641,1.1001097
760,0.0,0.0,0.0,3.9057403,0.0,0.0,0.93962,1.346216
761,0.0,0.0,0.0,3.9924574,0.0,0.0,0.9915046,1.5373688
762,0.0,0.0,0.0,3.9109287,0.0,0.0,0.94437593,1.3344234
763,0.0,0.0,0.0,3.9051933,0.0,0.0,0.826195,1.209267
764,0.0,0.0,0.0,3.8755136,0.0,0.0,0.9809029,1.2793865
765,0.0,0.0,0.0,3.7352443,0.0,0.0,1.3398049,1.38485
766,0.0,0.0,0.0,3.690596,0.0,0.0,1.3832645,1.3418467
767,0.0,0.0,0.0,3.2352896,0.0,0.0,1.967872,1.3552263
768,0.0,0.0,0.0,3.1772494,0.0,0.0,2.0907266,1.5268588
769,0.0,0.0,0.0,2.8403215,0.0,0.0,2.777369,1.9761246
770,0.0,0.0,0.0,3.0566354,0.0,0.0,2.2458282,1.8272095
771,0.0,0.0,0.0,2.983797,0.0,0.0,2.2298102,1.9393473
772,0.0,0.0,0.0,2.995809,0.0,0.0,2.0895271,1.8077313
773,0.0,0.0,0.0,3.1475492,0.0,0.0,1.8088138,1.8402209
774,0.0,0.0,0.0,3.1504855,0.0,0.0,1.6152166,1.7171488
775,0.0,0.0,0.0,3.1041574,0.0,0.0,1.4435483,1.555505
776,0.0,0.0,0.0,3.0414643,0.0,0.0,1.493702,1.5877348
777,0.0,0.0,0.0,2.7765498,0.0,0.0,1.5879081,1.5552975
778,0.0,0.0,0.0,2.7964325,0.0,0.0,1.514594,1.5749578
779,0.0,0.0,0.0,3.0387983,0.0,0.0,1.4170717,1.8367329
780,0.0,0.0,0.0,3.013762,0.0,0.0,1.4432372,1.8200665
781,0.0,0.0,0.0,3.0414186,0.0,0.0,1.1173065,1.7584388
782,0.0,0.0,0.0,2.939105,0.0,0.0,1.1383138,1.6270945
783,0.0,0.0,0.0,2.9160542,0.0,0.0,0.80876946,1.4263479
784,0.0,0.0,0.0,2.9447517,0.0,0.0,0.57336646,1.4241283
785,0.0,0.0,0.0,3.1073022,0.0,0.0,0.66739124,1.5519226
786,0.0,0.0,0.0,3.1783605,0.0,0.0,0.52662104,1.4634082
787,0.0,0.0,0.0,3.1102037,0.0,0.0,0.81003803,1.5371747
788,0.0,0.0,0.0,2.8890624,0.0,0.0,1.0932233,1.5777742
789,0.0,0.0,0.0,3.032402,0.0,0.0,1.1725467,1.9193556
790,0.0,0.0,0.0,3.197332,0.0,0.0,1.0940108,2.046098
791,0.0,0.0,0.0,3.1552339,0.0,0.0,1.1947525,2.0158312
792,0.0,0.0,0.0,3.149867,0.0,0.0,1.1968865,2.047433
793,0.0,0.0,0.0,2.734437,0.0,0.0,1.6505862,1.8933204
794,0.0,0.0,0.0,2.7677522,0.0,0.0,1.4868025,1.9074194
795,0.0,0.0,0.0,2.714736,0.0,0.0,1.2802924,1.722399
796,0.0,0.0,0.0,2.7826447,0.0,0.0,1.1892264,1.7318362
797,0.0,0.0,0.0,2.542286,0.0,0.0,1.3281065,1.5606971
798,0.0,0.0,0.0,2.590426,0.0,0.0,1.3192705,1.68077
799,0.0,0.0,0.0,2.545539,0.0,0.0,1.2229071,1.6529151
800,0.0,0.0,0.0,2.178368,0.0,0.0,1.5351573,1.6038337
801,0.0,0.0,0.0,2.1400113,0.0,0.0,1.6881541,1.8545544
802,0.0,0.0,0.0,1.9739305,0.0,0.0,1.7119622,1.6968461
803,0.0,0.0,0.0,2.1097755,0.0,0.0,1.2053002,1.5664641
804,0.0,0.0,0.0,2.2751646,0.0,0.0,1.3280896,1.8778272
805,0.0,0.0,0.0,2.055974,0.0,0.0,1.0978503,1.6122398
806,0.0,0.0,0.0,1.7025361,0.0,0.0,1.3447821,1.5257668
807,0.0,0.0,0.0,1.465373,0.0,0.0,1.4082857,1.3987997
808,0.0,0.0,0.0,1.5862606,0.0,0.0,1.0599257,1.3451397
809,0.0,0.0,0.0,1.8037933,0.0,0.0,0.6507403,1.2698164
810,0.0,0.0,0.0,1.9023107,0.0,0.0,0.63836116,1.3335881
811,0.0,0.0,0.0,1.9672967,0.0,0.0,0.3157757,1.1834297
812,0.0,0.0,0.0,2.1869712,0.0,0.0,0.47879052,1.642921
813,0.0,0.0,0.0,2.3510804,0.0,0.0,0.22447097,1.6612427
814,0.0,0.0,0.0,2.3068714,0.0,0.0,0.2502141,1.5670241
815,0.0,0.0,0.0,2.4565325,0.0,0.0,0.17489891,1.6989402
816,0.0,0.0,0.0,2.2456236,0.0,0.0,0.4827632,1.6938487
817,0.0,0.0,0.0,2.4188638,0.0,0.0,0.5130505,1.9097768
818,0.0,0.0,0.0,2.383594,0.0,0.0,0.72754407,2.0362508
819,0.0,0.0,0.0,2.4522119,0.0,0.0,0.72131574,2.1343648
820,0.0,0.0,0.0,2.5607553,0.0,0.0,0.5452817,2.1496024
821,0.0,0.0,0.0,2.7952895,0.0,0.0,0.66739035,2.4746304
822,0.0,0.0,0.0,2.8543677,0.0,0.0,0.66735667,2.5645623
823,0.0,0.0,0.0,3.065825,0.0,0.0,0.6333413,2.7666664
824,0.0,0.0,0.0,3.2518225,0.0,0.0,0.5278313,2.7877417
825,0.0,0.0,0.0,3.2795568,0.0,0.0,0.74362826,2.8203275
826,0.0,0.0,0.0,3.2316694,0.0,0.0,1.1428318,3.049384
827,0.0,0.0,0.0,3.2241,0.0,0.0,1.0952449,2.9756846
828,0.0,0.0,0.0,3.18019,0.0,0.0,1.1308756,2.9126081
829,0.0,0.0,0.0,3.3585691,0.0,0.0,1.1318884,3.0527396
830,0.0,0.0,0.0,3.4976964,0.0,0.0,1.3307303,3.3149161
831,0.0,0.0,0.0,3.5492578,0.0,0.0,1.383232,3.3829823
832,0.0,0.0,0.0,3.4628625,0.0,0.0,1.1825669,3.0809221
833,0.0,0.0,0.0,3.0250473,0.0,0.0,1.6843557,2.8918207
834,0.0,0.0,0.0,3.1621099,0.0,0.0,1.573646,2.904476
835,0.0,0.0,0.0,3.239376,0.0,0.0,1.5313183,2.923285
836,0.0,0.0,0.0,3.1725645,0.0,0.0,1.6945814,3.0299525
837,0.0,0.0,0.0,3.0385227,0.0,0.0,1.7571311,2.7541215
838,0.0,0.0,0.0,3.0646458,0.0,0.0,1.933721,3.0469263
839,0.0,0.0,0.0,2.8826327,0.0,0.0,1.8578566,2.7741873
840,0.0,0.0,0.0,2.8804288,0.0,0.0,1.975623,2.9696348
841,0.0,0.0,0.0,2.847949,0.0,0.0,2.0286179,2.9937162
842,0.0,0.0,0.0,2.737584,0.0,0.0,2.0381885,2.9565296
843,0.0,0.0,0.0,2.7525754,0.0,0.0,1.9689261,3.0025618
844,0.0,0.0,0.0,2.6088796,0.0,0.0,1.9623802,2.8329346
845,0.0,0.0,0.0,2.6498132,0.0,0.0,1.5602536,2.677371
846,0.0,0.0,0.0,2.6377902,0.0,0.0,1.3467237,2.51827
847,0.0,0.0,0.0,2.3185763,0.0,0.0,1.183387,2.0230007
848,0.0,0.0,0.0,2.3913364,0.0,0.0,0.5159823,1.5081964
849,0.0,0.0,0.0,2.6688962,0.0,0.0,0.57508296,1.8703215
850,0.0,0.0,0.0,2.783874,0.0,0.0,0.5351082,1.9775555
851,0.0,0.0,0.0,2.6893635,0.0,0.0,0.5495284,1.8628154
852,0.0,0.0,0.0,2.8639903,0.0,0.0,0.5486146,2.090596
853,0.0,0.0,0.0,2.9209867,0.0,0.0,0.6708546,2.21681
854,0.0,0.0,0.0,2.8177705,0.0,0.0,1.0400809,2.3767414
855,0.0,0.0,0.0,2.8739662,0.0,0.0,1.1105018,2.4679625
856,0.0,0.0,0.0,2.9053812,0.0,0.0,1.2829782,2.708097
857,0.0,0.0,0.0,2.9231243,0.0,0.0,1.4537338,2.8477433
858,0.0,0.0,0.0,2.743959,0.0,0.0,1.6611625,2.7840483
859,0.0,0.0,0.0,2.8927903,0.0,0.0,1.614884,3.013213
860,0.0,0.0,0.0,2.719468,0.0,0.0,1.6861426,2.7824392
861,0.0,0.0,0.0,2.7884321,0.0,0.0,1.7099595,2.8897295
862,0.0,0.0,0.0,2.7583838,0.0,0.0,1.433187,2.673596
863,0.0,0.0,0.0,2.84231,0.0,0.0,1.4514678,2.8119683
864,0.0,0.0,0.0,2.8819013,0.0,0.0,1.2781774,2.750071
865,0.0,0.0,0.0,2.8856554,0.0,0.0,1.2805473,2.7704988
866,0.0,0.0,0.0,2.946066,0.0,0.0,1.4687647,3.0281723
867,0.0,0.0,0.0,2.9214077,0.0,0.0,1.2662513,2.8530362
868,0.0,0.0,0.0,3.0240946,0.0,0.0,1.034266,3.0332246
869,0.0,0.0,0.0,3.0370603,0.0,0.0,1.0997778,3.0345545
870,0.0,0.0,0.0,3.1290808,0.0,0.0,1.1925023,3.2056098
871,0.0,0.0,0.0,3.1131968,0.0,0.0,1.4443702,3.3283114
872,0.0,0.0,0.0,3.1735458,0.0,0.0,1.3978754,3.4015565
873,0.0,0.0,0.0,3.2587047,0.0,0.0,1.2435174,3.391264
874,0.0,0.0,0.0,3.3132706,0.0,0.0,1.2361125,3.4398942
875,0.0,0.0,0.0,3.3414745,0.0,0.0,1.332404,3.4787626
876,0.0,0.0,0.0,3.323174,0.0,0.0,1.316209,3.407346
877,0.0,0.0,0.0,3.2540545,0.0,0.0,1.3982288,3.3361397
878,0.0,0.0,0.0,3.4332676,0.0,0.0,1.2427337,3.5303
879,0.0,0.0,0.0,3.6047006,0.0,0.0,1.3105983,3.679269
880,0.0,0.0,0.0,3.6622634,0.0,0.0,1.2936311,3.6808143
881,0.0,0.0,0.0,3.7338119,0.0,0.0,1.2730488,3.6385157
882,0.0,0.0,0.0,3.825261,0.0,0.0,1.225019,3.6098518
883,0.0,0.0,0.0,3.8576937,0.0,0.0,1.2039219,3.5393894
884,0.0,0.0,0.0,3.7228398,0.0,0.0,1.3191713,3.3691702
885,0.0,0.0,0.0,3.7716236,0.0,0.0,1.2717527,3.3984423
886,0.0,0.0,0.0,3.8077817,0.0,0.0,1.4152303,3.426631
887,0.0,0.0,0.0,3.9063263,0.0,0.0,1.3539261,3.4732666
888,0.0,0.0,0.0,3.9919572,0.0,0.0,1.4525175,3.5616484
889,0.0,0.0,0.0,3.9703865,0.0,0.0,1.4523112,3.462082
890,0.0,0.0,0.0,3.8824115,0.0,0.0,1.4361492,3.271274
891,0.0,0.0,0.0,3.9890938,0.0,0.0,1.4298437,3.400704
892,0.0,0.0,0.0,3.9969807,0.0,0.0,1.4845387,3.3823373
893,0.0,0.0,0.0,3.971784,0.0,0.0,1.6627473,3.3920026
894,0.0,0.0,0.0,3.9675126,0.0,0.0,1.6901076,3.365113
895,0.0,0.0,0.0,4.0773754,0.0,0.0,1.7661289,3.511551
896,0.0,0.0,0.0,4.1642632,0.0,0.0,1.5420007,3.5240471
897,0.0,0.0,0.0,4.193329,0.0,0.0,1.647138,3.5072522
898,0.0,0.0,0.0,4.210144,0.0,0.0,1.4756812,3.3639715
899,0.0,0.0,0.0,4.135378,0.0,0.0,1.4574909,3.129788
900,0.0,0.0,0.0,4.1669188,0.0,0.0,1.616766,3.2348678
901,0.0,0.0,0.0,4.270688,0.0,0.0,1.7051834,3.402897
902,0.0,0.0,0.0,4.171643,0.0,0.0,1.7313008,3.206614
903,0.0,0.0,0.0,4.1362925,0.0,0.0,1.7077835,3.0802658
904,0.0,0.0,0.0,3.9953175,0.0,0.0,1.7393537,2.8780255
905,0.0,0.0,0.0,4.1177955,0.0,0.0,1.6210114,2.9914951
906,0.0,0.0,0.0,4.2087183,0.0,0.0,1.5807587,3.0429037
907,0.0,0.0,0.0,4.094085,0.0,0.0,1.7242633,2.926032
908,0.0,0.0,0.0,4.148881,0.0,0.0,1.6735201,2.979386
909,0.0,0.0,0.0,4.0450134,0.0,0.0,1.9131132,2.8725443
910,0.0,0.0,0.0,3.7180624,0.0,0.0,2.214137,2.6277199
911,0.0,0.0,0.0,3.6573954,0.0,0.0,2.2644463,2.6450796
912,0.0,0.0,0.0,3.7208986,0.0,0.0,1.9889793,2.5467033
913,0.0,0.0,0.0,3.8544455,0.0,0.0,1.8858539,2.6955233
914,0.0,0.0,0.0,3.9173288,0.0,0.0,1.924902,2.8018818
915,0.0,0.0,0.0,3.9131017,0.0,0.0,1.6637237,2.6466267
916,0.0,0.0,0.0,3.8516765,0.0,0.0,1.4628304,2.4303005
917,0.0,0.0,0.0,3.8979597,0.0,0.0,1.5862052,2.5520568
918,0.0,0.0,0.0,3.845591,0.0,0.0,1.5379827,2.4269428
919,0.0,0.0,0.0,3.7448516,0.0,0.0,1.5185002,2.2449508
920,0.0,0.0,0.0,3.5511413,0.0,0.0,1.5445623,1.9981211
921,0.0,0.0,0.0,3.52704,0.0,0.0,1.5359235,1.9867047
922,0.0,0.0,0.0,3.5605693,0.0,0.0,1.4597744,2.0214436
923,0.0,0.0,0.0,3.5109262,0.0,0.0,1.6207561,2.0957978
924,0.0,0.0,0.0,3.4743338,0.0,0.0,1.5822296,2.0217905
925,0.0,0.0,0.0,3.4954267,0.0,0.0,1.3195857,1.9075193
926,0.0,0.0,0.0,3.455412,0.0,0.0,1.3651105,1.8567314
927,0.0,0.0,0.0,3.3197746,0.0,0.0,1.5103885,1.7838953
928,0.0,0.0,0.0,3.3858232,0.0,0.0,1.6388917,2.0197213
929,0.0,0.0,0.0,3.3089519,0.0,0.0,1.4965225,1.7995298
930,0.0,0.0,0.0,3.3575,0.0,0.0,1.3338732,1.8013642
931,0.0,0.0,0.0,3.3724546,0.0,0.0,1.5104107,1.9854324
932,0.0,0.0,0.0,3.3809566,0.0,0.0,1.6716146,2.1134665
933,0.0,0.0,0.0,3.3485274,0.0,0.0,1.8433369,2.2249498
934,0.0,0.0,0.0,3.5663176,0.0,0.0,1.901207,2.6180859
935,0.0,0.0,0.0,3.6292658,0.0,0.0,1.5395983,2.555733
936,0.0,0.0,0.0,3.7250228,0.0,0.0,1.7239414,2.9359844
937,0.0,0.0,0.0,3.6982446,0.0,0.0,1.7604265,2.7293456
938,0.0,0.0,0.0,3.729302,0.0,0.0,1.4695733,2.6330972
939,0.0,0.0,0.0,3.814571,0.0,0.0,1.3091054,2.6845636
940,0.0,0.0,0.0,3.9182668,0.0,0.0,1.378046,2.8529997
941,0.0,0.0,0.0,3.8156738,0.0,0.0,1.6505638,2.823021
942,0.0,0.0,0.0,3.8281035,0.0,0.0,1.7146345,2.8935165
943,0.0,0.0,0.0,3.8732414,0.0,0.0,1.7451984,2.955024
944,0.0,0.0,0.0,3.9706612,0.0,0.0,1.7438676,3.1322784
945,0.0,0.0,0.0,3.9532204,0.0,0.0,1.7480017,3.1064878
946,0.0,0.0,0.0,4.033598,0.0,0.0,1.5881425,3.145426
947,0.0,0.0,0.0,4.1492963,0.0,0.0,1.5256088,3.2329721
948,0.0,0.0,0.0,4.2081847,0.0,0.0,1.7475566,3.6283705
949,0.0,0.0,0.0,4.2267733,0.0,0.0,1.8848096,3.4825542
950,0.0,0.0,0.0,3.9869084,0.0,0.0,2.2661533,3.4320123
951,0.0,0.0,0.0,4.009545,0.0,0.0,2.348415,3.502801
952,0.0,0.0,0.0,3.8513288,0.0,0.0,2.3102245,3.3128757
953,0.0,0.0,0.0,3.8353462,0.0,0.0,2.3891144,3.3872983
954,0.0,0.0,0.0,3.6726608,0.0,0.0,2.3674674,3.2191303
955,0.0,0.0,0.0,3.5230317,0.0,0.0,2.2814875,3.0066705
956,0.0,0.0,0.0,3.5447412,0.0,0.0,2.1924722,3.0912519
957,0.0,0.0,0.0,3.2531781,0.0,0.0,2.320807,2.8539572
958,0.0,0.0,0.0,3.1512532,0.0,0.0,2.1297035,2.6686664
959,0.0,0.0,0.0,2.9620566,0.0,0.0,2.2195444,2.6159573
960,0.0,0.0,0.0,2.8599186,0.0,0.0,1.8790346,2.2403452
961,0.0,0.0,0.0,2.8892417,0.0,0.0,1.7593896,2.2369306
962,0.0,0.0,0.0,2.8099437,0.0,0.0,1.8260134,2.2946334
963,0.0,0.0,0.0,2.7233686,0.0,0.0,1.6162113,2.125815
964,0.0,0.0,0.0,2.6880193,0.0,0.0,1.5206311,2.0797405
965,0.0,0.0,0.0,2.7788248,0.0,0.0,1.5232263,2.2287703
966,0.0,0.0,0.0,2.87879,0.0,0.0,1.4231807,2.3308845
967,0.0,0.0,0.0,2.8034663,0.0,0.0,1.5440224,2.3575568
968,0.0,0.0,0.0,2.8184872,0.0,0.0,1.6745123,2.6152644
969,0.0,0.0,0.0,2.947276,0.0,0.0,1.6803961,2.7635975
970,0.0,0.0,0.0,2.7203264,0.0,0.0,1.8886063,2.6088033
971,0.0,0.0,0.0,2.7476182,0.0,0.0,1.6583853,2.5415266
972,0.0,0.0,0.0,2.7134027,0.0,0.0,1.4111868,2.4023123
973,0.0,0.0,0.0,2.7281885,0.0,0.0,1.1392391,2.2711391
974,0.0,0.0,0.0,2.6775184,0.0,0.0,1.1974138,2.2980084
975,0.0,0.0,0.0,2.7736368,0.0,0.0,0.872833,2.2983656
976,0.0,0.0,0.0,2.8574185,0.0,0.0,0.99514854,2.4875488
977,0.0,0.0,0.0,2.9467673,0.0,0.0,0.9831356,2.596176
978,0.0,0.0,0.0,2.9217677,0.0,0.0,1.1935261,2.6600866
979,0.0,0.0,0.0,3.146905,0.0,0.0,1.1343212,3.0293741
980,0.0,0.0,0.0,3.1753345,0.0,0.0,0.8619895,2.7905152
981,0.0,0.0,0.0,3.280837,0.0,0.0,1.1160825,3.0338502
982,0.0,0.0,0.0,3.3686514,0.0,0.0,1.1015304,3.134729
983,0.0,0.0,0.0,3.2637687,0.0,0.0,1.2114561,3.0370843
984,0.0,0.0,0.0,3.161449,0.0,0.0,1.4276377,3.0604317
985,0.0,0.0,0.0,3.139235,0.0,0.0,1.4797529,3.0348797
986,0.0,0.0,0.0,3.2191925,0.0,0.0,1.619739,3.2488408
987,0.0,0.0,0.0,3.2938495,0.0,0.0,1.6242621,3.3568864
988,0.0,0.0,0.0,3.2509465,0.0,0.0,1.6642054,3.2685137
989,0.0,0.0,0.0,3.262384,0.0,0.0,1.4784669,3.2267697
990,0.0,0.0,0.0,3.3259692,0.0,0.0,1.0591397,2.9753993
991,0.0,0.0,0.0,3.372788,0.0,0.0,1.206371,3.0574787
992,0.0,0.0,0.0,3.3082023,0.0,0.0,1.1664959,2.9132607
993,0.0,0.0,0.0,3.3544993,0.0,0.0,1.1921924,2.9779325
994,0.0,0.0,0.0,3.2666965,0.0,0.0,1.4527936,2.9710445
995,0.0,0.0,0.0,3.2997494,0.0,0.0,1.5023183,3.0475292
996,0.0,0.0,0.0,3.2840247,0.0,0.0,1.5196971,3.0797443
997,0.0,0.0,0.0,3.1786456,0.0,0.0,1.6682583,3.0139925
998,0.0,0.0,0.0,3.2821474,0.0,0.0,1.8170644,3.242215
999,0.0,0.0,0.0,3.2687426,0.0,0.0,1.8135608,3.2133207
1000,0.0,0.0,0.0,3.313016,0.0,0.0,1.6092796,3.1635392
1001,0.0,0.0,0.0,3.2309766,0.0,0.0,1.6804311,3.0303729
1002,0.0,0.0,0.0,3.3285975,0.0,0.0,1.6082255,3.161685
1003,0.0,0.0,0.0,3.3173356,0.0,0.0,1.3949004,2.9735157
1004,0.0,0.0,0.0,3.151423,0.0,0.0,1.8483998,3.0269094
1005,0.0,0.0,0.0,3.1616335,0.0,0.0,1.9271439,3.0860574
1006,0.0,0.0,0.0,3.181407,0.0,0.0,1.9736594,3.2240248
1007,0.0,0.0,0.0,3.2286906,0.0,0.0,1.9269521,3.2570658
1008,0.0,0.0,0.0,3.288682,0.0,0.0,1.6822764,3.2418694
1009,0.0,0.0,0.0,3.4633589,0.0,0.0,1.52058,3.4032152
1010,0.0,0.0,0.0,3.522718,0.0,0.0,1.3279469,3.3443117
1011,0.0,0.0,0.0,3.5630202,0.0,0.0,1.3993706,3.4158611
1012,0.0,0.0,0.0,3.5904074,0.0,0.0,1.5823677,3.4904764
1013,0.0,0.0,0.0,3.5311193,0.0,0.0,1.5271239,3.3614745
1014,0.0,0.0,0.0,3.573431,0.0,0.0,1.3718429,3.2469373
1015,0.0,0.0,0.0,3.710895,0.0,0.0,1.5255681,3.4775999
1016,0.0,0.0,0.0,3.7293715,0.0,0.0,1.4952269,3.4566293
1017,0.0,0.0,0.0,3.7988787,0.0,0.0,1.4628987,3.5199742
1018,0.0,0.0,0.0,3.8097458,0.0,0.0,1.5699309,3.5787234
1019,0.0,0.0,0.0,3.8191094,0.0,0.0,1.6174117,3.587312
1020,0.0,0.0,0.0,3.7935786,0.0,0.0,1.5773162,3.4959664
1021,0.0,0.0,0.0,3.7871842,0.0,0.0,1.8155166,3.605164
1022,0.0,0.0,0.0,3.7308292,0.0,0.0,1.8390993,3.4822052
1023,0.0,0.0,0.0,3.7684617,0.0,0.0,1.82321,3.5406055
1024,0.0,0.0,0.0,3.726894,0.0,0.0,1.796005,3.4316459
1025,0.0,0.0,0.0,3.752565,0.0,0.0,1.7845482,3.446231
1026,0.0,0.0,0.0,3.5963907,0.0,0.0,1.9902772,3.2571352
1027,0.0,0.0,0.0,3.6481795,0.0,0.0,1.7918892,3.256072
1028,0.0,0.0,0.0,3.6244516,0.0,0.0,2.1672494,3.3486915
1029,0.0,0.0,0.0,3.5879264,0.0,0.0,2.1733007,3.3257427
1030,0.0,0.0,0.0,3.577064,0.0,0.0,2.0900092,3.2885687
1031,0.0,0.0,0.0,3.5511851,0.0,0.0,1.9827176,3.1812003
1032,0.0,0.0,0.0,3.3578677,0.0,0.0,2.0406828,2.9576154
1033,0.0,0.0,0.0,3.2977257,0.0,0.0,1.9460663,2.846026
1034,0.0,0.0,0.0,3.252305,0.0,0.0,1.7777368,2.7103214
1035,0.0,0.0,0.0,3.149723,0.0,0.0,1.6778609,2.502632
1036,0.0,0.0,0.0,3.0033321,0.0,0.0,1.7694756,2.4281728
1037,0.0,0.0,0.0,3.0254483,0.0,0.0,1.6993582,2.4638815
1038,0.0,0.0,0.0,3.1722403,0.0,0.0,1.3486453,2.5451825
1039,0.0,0.0,0.0,3.207594,0.0,0.0,1.229293,2.4685
1040,0.0,0.0,0.0,3.2797718,0.0,0.0,1.2890779,2.5759623
1041,0.0,0.0,0.0,3.331367,0.0,0.0,1.0505912,2.4926126
1042,0.0,0.0,0.0,3.3768134,0.0,0.0,1.0579224,2.5179925
1043,0.0,0.0,0.0,3.5437055,0.0,0.0,0.8958618,2.664209
1044,0.0,0.0,0.0,3.650775,0.0,0.0,0.98798037,2.719091
1045,0.0,0.0,0.0,3.7086782,0.0,0.0,1.1261731,2.8432033
1046,0.0,0.0,0.0,3.8454885,0.0,0.0,1.2320747,3.063266
1047,0.0,0.0,0.0,3.773035,0.0,0.0,1.3128186,2.9444852
1048,0.0,0.0,0.0,3.829596,0.0,0.0,1.2719718,3.0067425
1049,0.0,0.0,0.0,3.8573365,0.0,0.0,1.4504367,3.1030166
1050,0.0,0.0,0.0,3.8957334,0.0,0.0,1.574643,3.1719146
1051,0.0,0.0,0.0,3.8181047,0.0,0.0,1.6394919,3.1187954
1052,0.0,0.0,0.0,3.9005404,0.0,0.0,1.6757528,3.2575288
1053,0.0,0.0,0.0,4.0220413,0.0,0.0,1.6998808,3.3980508
1054,0.0,0.0,0.0,4.0031657,0.0,0.0,1.5840014,3.2933726
1055,0.0,0.0,0.0,4.0041137,0.0,0.0,1.623696,3.2865384
1056,0.0,0.0,0.0,4.0708394,0.0,0.0,1.5762872,3.354302
1057,0.0,0.0,0.0,4.021603,0.0,0.0,1.7721659,3.3414793
1058,0.0,0.0,0.0,3.9919763,0.0,0.0,1.6622982,3.2346098
1059,0.0,0.0,0.0,4.0930457,0.0,0.0,1.8848342,3.4651434
1060,0.0,0.0,0.0,4.236063,0.0,0.0,1.9762137,3.7634327
1061,0.0,0.0,0.0,4.2726483,0.0,0.0,1.8423413,3.7111712
1062,0.0,0.0,0.0,4.217244,0.0,0.0,1.7717423,3.5020714
1063,0.0,0.0,0.0,4.252515,0.0,0.0,1.7495191,3.497158
1064,0.0,0.0,0.0,4.238378,0.0,0.0,1.5957569,3.3545437
1065,0.0,0.0,0.0,4.260984,0.0,0.0,1.5722506,3.328649
1066,0.0,0.0,0.0,4.3060336,0.0,0.0,1.6347173,3.3491402
1067,0.0,0.0,0.0,4.281033,0.0,0.0,1.6210777,3.256599
1068,0.0,0.0,0.0,4.408865,0.0,0.0,1.7723881,3.4800475
1069,0.0,0.0,0.0,4.49746,0.0,0.0,1.8392482,3.5726142
1070,0.0,0.0,0.0,4.3164177,0.0,0.0,1.8512622,3.2727363
1071,0.0,0.0,0.0,4.3800783,0.0,0.0,2.0311964,3.480767
1072,0.0,0.0,0.0,4.302789,0.0,0.0,2.0340211,3.3324132
1073,0.0,0.0,0.0,4.34649,0.0,0.0,1.959765,3.350442
1074,0.0,0.0,0.0,4.4138393,0.0,0.0,1.9282273,3.4226425
1075,0.0,0.0,0.0,4.498792,0.0,0.0,1.6900852,3.3783038
1076,0.0,0.0,0.0,4.4564295,0.0,0.0,1.7171506,3.2431135
1077,0.0,0.0,0.0,4.403652,0.0,0.0,1.8062592,3.1765487
1078,0.0,0.0,0.0,4.4533267,0.0,0.0,1.8019186,3.226457
1079,0.0,0.0,0.0,4.284489,0.0,0.0,2.1307445,3.1480246
1080,0.0,0.0,0.0,4.2188635,0.0,0.0,2.3126926,3.2027144
1081,0.0,0.0,0.0,4.2857504,0.0,0.0,2.389711,3.3578992
1082,0.0,0.0,0.0,4.167657,0.0,0.0,2.377295,3.2159276
1083,0.0,0.0,0.0,4.191666,0.0,0.0,2.2256489,3.17206
1084,0.0,0.0,0.0,3.9837794,0.0,0.0,2.2180276,2.8924975
1085,0.0,0.0,0.0,3.9356632,0.0,0.0,2.044208,2.6929917
1086,0.0,0.0,0.0,3.9302382,0.0,0.0,1.9564246,2.609886
1087,0.0,0.0,0.0,3.8826046,0.0,0.0,1.9254404,2.4959211
1088,0.0,0.0,0.0,3.944251,0.0,0.0,1.7738484,2.5293603
1089,0.0,0.0,0.0,4.0341606,0.0,0.0,1.6427355,2.5568383
1090,0.0,0.0,0.0,4.1373124,0.0,0.0,1.5491654,2.6258059
1091,0.0,0.0,0.0,4.1123147,0.0,0.0,1.3885934,2.462294
1092,0.0,0.0,0.0,4.0381308,0.0,0.0,1.2877692,2.2993708
1093,0.0,0.0,0.0,3.974897,0.0,0.0,1.3732966,2.2569218
1094,0.0,0.0,0.0,4.1141047,0.0,0.0,1.3894272,2.4545166
1095,0.0,0.0,0.0,4.173173,0.0,0.0,1.4469568,2.5352745
1096,0.0,0.0,0.0,4.146466,0.0,0.0,1.5788463,2.5415425
1097,0.0,0.0,0.0,4.1110272,0.0,0.0,1.5687326,2.4888124
1098,0.0,0.0,0.0,4.177511,0.0,0.0,1.3871926,2.5136523
1099,0.0,0.0,0.0,4.208527,0.0,0.0,1.2565622,2.377462
1100,0.0,0.0,0.0,4.1599135,0.0,0.0,1.3213927,2.3335156
1101,0.0,0.0,0.0,4.1415696,0.0,0.0,1.2992668,2.2367518
1102,0.0,0.0,0.0,4.139401,0.0,0.0,1.2780193,2.1910028
1103,0.0,0.0,0.0,4.2906756,0.0,0.0,1.3505987,2.4378324
1104,0.0,0.0,0.0,4.3119574,0.0,0.0,1.4897962,2.489883
1105,0.0,0.0,0.0,4.3790016,0.0,0.0,1.4680004,2.5650673
1106,0.0,0.0,0.0,4.413608,0.0,0.0,1.5733485,2.6014943
1107,0.0,0.0,0.0,4.30586,0.0,0.0,1.5229619,2.4457502
1108,0.0,0.0,0.0,4.371073,0.0,0.0,1.4501425,2.426952
1109,0.0,0.0,0.0,4.424647,0.0,0.0,1.5574249,2.5385296
1110,0.0,0.0,0.0,4.3323975,0.0,0.0,1.661153,2.430723
1111,0.0,0.0,0.0,4.4298296,0.0,0.0,1.7373738,2.5615857
1112,0.0,0.0,0.0,4.371713,0.0,0.0,1.538391,2.36761
1113,0.0,0.0,0.0,4.334289,0.0,0.0,1.4665014,2.2409277
1114,0.0,0.0,0.0,4.2890086,0.0,0.0,1.4545324,2.1435337
1115,0.0,0.0,0.0,4.426147,0.0,0.0,1.0316609,2.2268941
1116,0.0,0.0,0.0,4.6254354,0.0,0.0,1.2097828,2.4501905
1117,0.0,0.0,0.0,4.650454,0.0,0.0,1.4702407,2.5099576
1118,0.0,0.0,0.0,4.6500673,0.0,0.0,1.4845126,2.446979
1119,0.0,0.0,0.0,4.531306,0.0,0.0,1.5275992,2.2695544
1120,0.0,0.0,0.0,4.631558,0.0,0.0,1.6319177,2.4549823
1121,0.0,0.0,0.0,4.6486554,0.0,0.0,1.5912263,2.4156208
1122,0.0,0.0,0.0,4.525039,0.0,0.0,1.434168,2.0698411
1123,0.0,0.0,0.0,4.641928,0.0,0.0,1.5882468,2.3086925
1124,0.0,0.0,0.0,4.6779027,0.0,0.0,1.6806817,2.3890393
1125,0.0,0.0,0.0,4.6982303,0.0,0.0,1.7437781,2.4412646
1126,0.0,0.0,0.0,4.652566,0.0,0.0,1.6935343,2.3169706
1127,0.0,0.0,0.0,4.628145,0.0,0.0,1.5019383,2.1987007
1128,0.0,0.0,0.0,4.6899815,0.0,0.0,1.4402417,2.228182
1129,0.0,0.0,0.0,4.6598167,0.0,0.0,1.4654868,2.1358387
1130,0.0,0.0,0.0,4.6753807,0.0,0.0,1.534632,2.1474833
1131,0.0,0.0,0.0,4.723186,0.0,0.0,1.6212361,2.243699
1132,0.0,0.0,0.0,4.6917176,0.0,0.0,1.6682999,2.186249
1133,0.0,0.0,0.0,4.713741,0.0,0.0,1.6413413,2.183765
1134,0.0,0.0,0.0,4.730999,0.0,0.0,1.6862828,2.259991
1135,0.0,0.0,0.0,4.760943,0.0,0.0,1.5527167,2.1804788
1136,0.0,0.0,0.0,4.760439,0.0,0.0,1.6767908,2.1951256
1137,0.0,0.0,0.0,4.755926,0.0,0.0,1.7296009,2.181222
1138,0.0,0.0,0.0,4.6570425,0.0,0.0,1.5685695,1.9770956
1139,0.0,0.0,0.0,4.2539787,0.0,0.0,2.098902,1.6536885
1140,0.0,0.0,0.0,4.3036532,0.0,0.0,1.9365771,1.6305859
1141,0.0,0.0,0.0,4.251502,0.0,0.0,1.9063239,1.5928162
1142,0.0,0.0,0.0,4.286922,0.0,0.0,1.8695724,1.6775465
1143,0.0,0.0,0.0,4.3626685,0.0,0.0,1.7200581,1.6734936
1144,0.0,0.0,0.0,4.364415,0.0,0.0,1.6989754,1.6720724
1145,0.0,0.0,0.0,4.303381,0.0,0.0,1.6428369,1.5510511
1146,0.0,0.0,0.0,4.2321115,0.0,0.0,1.7487046,1.5428233
1147,0.0,0.0,0.0,4.1986556,0.0,0.0,1.582209,1.4449993
1148,0.0,0.0,0.0,4.007973,0.0,0.0,1.7828636,1.367977
1149,0.0,0.0,0.0,3.9865403,0.0,0.0,1.8214794,1.3868768
1150,0.0,0.0,0.0,4.0228796,0.0,0.0,1.759642,1.4190943
1151,0.0,0.0,0.0,3.8630576,0.0,0.0,1.784416,1.2791693
1152,0.0,0.0,0.0,3.8010755,0.0,0.0,1.6048464,1.148229
1153,0.0,0.0,0.0,3.8861403,0.0,0.0,1.353622,1.1556208
1154,0.0,0.0,0.0,3.8957605,0.0,0.0,1.3135957,1.1351566
1155,0.0,0.0,0.0,3.6826396,0.0,0.0,1.3971515,0.94246733
1156,0.0,0.0,0.0,3.6819372,0.0,0.0,1.3630062,0.9664061
1157,0.0,0.0,0.0,3.7017064,0.0,0.0,1.1683781,0.884169
1158,0.0,0.0,0.0,3.7449694,0.0,0.0,1.1498957,0.929955
1159,0.0,0.0,0.0,3.8087034,0.0,0.0,1.0020103,0.9538934
1160,0.0,0.0,0.0,3.943606,0.0,0.0,0.9231457,1.0620492
1161,0.0,0.0,0.0,3.8682027,0.0,0.0,0.9426689,0.98416626
1162,0.0,0.0,0.0,3.7819705,0.0,0.0,1.3157368,1.0885979
1163,0.0,0.0,0.0,3.8915825,0.0,0.0,1.4911216,1.4021206
1164,0.0,0.0,0.0,3.8328972,0.0,0.0,1.3490309,1.2587565
1165,0.0,0.0,0.0,3.6231823,0.0,0.0,1.8533784,1.3170499
1166,0.0,0.0,0.0,3.5881748,0.0,0.0,1.6553122,1.195973
1167,0.0,0.0,0.0,3.6705308,0.0,0.0,1.5205957,1.2929919
1168,0.0,0.0,0.0,3.6346521,0.0,0.0,1.3461292,1.1377074
1169,0.0,0.0,0.0,3.5802379,0.0,0.0,1.4102589,1.1343503
1170,0.0,0.0,0.0,3.617476,0.0,0.0,1.3100907,1.143415
1171,0.0,0.0,0.0,3.6195755,0.0,0.0,1.2804078,1.1603647
1172,0.0,0.0,0.0,3.7652516,0.0,0.0,1.2774062,1.3392159
1173,0.0,0.0,0.0,3.7223563,0.0,0.0,1.3715303,1.3664703
1174,0.0,0.0,0.0,3.8394198,0.0,0.0,1.3467175,1.5492413
1175,0.0,0.0,0.0,3.848772,0.0,0.0,1.2781602,1.5166734
1176,0.0,0.0,0.0,3.5755134,0.0,0.0,1.7472801,1.4222641
1177,0.0,0.0,0.0,3.5644193,0.0,0.0,1.6633735,1.4299746
1178,0.0,0.0,0.0,3.6420622,0.0,0.0,1.4893397,1.4597607
1179,0.0,0.0,0.0,3.773838,0.0,0.0,1.51485,1.6669923
1180,0.0,0.0,0.0,3.807413,0.0,0.0,1.391939,1.6341583
1181,0.0,0.0,0.0,3.7724285,0.0,0.0,1.3629254,1.5574493
1182,0.0,0.0,0.0,3.5968509,0.0,0.0,1.5095931,1.4370754
1183,0.0,0.0,0.0,3.4835896,0.0,0.0,1.4435778,1.3226473
1184,0.0,0.0,0.0,3.423552,0.0,0.0,1.4070654,1.2595916
1185,0.0,0.0,0.0,3.4720354,0.0,0.0,1.505192,1.4408607
1186,0.0,0.0,0.0,3.6564398,0.0,0.0,1.4088502,1.6514704
1187,0.0,0.0,0.0,3.7438397,0.0,0.0,1.2707734,1.6185501
1188,0.0,0.0,0.0,3.7384968,0.0,0.0,1.3593416,1.6687267
1189,0.0,0.0,0.0,3.871327,0.0,0.0,1.1409645,1.8005316
1190,0.0,0.0,0.0,4.0184035,0.0,0.0,1.080941,1.9126552
1191,0.0,0.0,0.0,4.011961,0.0,0.0,0.92878824,1.7414937
1192,0.0,0.0,0.0,4.082829,0.0,0.0,1.0428565,1.8363006
1193,0.0,0.0,0.0,4.137646,0.0,0.0,1.0055001,1.820029
1194,0.0,0.0,0.0,4.219445,0.0,0.0,1.224959,2.0310378
1195,0.0,0.0,0.0,4.1919746,0.0,0.0,1.1727283,1.9002268
1196,0.0,0.0,0.0,4.1826925,0.0,0.0,0.9954778,1.7506492
1197,0.0,0.0,0.0,4.3209467,0.0,0.0,1.1156871,1.9840634
1198,0.0,0.0,0.0,4.3294516,0.0,0.0,1.0639868,1.8903909
1199,0.0,0.0,0.0,4.3798714,0.0,0.0,1.1612308,1.9739866
1200,0.0,0.0,0.0,4.5586886,0.0,0.0,1.362269,2.3345475
1201,0.0,0.0,0.0,4.427664,0.0,0.0,1.4956006,2.2020895
1202,0.0,0.0,0.0,4.359127,0.0,0.0,1.5274192,2.1061168
1203,0.0,0.0,0.0,4.337814,0.0,0.0,1.4711614,2.0201418
1204,0.0,0.0,0.0,4.3780565,0.0,0.0,1.5465258,2.080958
1205,0.0,0.0,0.0,4.512059,0.0,0.0,1.4075705,2.193906
1206,0.0,0.0,0.0,4.5111837,0.0,0.0,1.433617,2.2143645
1207,0.0,0.0,0.0,4.467606,0.0,0.0,1.5228605,2.1087122
1208,0.0,0.0,0.0,4.2467594,0.0,0.0,1.9810308,2.0490785
1209,0.0,0.0,0.0,4.1872334,0.0,0.0,2.0497675,2.0196247
1210,0.0,0.0,0.0,4.1304092,0.0,0.0,1.901493,1.8728864
1211,0.0,0.0,0.0,4.206537,0.0,0.0,1.8298719,1.9294903
1212,0.0,0.0,0.0,4.113161,0.0,0.0,1.9392114,1.8919995
1213,0.0,0.0,0.0,4.0173287,0.0,0.0,1.8590747,1.7638979
1214,0.0,0.0,0.0,3.8686519,0.0,0.0,1.6309766,1.4810388
1215,0.0,0.0,0.0,3.7766228,0.0,0.0,1.5902475,1.3325745
1216,0.0,0.0,0.0,3.7503128,0.0,0.0,1.5709467,1.3211193
1217,0.0,0.0,0.0,3.6167707,0.0,0.0,1.7030873,1.268085
1218,0.0,0.0,0.0,3.5070524,0.0,0.0,1.6393701,1.1581132
1219,0.0,0.0,0.0,3.4018836,0.0,0.0,1.693002,1.1238974
1220,0.0,0.0,0.0,3.456396,0.0,0.0,1.6183677,1.1996654
1221,0.0,0.0,0.0,3.264945,0.0,0.0,1.5460805,0.9741869
1222,0.0,0.0,0.0,2.918984,0.0,0.0,1.604761,0.7777053
1223,0.0,0.0,0.0,2.9464345,0.0,0.0,1.3961993,0.72228295
1224,0.0,0.0,0.0,3.0231175,0.0,0.0,1.2519306,0.7570735
1225,0.0,0.0,0.0,3.1258097,0.0,0.0,1.3018508,0.93505514
1226,0.0,0.0,0.0,3.071413,0.0,0.0,1.3344238,0.95298445
1227,0.0,0.0,0.0,2.7656708,0.0,0.0,1.462034,0.815254
1228,0.0,0.0,0.0,2.8119426,0.0,0.0,1.5438505,1.1480261
1229,0.0,0.0,0.0,2.581017,0.0,0.0,1.5283147,0.88450265
1230,0.0,0.0,0.0,2.639988,0.0,0.0,1.6257789,1.1404169
1231,0.0,0.0,0.0,2.8680363,0.0,0.0,1.4124415,1.2997799
1232,0.0,0.0,0.0,3.025714,0.0,0.0,1.3356373,1.4252483
1233,0.0,0.0,0.0,3.1843472,0.0,0.0,1.1646296,1.5492307
1234,0.0,0.0,0.0,3.1217008,0.0,0.0,0.93419325,1.3581228
1235,0.0,0.0,0.0,2.850422,0.0,0.0,1.0490831,1.1514
1236,0.0,0.0,0.0,3.0105443,0.0,0.0,1.0946366,1.4244852
1237,0.0,0.0,0.0,3.201448,0.0,0.0,0.98956764,1.5884681
1238,0.0,0.0,0.0,3.2411494,0.0,0.0,1.2618747,1.8651179
1239,0.0,0.0,0.0,3.42246,0.0,0.0,1.179547,2.0509472
1240,0.0,0.0,0.0,3.4616408,0.0,0.0,1.0031054,1.9854679
1241,0.0,0.0,0.0,3.6702847,0.0,0.0,0.7645755,2.108341
1242,0.0,0.0,0.0,3.74573,0.0,0.0,0.9805151,2.221759
1243,0.0,0.0,0.0,3.8104625,0.0,0.0,1.1892934,2.4209409
1244,0.0,0.0,0.0,3.8215027,0.0,0.0,1.167905,2.3716187
1245,0.0,0.0,0.0,3.884017,0.0,0.0,1.297229,2.5070262
1246,0.0,0.0,0.0,3.9460669,0.0,0.0,1.4246238,2.6626778
1247,0.0,0.0,0.0,4.0209494,0.0,0.0,1.5131966,2.8243728
1248,0.0,0.0,0.0,3.9471874,0.0,0.0,1.4075433,2.5977807
1249,0.0,0.0,0.0,4.021049,0.0,0.0,1.2896152,2.6390707
1250,0.0,0.0,0.0,4.2122736,0.0,0.0,1.3552638,2.8629365
1251,0.0,0.0,0.0,4.3264375,0.0,0.0,1.5408468,3.1061
1252,0.0,0.0,0.0,4.2359324,0.0,0.0,1.4398735,2.862247
1253,0.0,0.0,0.0,4.2623343,0.0,0.0,1.6837612,2.9817781
1254,0.0,0.0,0.0,4.305008,0.0,0.0,1.6552982,3.003873
1255,0.0,0.0,0.0,4.2370305,0.0,0.0,1.6789124,2.8739371
1256,0.0,0.0,0.0,4.315265,0.0,0.0,1.6596915,2.933694
1257,0.0,0.0,0.0,4.27882,0.0,0.0,1.4942343,2.7106879
1258,0.0,0.0,0.0,4.3834224,0.0,0.0,1.6134152,2.8962522
1259,0.0,0.0,0.0,4.3426633,0.0,0.0,1.9133614,3.042499
1260,0.0,0.0,0.0,4.2065015,0.0,0.0,2.0637636,2.917189
1261,0.0,0.0,0.0,4.1294208,0.0,0.0,2.0317855,2.714364
1262,0.0,0.0,0.0,4.166456,0.0,0.0,2.0304685,2.7530313
1263,0.0,0.0,0.0,4.24831,0.0,0.0,1.7021658,2.7782738
1264,0.0,0.0,0.0,4.423353,0.0,0.0,1.5406412,2.8866801
1265,0.0,0.0,0.0,4.3709464,0.0,0.0,1.3747449,2.613634
1266,0.0,0.0,0.0,4.4360867,0.0,0.0,1.5963494,2.7998695
1267,0.0,0.0,0.0,4.478737,0.0,0.0,1.695248,2.8456128
1268,0.0,0.0,0.0,4.2891736,0.0,0.0,1.9757092,2.726624
1269,0.0,0.0,0.0,4.2101793,0.0,0.0,2.139185,2.7589774
1270,0.0,0.0,0.0,4.249228,0.0,0.0,2.1806576,2.9166508
1271,0.0,0.0,0.0,4.2877054,0.0,0.0,2.0868354,2.8717122
1272,0.0,0.0,0.0,4.356782,0.0,0.0,2.037681,2.942954
1273,0.0,0.0,0.0,4.217575,0.0,0.0,1.9960675,2.6935692
1274,0.0,0.0,0.0,4.015606,0.0,0.0,2.0863929,2.548029
1275,0.0,0.0,0.0,4.067715,0.0,0.0,2.0429254,2.5724325
1276,0.0,0.0,0.0,4.0586658,0.0,0.0,2.0577278,2.585178
1277,0.0,0.0,0.0,4.189101,0.0,0.0,1.8348835,2.5873885
1278,0.0,0.0,0.0,4.321217,0.0,0.0,1.7235548,2.6650748
1279,0.0,0.0,0.0,4.371002,0.0,0.0,1.8329021,2.9032457
1280,0.0,0.0,0.0,4.5135183,0.0,0.0,1.6101454,2.879568
1281,0.0,0.0,0.0,4.608787,0.0,0.0,1.6561991,2.988364
1282,0.0,0.0,0.0,4.6477017,0.0,0.0,1.6580733,2.9784508
1283,0.0,0.0,0.0,4.7711563,0.0,0.0,1.725893,3.1336658
1284,0.0,0.0,0.0,4.7752824,0.0,0.0,1.8049425,3.0931253
1285,0.0,0.0,0.0,4.825803,0.0,0.0,1.8334514,3.146595
1286,0.0,0.0,0.0,4.8260884,0.0,0.0,1.8927932,3.170021
1287,0.0,0.0,0.0,4.8253593,0.0,0.0,1.7132635,2.9675813
1288,0.0,0.0,0.0,4.7750945,0.0,0.0,1.66613,2.8069222
1289,0.0,0.0,0.0,4.7095637,0.0,0.0,1.7340993,2.6917763
1290,0.0,0.0,0.0,4.669775,0.0,0.0,1.4549868,2.4447603
1291,0.0,0.0,0.0,4.6830654,0.0,0.0,1.5485458,2.4598997
1292,0.0,0.0,0.0,4.640954,0.0,0.0,1.7252692,2.4934535
1293,0.0,0.0,0.0,4.690256,0.0,0.0,1.7691143,2.560321
1294,0.0,0.0,0.0,4.5826163,0.0,0.0,1.801841,2.3958275
1295,0.0,0.0,0.0,4.60128,0.0,0.0,1.7647628,2.3777075
1296,0.0,0.0,0.0,4.432305,0.0,0.0,2.031464,2.2561054
1297,0.0,0.0,0.0,4.46173,0.0,0.0,1.8999778,2.2119474
1298,0.0,0.0,0.0,4.553158,0.0,0.0,1.7546412,2.2596035
1299,0.0,0.0,0.0,4.506993,0.0,0.0,1.9048188,2.2472532
1300,0.0,0.0,0.0,4.4118133,0.0,0.0,1.9421759,2.0718226
1301,0.0,0.0,0.0,4.4051585,0.0,0.0,1.7584369,2.000743
1302,0.0,0.0,0.0,4.341225,0.0,0.0,1.8433112,1.9561901
1303,0.0,0.0,0.0,4.204792,0.0,0.0,1.7809538,1.7222745
1304,0.0,0.0,0.0,4.1939626,0.0,0.0,1.2705022,1.448534
1305,0.0,0.0,0.0,4.222999,0.0,0.0,1.0620543,1.3790362
1306,0.0,0.0,0.0,4.2037272,0.0,0.0,1.2529428,1.4007769
1307,0.0,0.0,0.0,4.0675397,0.0,0.0,1.2048593,1.1764696
1308,0.0,0.0,0.0,4.194956,0.0,0.0,1.0914769,1.3078175
1309,0.0,0.0,0.0,4.235145,0.0,0.0,1.0121574,1.2870252
1310,0.0,0.0,0.0,4.1874366,0.0,0.0,1.1769912,1.2978954
1311,0.0,0.0,0.0,4.007764,0.0,0.0,1.2967426,1.0954084
1312,0.0,0.0,0.0,3.9500813,0.0,0.0,1.5152487,1.1554972
1313,0.0,0.0,0.0,3.8917298,0.0,0.0,1.5732682,1.1738802
1314,0.0,0.0,0.0,3.9931202,0.0,0.0,1.5753906,1.3282611
1315,0.0,0.0,0.0,4.019269,0.0,0.0,1.5383004,1.3506168
1316,0.0,0.0,0.0,4.151687,0.0,0.0,1.3649341,1.4455435
1317,0.0,0.0,0.0,4.2214737,0.0,0.0,1.4338653,1.5663135
1318,0.0,0.0,0.0,4.29719,0.0,0.0,1.4293468,1.6606016
1319,0.0,0.0,0.0,4.270771,0.0,0.0,1.3683093,1.5768791
1320,0.0,0.0,0.0,4.2130218,0.0,0.0,1.5190929,1.575317
1321,0.0,0.0,0.0,4.2083993,0.0,0.0,1.5556564,1.6215228
1322,0.0,0.0,0.0,4.139597,0.0,0.0,1.6503518,1.5800605
1323,0.0,0.0,0.0,4.0924873,0.0,0.0,1.7012414,1.6089892
1324,0.0,0.0,0.0,4.1943936,0.0,0.0,1.541099,1.6704935
1325,0.0,0.0,0.0,4.155075,0.0,0.0,1.5006315,1.5683883
1326,0.0,0.0,0.0,3.8700933,0.0,0.0,1.7081419,1.3586518
1327,0.0,0.0,0.0,3.9361224,0.0,0.0,1.5954722,1.3880169
1328,0.0,0.0,0.0,4.066354,0.0,0.0,1.4534919,1.5025963
1329,0.0,0.0,0.0,4.348642,0.0,0.0,1.1306131,1.692028
1330,0.0,0.0,0.0,4.431356,0.0,0.0,1.1515896,1.6681474
1331,0.0,0.0,0.0,4.4918785,0.0,0.0,1.2013062,1.7239565
1332,0.0,0.0,0.0,4.416838,0.0,0.0,1.178421,1.6033905
1333,0.0,0.0,0.0,4.4375114,0.0,0.0,1.1575439,1.5648587
1334,0.0,0.0,0.0,4.4258804,0.0,0.0,1.1649333,1.5139703
1335,0.0,0.0,0.0,4.5246773,0.0,0.0,1.3403345,1.738822
1336,0.0,0.0,0.0,4.624569,0.0,0.0,1.4751252,1.9130826
1337,0.0,0.0,0.0,4.650586,0.0,0.0,1.4745859,1.8776444
1338,0.0,0.0,0.0,4.68778,0.0,0.0,1.4047658,1.8825991
1339,0.0,0.0,0.0,4.704645,0.0,0.0,1.3802925,1.846038
1340,0.0,0.0,0.0,4.616142,0.0,0.0,1.3983223,1.7084904
1341,0.0,0.0,0.0,4.483662,0.0,0.0,1.5570117,1.6074717
1342,0.0,0.0,0.0,4.497746,0.0,0.0,1.7157589,1.6651173
1343,0.0,0.0,0.0,4.565262,0.0,0.0,1.738291,1.7910922
1344,0.0,0.0,0.0,4.5993724,0.0,0.0,1.5518085,1.7193284
1345,0.0,0.0,0.0,4.5599747,0.0,0.0,1.7031713,1.7189666
1346,0.0,0.0,0.0,4.3467445,0.0,0.0,2.0789852,1.6382279
1347,0.0,0.0,0.0,4.2512217,0.0,0.0,2.064536,1.6339121
1348,0.0,0.0,0.0,4.2281017,0.0,0.0,1.9507855,1.5368209
1349,0.0,0.0,0.0,4.2261257,0.0,0.0,1.9402215,1.5684979
1350,0.0,0.0,0.0,4.2503843,0.0,0.0,1.924973,1.5975085
1351,0.0,0.0,0.0,4.24897,0.0,0.0,1.9032633,1.6317807
1352,0.0,0.0,0.0,4.002227,0.0,0.0,1.7475805,1.2172936
1353,0.0,0.0,0.0,3.8121386,0.0,0.0,1.513669,0.9401201
1354,0.0,0.0,0.0,3.9164233,0.0,0.0,1.5121574,1.0665392
1355,0.0,0.0,0.0,4.0178585,0.0,0.0,1.4120063,1.1375798
1356,0.0,0.0,0.0,4.1080437,0.0,0.0,1.3799074,1.2555267
1357,0.0,0.0,0.0,4.1296654,0.0,0.0,1.3287729,1.2430058
1358,0.0,0.0,0.0,4.246267,0.0,0.0,1.311277,1.3956625
1359,0.0,0.0,0.0,4.2526026,0.0,0.0,1.2771494,1.4300721
1360,0.0,0.0,0.0,3.957395,0.0,0.0,1.6363875,1.25202
1361,0.0,0.0,0.0,3.9603195,0.0,0.0,1.7484909,1.3622386
1362,0.0,0.0,0.0,3.9762626,0.0,0.0,1.6321604,1.3803045
1363,0.0,0.0,0.0,4.033733,0.0,0.0,1.4581006,1.39134
1364,0.0,0.0,0.0,3.9892302,0.0,0.0,1.5131109,1.3315151
1365,0.0,0.0,0.0,4.030682,0.0,0.0,1.5304734,1.4124703
1366,0.0,0.0,0.0,3.972775,0.0,0.0,1.3374479,1.2054796
1367,0.0,0.0,0.0,3.8977647,0.0,0.0,1.4186251,1.2099018
1368,0.0,0.0,0.0,3.9677477,0.0,0.0,1.3563341,1.250786
1369,0.0,0.0,0.0,3.9907618,0.0,0.0,1.28207,1.2439106
1370,0.0,0.0,0.0,4.0926514,0.0,0.0,1.3026186,1.4351301
1371,0.0,0.0,0.0,4.079924,0.0,0.0,1.41247,1.4580603
1372,0.0,0.0,0.0,4.0946765,0.0,0.0,1.2035667,1.4040401
1373,0.0,0.0,0.0,4.167881,0.0,0.0,1.1996346,1.5327269
1374,0.0,0.0,0.0,4.0643654,0.0,0.0,1.4734026,1.4690769
1375,0.0,0.0,0.0,3.9023356,0.0,0.0,1.8639859,1.4750793
1376,0.0,0.0,0.0,3.7221327,0.0,0.0,2.2278545,1.6139188
1377,0.0,0.0,0.0,3.7987304,0.0,0.0,1.95851,1.62083
1378,0.0,0.0,0.0,3.8228717,0.0,0.0,1.7787768,1.5885482
1379,0.0,0.0,0.0,3.7767925,0.0,0.0,1.8609782,1.66031
1380,0.0,0.0,0.0,3.4468298,0.0,0.0,1.9817716,1.445864
1381,0.0,0.0,0.0,3.395207,0.0,0.0,1.9040939,1.3800114
1382,0.0,0.0,0.0,3.435772,0.0,0.0,1.8343195,1.4681867
1383,0.0,0.0,0.0,3.5256705,0.0,0.0,1.6869862,1.4935311
1384,0.0,0.0,0.0,3.5761185,0.0,0.0,1.6930473,1.5831889
1385,0.0,0.0,0.0,3.6856318,0.0,0.0,1.5448946,1.6445081
1386,0.0,0.0,0.0,3.8845992,0.0,0.0,1.4199206,1.7674725
1387,0.0,0.0,0.0,3.8500466,0.0,0.0,1.3367717,1.6193185
1388,0.0,0.0,0.0,3.9291096,0.0,0.0,1.2056386,1.6245029
1389,0.0,0.0,0.0,3.9838495,0.0,0.0,0.9833368,1.5690016
1390,0.0,0.0,0.0,4.077108,0.0,0.0,1.0719717,1.7131801
1391,0.0,0.0,0.0,4.122591,0.0,0.0,1.1101816,1.7711631
1392,0.0,0.0,0.0,4.07481,0.0,0.0,1.2340921,1.7947835
1393,0.0,0.0,0.0,4.1765046,0.0,0.0,1.2161087,1.8704325
1394,0.0,0.0,0.0,4.052531,0.0,0.0,1.2492778,1.7181087
1395,0.0,0.0,0.0,4.0229626,0.0,0.0,1.3214115,1.7460229
1396,0.0,0.0,0.0,4.086313,0.0,0.0,1.3551495,1.8827313
1397,0.0,0.0,0.0,4.1454797,0.0,0.0,1.2038426,1.8379157
1398,0.0,0.0,0.0,4.2328463,0.0,0.0,1.1913911,1.8926892
1399,0.0,0.0,0.0,4.170194,0.0,0.0,1.48543,1.9764956
1400,0.0,0.0,0.0,4.242512,0.0,0.0,1.4561507,2.06723
1401,0.0,0.0,0.0,4.2117915,0.0,0.0,1.4719735,1.9850208
1402,0.0,0.0,0.0,4.2448263,0.0,0.0,1.4641308,2.036244
1403,0.0,0.0,0.0,4.194529,0.0,0.0,1.4673035,1.926436
1404,0.0,0.0,0.0,4.116458,0.0,0.0,1.9496373,2.090969
1405,0.0,0.0,0.0,4.2068515,0.0,0.0,1.9750824,2.2598026
1406,0.0,0.0,0.0,3.9598556,0.0,0.0,2.0640583,2.0391705
1407,0.0,0.0,0.0,3.8548365,0.0,0.0,1.9206214,1.8532718
1408,0.0,0.0,0.0,3.7437067,0.0,0.0,2.010651,1.8586056
1409,0.0,0.0,0.0,3.6237311,0.0,0.0,1.868632,1.6586211
1410,0.0,0.0,0.0,3.5560994,0.0,0.0,1.6282325,1.4739556
1411,0.0,0.0,0.0,3.6064067,0.0,0.0,1.6244369,1.5800657
1412,0.0,0.0,0.0,3.4223847,0.0,0.0,1.7036102,1.4882863
1413,0.0,0.0,0.0,3.5027394,0.0,0.0,1.5761319,1.5865966
1414,0.0,0.0,0.0,3.6235676,0.0,0.0,1.4034771,1.5695126
1415,0.0,0.0,0.0,3.650341,0.0,0.0,1.3772498,1.5645566
1416,0.0,0.0,0.0,3.748639,0.0,0.0,1.3031706,1.6704047
1417,0.0,0.0,0.0,3.7539625,0.0,0.0,1.319882,1.707973
1418,0.0,0.0,0.0,3.9154673,0.0,0.0,1.1779457,1.8618555
1419,0.0,0.0,0.0,4.0111804,0.0,0.0,1.1516054,1.9298145
1420,0.0,0.0,0.0,4.0973544,0.0,0.0,1.0686717,1.9791651
1421,0.0,0.0,0.0,4.0985594,0.0,0.0,0.94310135,1.8162439
1422,0.0,0.0,0.0,4.136465,0.0,0.0,1.0360304,1.8577096
1423,0.0,0.0,0.0,4.184693,0.0,0.0,1.1951218,2.0220919
1424,0.0,0.0,0.0,4.1484547,0.0,0.0,1.2191085,1.9747767
1425,0.0,0.0,0.0,4.2655864,0.0,0.0,1.3223206,2.2207775
1426,0.0,0.0,0.0,4.3266754,0.0,0.0,1.2461715,2.1805148
1427,0.0,0.0,0.0,4.476504,0.0,0.0,1.293503,2.3698802
1428,0.0,0.0,0.0,4.4953814,0.0,0.0,1.3717197,2.367332
1429,0.0,0.0,0.0,4.5498924,0.0,0.0,1.4727417,2.4743114
1430,0.0,0.0,0.0,4.472975,0.0,0.0,1.6758468,2.4588807
1431,0.0,0.0,0.0,4.5068526,0.0,0.0,1.7842468,2.5743575
1432,0.0,0.0,0.0,4.5268617,0.0,0.0,1.8372244,2.587921
1433,0.0,0.0,0.0,4.5298867,0.0,0.0,1.9333336,2.6363907
1434,0.0,0.0,0.0,4.3890576,0.0,0.0,1.9277921,2.395839
1435,0.0,0.0,0.0,4.408611,0.0,0.0,1.9973401,2.4845858
1436,0.0,0.0,0.0,4.289984,0.0,0.0,2.1583314,2.4237347
1437,0.0,0.0,0.0,4.1520705,0.0,0.0,2.1209774,2.277979
1438,0.0,0.0,0.0,4.149514,0.0,0.0,1.9298375,2.1202736
1439,0.0,0.0,0.0,4.0340185,0.0,0.0,1.9593457,1.9699502
1440,0.0,0.0,0.0,4.077128,0.0,0.0,1.894327,2.0185251
1441,0.0,0.0,0.0,3.9806814,0.0,0.0,1.9658207,1.9714721
1442,0.0,0.0,0.0,3.815928,0.0,0.0,1.8688661,1.7755147
1443,0.0,0.0,0.0,3.8687992,0.0,0.0,1.8297278,1.8623443
1444,0.0,0.0,0.0,3.8211908,0.0,0.0,1.8012254,1.7982223
1445,0.0,0.0,0.0,3.9080815,0.0,0.0,1.5740839,1.7916765
1446,0.0,0.0,0.0,4.0545425,0.0,0.0,1.4225347,1.8526685
1447,0.0,0.0,0.0,4.0911613,0.0,0.0,1.2893686,1.8362411
1448,0.0,0.0,0.0,4.2075143,0.0,0.0,1.1353053,1.8716733
1449,0.0,0.0,0.0,4.184293,0.0,0.0,1.1484381,1.8317356
1450,0.0,0.0,0.0,4.1274996,0.0,0.0,1.1412978,1.6960516
1451,0.0,0.0,0.0,4.169104,0.0,0.0,1.079814,1.6953821
1452,0.0,0.0,0.0,4.260684,0.0,0.0,1.2691711,1.9171128
1453,0.0,0.0,0.0,4.3012853,0.0,0.0,1.2071204,1.8972455
1454,0.0,0.0,0.0,4.3922806,0.0,0.0,1.3071532,2.0471997
1455,0.0,0.0,0.0,4.369993,0.0,0.0,1.3090631,1.9741358
1456,0.0,0.0,0.0,4.395004,0.0,0.0,1.3758664,2.046587
1457,0.0,0.0,0.0,4.392746,0.0,0.0,1.3737146,2.0449538
1458,0.0,0.0,0.0,4.4271593,0.0,0.0,1.4588354,2.1130342
1459,0.0,0.0,0.0,4.4175615,0.0,0.0,1.4580125,2.0913134
1460,0.0,0.0,0.0,4.367303,0.0,0.0,1.2013142,1.6140208
1461,0.0,0.0,0.0,4.338081,0.0,0.0,1.258022,1.5508947
1462,0.0,0.0,0.0,4.261578,0.0,0.0,1.2448629,1.4083307
1463,0.0,0.0,0.0,4.2054853,0.0,0.0,1.377386,1.3822327
1464,0.0,0.0,0.0,4.2239966,0.0,0.0,1.2702497,1.3501259
1465,0.0,0.0,0.0,4.297234,0.0,0.0,1.1773883,1.4322958
1466,0.0,0.0,0.0,4.3560634,0.0,0.0,1.303076,1.539875
1467,0.0,0.0,0.0,4.3317604,0.0,0.0,1.4169089,1.5287168
1468,0.0,0.0,0.0,4.376729,0.0,0.0,1.2993956,1.5609124
1469,0.0,0.0,0.0,4.3665104,0.0,0.0,1.2605749,1.4568448
1470,0.0,0.0,0.0,4.354416,0.0,0.0,1.4633328,1.5129428
1471,0.0,0.0,0.0,4.3357234,0.0,0.0,1.4706719,1.4780158
1472,0.0,0.0,0.0,4.2909775,0.0,0.0,1.4583471,1.3621255
1473,0.0,0.0,0.0,4.278166,0.0,0.0,1.380044,1.3079779
1474,0.0,0.0,0.0,4.089734,0.0,0.0,1.8294103,1.213558
1475,0.0,0.0,0.0,4.0853906,0.0,0.0,1.7245302,1.1956927
1476,0.0,0.0,0.0,4.0022182,0.0,0.0,1.5674218,1.0084246
1477,0.0,0.0,0.0,4.0503,0.0,0.0,1.2985756,0.98063993
1478,0.0,0.0,0.0,4.1432014,0.0,0.0,1.2441711,1.0593269
1479,0.0,0.0,0.0,4.1218424,0.0,0.0,1.2737181,1.0343475
1480,0.0,0.0,0.0,4.377906,0.0,0.0,1.150253,1.657315
1481,0.0,0.0,0.0,4.434888,0.0,0.0,1.1612648,1.6680313
1482,0.0,0.0,0.0,4.467738,0.0,0.0,1.2521938,1.7212405
1483,0.0,0.0,0.0,4.460269,0.0,0.0,1.3068448,1.7059916
1484,0.0,0.0,0.0,4.481227,0.0,0.0,1.3617803,1.7422674
1485,0.0,0.0,0.0,4.3352585,0.0,0.0,1.5700294,1.6951009
1486,0.0,0.0,0.0,4.3995867,0.0,0.0,1.5941695,1.7784641
1487,0.0,0.0,0.0,4.472784,0.0,0.0,1.7155527,1.9653862
1488,0.0,0.0,0.0,4.490111,0.0,0.0,1.6231108,1.8998978
1489,0.0,0.0,0.0,4.4678135,0.0,0.0,1.5452418,1.8097875
1490,0.0,0.0,0.0,4.5103703,0.0,0.0,1.5426465,1.8594428
1491,0.0,0.0,0.0,4.474264,0.0,0.0,1.4629481,1.7534916
1492,0.0,0.0,0.0,4.380163,0.0,0.0,1.6082646,1.6978668
1493,0.0,0.0,0.0,4.3705273,0.0,0.0,1.5663949,1.6437111
1494,0.0,0.0,0.0,4.481947,0.0,0.0,1.3262148,1.7297442
1495,0.0,0.0,0.0,4.649158,0.0,0.0,1.2303358,1.8533947
1496,0.0,0.0,0.0,4.7842875,0.0,0.0,1.2984618,2.014835
1497,0.0,0.0,0.0,4.848059,0.0,0.0,1.3512391,2.0448587
1498,0.0,0.0,0.0,4.9883294,0.0,0.0,1.4625882,2.2552164
1499,0.0,0.0,0.0,5.1339545,0.0,0.0,1.5247713,2.4084773
1500,0.0,0.0,0.0,5.2303023,0.0,0.0,1.6558527,2.543604
1501,0.0,0.0,0.0,5.211554,0.0,0.0,1.6687204,2.4263718
1502,0.0,0.0,0.0,5.14956,0.0,0.0,1.7907845,2.3815684
1503,0.0,0.0,0.0,5.2032356,0.0,0.0,1.8335189,2.4264092
1504,0.0,0.0,0.0,5.153492,0.0,0.0,1.7906598,2.293257
1505,0.0,0.0,0.0,5.147235,0.0,0.0,1.883925,2.3318286
1506,0.0,0.0,0.0,5.0680223,0.0,0.0,1.9921046,2.284851
1507,0.0,0.0,0.0,5.019786,0.0,0.0,2.0858817,2.2770283
1508,0.0,0.0,0.0,5.105447,0.0,0.0,1.9385984,2.2424922
1509,0.0,0.0,0.0,5.19708,0.0,0.0,2.004988,2.4045663
1510,0.0,0.0,0.0,5.2605243,0.0,0.0,1.94513,2.4610858
1511,0.0,0.0,0.0,5.223855,0.0,0.0,1.9001952,2.327867
1512,0.0,0.0,0.0,5.241408,0.0,0.0,1.7796706,2.2283566
1513,0.0,0.0,0.0,5.2568126,0.0,0.0,1.8878742,2.267517
1514,0.0,0.0,0.0,5.3179784,0.0,0.0,1.8109239,2.2980194
1515,0.0,0.0,0.0,5.386518,0.0,0.0,1.8687758,2.37567
1516,0.0,0.0,0.0,5.2831397,0.0,0.0,1.9572922,2.2442703
1517,0.0,0.0,0.0,5.3520403,0.0,0.0,1.9447852,2.3140564
1518,0.0,0.0,0.0,5.321281,0.0,0.0,1.9030753,2.2215042
1519,0.0,0.0,0.0,5.2411623,0.0,0.0,1.826187,2.0346324
1520,0.0,0.0,0.0,5.08405,0.0,0.0,1.8763387,1.8238213
1521,0.0,0.0,0.0,4.970813,0.0,0.0,2.010819,1.7351277
1522,0.0,0.0,0.0,4.853898,0.0,0.0,1.9979013,1.6401757
1523,0.0,0.0,0.0,4.8281107,0.0,0.0,1.9429896,1.539619
1524,0.0,0.0,0.0,4.7826533,0.0,0.0,1.9963466,1.5409636
1525,0.0,0.0,0.0,4.9727764,0.0,0.0,1.6407844,1.6025102
1526,0.0,0.0,0.0,5.1188593,0.0,0.0,1.6439728,1.7445102
