,feature_0,feature_1,feature_2,feature_3,feature_4,feature_5,feature_6,feature_7,feature_8,feature_9,feature_10,feature_11,feature_12,feature_13,feature_14,feature_15,feature_16,feature_17,feature_18,feature_19,feature_20,feature_21,feature_22,feature_23,feature_24,feature_25,feature_26,feature_27,feature_28,feature_29,feature_30,feature_31
0,5.129226,2.8210223,2.9532897,0.0,3.7286177,3.9651155,5.6470947,6.0511336,0.0,5.721884,0.0,6.2267933,1.3153251,0.0,8.215902,5.271305,3.0617003,2.1411715,0.0,9.625851,0.5520741,0.0,1.1740758,0.0,0.0,4.9756517,0.0,1.5674655,7.000553,6.0683556,0.0,0.0
1,2.4632971,1.8118949,1.9561323,0.0,6.4734087,9.440422,9.723341,3.366332,0.0,3.3460138,1.9862207,2.3304358,0.0,0.0,4.1271453,1.6782694,1.3549438,12.003678,0.0,2.0462844,3.6924577,0.0,1.1263592,0.0,0.0,10.474598,0.0,2.503059,1.1247606,1.9788272,0.0,0.0
2,0.25618705,2.111521,0.650781,0.0,5.8180714,7.279753,3.919871,5.1831183,0.0,0.0,2.9810572,0.0,3.8463767,0.0,4.389113,4.9855723,2.1949034,8.735536,0.0,0.6917688,3.1369345,0.0,4.616496,0.0,0.0,6.7157464,0.35515207,0.0,4.263107,1.463971,0.0,0.0
3,5.7885914,4.1995454,0.0,0.0,0.5536853,2.8923247,3.1194472,0.0,0.0,5.9145503,6.8115916,3.9440935,2.1816514,2.236109,4.428716,4.41384,2.8391552,1.8910519,0.0,0.0,0.42193317,0.0,0.0,0.0,0.0,3.079882,0.9828101,2.4808717,8.458468,0.9572669,0.0,0.0
4,0.8533514,0.86961263,0.0,1.641641,3.8509514,2.6469038,3.4994493,2.885667,0.0,3.1694226,1.658286,2.7897224,0.0,0.0,5.5477877,2.0268297,1.7077514,3.270014,0.0,2.9864082,4.605384,0.0,0.0,0.0,0.0,6.8370843,0.0,0.0,0.0,0.0,0.0,0.0
5,0.49255452,4.5242968,0.0,0.0,2.802123,3.0232642,0.0,1.5981535,0.0,4.859143,7.4783864,4.6139207,0.12114765,0.0,8.546698,2.517062,3.403377,6.588633,0.0,0.0,2.2667937,0.983551,4.7906647,0.0,0.0,8.265481,0.0,0.0,7.8990116,2.8791473,0.0,0.0
6,0.0,0.0,0.54702115,0.0,0.0,4.0742755,0.0,3.8053799,0.0,1.5146083,0.17556623,0.0,4.9024773,0.0,6.6506534,4.4816346,3.183936,2.5765228,0.0,2.0156279,2.3533978,0.0,0.66167796,0.0,0.0,1.4074749,0.97592854,0.22152261,3.2835965,5.894806,0.0,0.0
7,5.588303,2.9847028,0.63828874,0.0,4.791931,5.7205005,0.6871882,0.99911565,0.0,2.5588658,1.4842927,5.421827,0.0,0.0,4.8604364,3.0675144,0.54453355,10.070095,0.0,5.0289845,3.3338947,0.0,0.84327203,0.0,0.0,2.975639,0.0,2.5605488,0.20391706,3.1855273,0.0,0.0
8,6.1804047,1.1757369,0.0,0.0,1.0646346,5.9984784,1.7516606,0.92470425,0.0,4.218209,0.0,7.064585,0.0,1.5051574,3.1923387,3.497921,0.1589324,4.0824866,0.0,2.9472332,1.50281,0.41567332,1.3033385,0.0,0.0,5.994708,0.0,4.403608,1.3687887,4.319326,0.0,0.0
9,5.5807586,10.593126,1.4571673,0.0,3.3585372,3.4147043,1.482954,0.7830265,0.0,6.5012355,2.9895396,4.0165544,2.1493058,0.0,8.52094,2.833548,1.1335725,2.4711652,0.0,0.0,0.985289,0.0,0.8297881,0.0,0.0,5.8582315,1.3353821,1.5158896,4.1949263,2.9715083,0.0,0.0
10,9.087945,4.797008,0.4221512,0.0,5.914455,2.1433883,6.906954,2.0463953,2.704769,2.7602236,3.836175,0.0,6.7327843,0.0,1.150952,0.0,1.479666,0.0,0.0,0.19327183,2.6217294,0.0,0.84473866,0.0,0.0,3.3071635,0.0,8.253865,9.071585,3.216296,0.0,0.0
11,0.52293646,0.0,0.0,0.0,4.777918,8.567083,2.6660028,5.257304,0.0,2.3050084,2.0885437,1.9749581,0.0,0.0,3.6756895,4.7557273,3.995911,5.036713,0.0,2.6035624,6.9330373,0.0,3.5090926,0.0,0.0,1.7961779,0.0,0.0,4.895281,0.0,0.0,0.0
12,5.7609324,0.0,2.817673,0.0,7.5645943,3.6840138,3.9074812,3.4081788,0.0,2.0187855,0.31794667,8.445861,0.0,0.0,3.839498,7.6920643,3.6735969,6.050242,0.0,10.045529,1.4139907,0.0,3.6744285,0.0,0.0,5.053919,1.6312203,3.6716294,2.5807638,4.081059,0.0,0.0
13,6.163396,2.4628313,0.0,0.0,4.010351,1.6191719,4.222292,1.157132,0.0,0.0,2.2669213,0.42654568,2.2097697,0.0,1.0387771,0.26256272,0.0,2.64272,0.0,0.9321577,2.2900162,0.0,0.0,0.0,0.0,2.4123123,0.0,3.785274,2.6496572,1.409249,0.0,0.0
14,8.904944,5.919004,0.5181767,0.0,4.8091984,1.386916,8.110919,5.259968,0.0,0.21988335,1.6172049,0.0,8.980763,0.0,5.1203628,0.0,2.8633885,1.6949804,0.0,0.0,3.6700528,0.0,0.83306557,0.0,0.0,3.345006,0.0,5.6311603,9.539251,3.6618884,0.0,0.0
15,8.486726,12.877312,0.0,0.0,2.3214588,4.120037,3.1453104,3.1602879,0.0,6.4238305,5.5596943,1.791401,2.8761847,0.0,10.308987,0.8691962,2.6136537,4.7325296,0.0,0.0,1.2331138,0.0,3.1258357,0.0,0.0,10.906337,0.0,0.13580665,6.018334,3.6347334,0.0,0.0
16,4.600566,3.3996236,5.7704844,0.0,6.40618,2.931571,1.3739989,3.25942,0.0,3.7240396,2.3916814,2.0478427,5.1488895,0.0,3.916447,6.765047,3.3303854,3.0735545,0.0,9.187793,2.9561489,0.0,0.0,0.0,0.0,2.5891678,1.8097554,0.15075865,0.71145105,8.234257,0.0,0.0
17,3.0764143,7.780433,0.22711226,0.0,3.9119186,1.9731185,2.2243266,3.1256983,0.0,2.4102902,6.4245987,4.1598988,5.7318454,0.0,5.8402686,3.4120545,5.359322,0.9789016,0.0,1.1326855,1.0607443,0.0,0.8797615,0.0,0.0,8.21957,1.9949828,1.507349,6.1347246,1.6324756,0.0,0.0
18,0.41882467,0.0,0.0,0.0,4.0874496,5.136622,3.1064482,0.0,0.0,0.6145686,6.7826676,6.9492154,0.0,0.0,0.20583867,6.4465637,1.6225619,5.4135876,0.0,0.62440264,1.8745306,0.89588606,0.0,0.0,0.0,1.3031397,3.2294235,0.0,7.6226115,7.5884295,0.0,0.0
19,1.6401964,4.358164,0.0,0.0,5.017085,3.2102306,0.0865705,0.7518912,0.0,2.9566684,0.88695544,6.349201,0.0,0.0,1.2737579,1.52947,4.435284,8.213426,0.0,3.2007105,3.103969,2.0885613,0.3057248,0.0,0.0,6.034213,1.067667,0.0,4.347313,4.3403687,0.0,0.0
20,2.4320607,4.429431,2.4527998,0.0,3.2242382,5.3793607,0.541278,1.0607636,0.0,3.6195476,0.13395822,4.5825934,2.6634526,0.0,6.442586,3.5693057,1.2605262,1.651585,0.0,1.8346857,2.3600633,0.0,0.006883025,0.0,0.0,4.607999,1.1755128,4.4125395,0.8726355,2.7481685,0.0,0.0
21,0.0,0.0,3.1420283,0.0,4.042216,5.442942,4.6201024,3.682695,0.0,3.4793196,7.51434,0.8699273,0.0,1.4143906,0.0,6.3678646,3.4037957,3.4042356,0.0,0.0,4.530394,0.0,0.0,0.0,0.0,0.0,1.6123271,0.0,8.143587,4.094988,0.0,0.0
22,3.8059034,8.396712,1.6530231,0.0,3.8359132,2.3251796,0.0,3.9573233,0.0,6.0881987,5.9222407,4.796136,5.215643,0.0,8.607036,2.1267972,3.3749948,1.0692149,0.0,0.0,0.0,0.001366958,1.8119298,0.0,0.0,9.804721,1.1468437,1.5551147,5.443926,0.9734399,0.0,0.0
23,3.7066607,1.2885,3.1764538,0.0,1.9133685,3.9250875,6.13741,8.776795,0.0,0.0,0.0,0.7650577,6.9002466,2.4380195,4.0974174,2.613337,1.5408201,6.077971,0.0,0.0,0.0,0.0,1.0951475,0.0,0.0,1.8906811,0.0,0.89131844,8.533717,3.2659287,0.0,0.0
24,2.6148114,1.9490595,0.0,0.0,3.4861288,5.193434,6.264585,5.8720837,0.0,3.0258553,2.0286567,0.0,0.0,0.0,4.744675,2.4030278,0.6559107,7.060216,0.0,4.075389,2.397142,0.0,2.8777514,0.0,0.0,9.522495,0.0,0.13296483,1.5887583,2.1694934,0.0,0.0
25,0.0,0.0,0.0,0.0,2.694096,0.67512417,0.568569,0.0,0.0,5.836067,8.114051,4.794152,0.0,0.014133126,4.2366657,2.2525465,3.6416154,2.3543208,0.0,0.3916313,0.16072708,1.0898834,1.0424948,0.0,0.0,4.673326,0.0,0.0,5.5643787,3.019973,0.0,0.0
26,1.5903627,5.4488564,2.0627246,0.0,0.0,9.023911,1.3213556,0.0,0.0,6.1147842,6.9680204,7.094814,0.36760563,1.1692109,6.801687,4.741177,2.6271968,6.2999554,0.0,2.801984,0.47417378,3.4868479,4.667133,0.0,0.0,8.070063,0.0,0.0,3.3891985,4.3997183,0.0,0.0
27,0.3709871,3.1308973,0.0,0.0,2.6688945,4.1384096,3.238625,2.732764,0.0,4.2288446,3.1101112,4.4610605,0.0,0.0,9.780051,0.19584045,3.653584,3.567749,0.0,5.573725,8.922304,0.0,1.5139964,0.0,0.0,5.560814,0.0,0.0,0.0,2.5271497,0.0,0.0
28,1.3203816,0.0,0.2039551,0.0,2.9761105,6.4458594,5.274395,5.367281,0.0,3.2394311,4.2407136,3.0227413,0.0,3.1330254,8.05505,0.9983636,5.2856913,3.9293113,0.0,5.4135423,10.617268,0.0,3.5638342,0.0,0.0,4.0792,0.0,0.0,2.9140427,0.8546586,0.0,0.0
29,4.8877454,5.594511,0.9216716,0.0,3.7191725,3.731051,1.9501915,3.1839557,0.0,4.2045126,5.8473263,4.5299087,3.7603354,0.0,9.464176,3.354053,3.5436902,2.8884585,0.0,0.0,1.0961937,0.0,0.8727825,0.0,0.0,8.343728,0.0,0.0,7.534424,2.7993464,0.0,0.0
30,8.097852,7.687218,3.0046763,0.0,6.5408525,0.7690586,4.2120657,4.557012,2.0317602,2.4787276,3.4062572,2.1909654,5.7173095,0.0,2.49986,1.3424795,0.0,1.8358755,0.0,4.0351605,3.7442565,0.0,0.16963422,0.0,0.0,4.4415374,2.6983998,7.7153997,1.1998975,2.3897827,0.0,0.0
31,5.0464044,0.6053869,0.0,0.0,2.9597526,0.91302186,2.6126764,5.2599416,0.0,4.0588593,3.8072124,1.3988112,0.5183848,0.0,6.251276,2.6504474,0.0,4.726727,0.0,4.3075,3.5971372,0.0,1.5952148,0.0,0.0,8.586847,0.0,1.2326548,0.0,3.197653,0.0,0.0
32,0.0,3.4796257,0.0,0.0,4.326994,4.797047,4.8312087,5.345552,0.0,1.5260986,4.011491,0.0,0.58745563,0.0,3.4185097,2.5143716,1.8438119,6.3416896,0.0,6.3448677,2.4816465,0.0,3.7926843,0.0,0.0,8.938004,0.50332266,0.0,3.1573074,1.1130636,0.0,0.0
33,2.7420464,0.27837664,0.0,0.0,5.140713,4.5555387,1.3248787,3.0401473,0.0,1.5186476,2.9361465,2.6974995,0.91940016,0.0,3.0659866,2.0392265,4.9438663,2.0926936,0.0,3.930106,4.7308626,0.0,1.046675,0.0,0.0,6.239057,0.85278225,0.0,3.1374946,0.0,0.0,0.0
34,0.0,0.0,7.1339602,0.0,4.7851157,4.404909,7.5974545,5.5667496,0.0,1.1510512,0.0,4.448246,0.0,0.59123397,5.2712116,2.8441827,4.360409,7.3857036,0.0,2.6920304,6.108867,0.0,0.026641488,0.0,0.0,0.0,0.0,0.0,0.0,1.2204075,0.0,0.0
35,6.3038487,9.9851055,0.44930977,0.0,2.7515564,3.0845346,2.3247983,4.464406,0.0,3.2361302,2.814407,2.6290548,5.1212845,0.0,9.838171,2.4119055,1.0165049,4.8227406,0.0,0.0,0.39916807,0.0,2.0365725,0.0,0.0,8.107742,0.0,0.7083882,7.3652987,3.1948957,0.0,0.0
36,0.0,0.6394707,1.660297,0.0,0.0,2.0517874,3.1245754,0.058416337,0.0,1.3506819,3.2146144,4.7052073,0.04053168,2.769391,5.967598,1.634819,4.139156,1.2267972,0.0,6.6780334,3.1805756,0.40697163,1.1185559,0.0,0.0,0.7974681,0.9599352,0.0,1.5507753,1.6170816,0.0,0.0
37,8.856661,8.317234,1.0634211,0.0,7.917779,3.1204536,3.698242,8.59195,0.0,3.6521008,3.391534,1.879953,7.424414,0.0,2.9320202,1.2592576,0.007380292,5.3472724,0.0,6.4937615,3.9340577,0.0,2.5591428,0.0,0.0,10.759602,1.7915193,4.444997,1.7638366,0.7320681,0.0,0.0
38,0.072710834,0.0,0.0,0.0,1.7619928,0.6213448,0.0,1.8644714,0.0,4.720256,4.9310594,3.718775,0.0,0.0,5.0636234,1.3161411,1.1356925,5.5617495,0.0,2.3894608,0.5661414,0.34147802,1.9913688,0.0,0.0,1.324643,0.0,0.0,4.2666388,6.5940976,0.0,0.0
39,4.8077116,4.8461523,1.9431188,0.0,0.9373342,2.3161595,0.92781085,5.6860886,0.0,6.5273285,3.6188056,2.183861,2.1405125,1.249039,7.6667156,1.4430827,2.1369452,4.4224963,0.0,0.2972108,0.79406613,0.0,1.5185549,0.0,0.0,4.7640133,0.0,0.0,10.906252,3.89994,0.0,0.0
40,0.0,0.19923945,3.8888204,0.0,2.3914342,3.6451285,1.0294452,4.4386783,0.0,4.6312265,5.7957363,0.0,0.7917317,1.2686439,9.3207,2.745201,1.1522946,3.8470564,0.0,0.0,0.0,0.0,0.6660136,0.0,0.0,0.0,0.0,0.0,4.699119,7.7867193,0.0,0.0
41,2.8146813,0.7231108,1.4210262,0.0,5.0623517,1.7968051,3.2969317,2.9203212,0.0,0.8222289,3.2444458,0.0,3.758855,0.0,4.545436,2.9400856,3.4992685,1.8362353,0.0,4.14843,2.4341733,0.0,0.0,0.0,0.0,6.1355495,0.0,0.0,1.2630466,2.6700215,0.0,0.0
42,1.2670083,2.2906318,0.0,0.19769849,4.854766,4.0891557,4.67769,5.9731793,0.0,5.141084,2.303339,1.2574924,0.5499767,0.0,10.757711,2.957594,3.7657619,5.6094127,0.0,5.5789094,8.094044,0.0,1.7807758,0.0,0.0,9.599198,0.0,0.0,2.5373735,2.888441,0.0,0.0
43,5.405773,0.0,0.04604253,0.0,3.5479898,1.0164076,2.7351475,3.087285,0.0,2.236337,2.9011815,1.9258887,1.9038713,0.0,5.846799,2.8376112,1.6454122,0.5033086,0.0,6.453978,1.5374956,0.0,0.0,0.0,0.0,4.6971908,0.0,0.3069787,2.5124862,3.230237,0.0,0.0
44,2.2712579,2.8423467,2.2367935,0.0,4.5931544,6.910477,6.2101336,0.9241808,0.0,2.3722076,2.654391,4.99633,0.0,0.0,1.5961756,0.5996237,7.0524497,11.643559,0.0,3.1187239,4.8608646,0.63471687,3.6508248,0.0,0.0,4.6869607,0.0,0.0,5.867087,3.8039224,0.0,0.0
45,4.847367,3.125679,0.0,0.0,2.380862,2.0324922,4.2532434,6.277928,0.0,1.0006355,0.41200167,0.0,4.472509,0.0,4.4255433,0.91524744,0.033716872,3.456387,0.0,1.5536511,2.8195662,0.0,2.7519255,0.0,0.0,3.4589179,0.0,4.414772,6.437443,3.1655102,0.0,0.0
46,3.5115576,6.503465,1.5065591,0.0,1.3216726,2.7471411,0.038385212,3.6285753,0.0,7.5484505,3.2840858,2.5799224,1.1258852,0.36620343,11.679509,0.8604119,0.86972725,2.0014212,0.0,0.0,0.0,0.0,0.52675325,0.0,0.0,3.845666,0.0,0.0,4.7366257,2.5262623,0.0,0.0
47,5.731988,4.883153,0.58131623,0.0,6.3114576,0.0,5.3146634,9.734244,0.0,4.291891,6.8272657,3.4105122,4.9546494,0.0,9.585513,1.5251918,3.0569365,3.0288746,0.0,4.965501,1.7506893,0.0,6.967473,0.0,0.0,11.710979,0.0,0.0,6.7140017,2.8570824,0.0,0.0
48,1.0870148,0.0,0.0,0.0,0.0,2.1932209,6.2235975,3.6355164,0.0,0.0,2.356262,3.6354382,0.0,0.31821734,4.1800747,1.8488349,0.0,0.0,0.0,1.8897725,3.552061,0.0,2.9664204,0.0,0.0,2.3987076,0.0,0.81235516,3.3348255,4.1218486,0.0,0.0
49,2.5725515,1.1808115,3.5272322,0.0,3.0215883,6.815359,0.53786254,2.0955622,0.0,5.903214,7.2549987,2.9889872,0.22697203,3.3244743,3.8696659,5.0816555,3.0094695,5.6724987,0.0,1.6802169,2.3145375,2.7949982,0.1625062,0.0,0.0,2.7472827,2.4187355,2.280458,4.885759,3.0720968,0.0,0.0
50,9.221107,4.9906635,2.9408453,0.0,4.6880016,4.8654346,6.355385,6.0368276,0.0,4.496179,2.2583618,4.307617,1.2870559,1.7706333,7.3002863,0.23081075,2.609953,1.00229,0.0,7.448083,1.3183136,0.0,5.6275,0.0,0.0,10.73597,0.0,0.9412575,0.0,2.869938,0.0,0.0
51,5.9477344,6.1057634,0.30681568,0.0,1.4918308,2.9652598,3.0187905,4.8141093,0.0,2.0211957,2.508047,1.8025686,3.950144,0.0,8.748613,2.6959388,0.0,8.413598,0.0,0.0,0.66311014,0.0,0.58228606,0.0,0.0,5.422458,0.0,2.3207083,5.706056,2.9690192,0.0,0.0
52,0.95834124,0.0,1.2795641,0.0,5.091523,6.506206,5.580143,0.4200431,0.0,0.2060155,3.3193293,0.0,0.0,0.0,2.675469,3.9968722,4.6019754,5.8471756,0.0,0.0,1.4196751,0.0,1.6695899,0.0,0.0,0.066015616,0.0,0.0,5.168318,2.4204264,0.0,0.0
53,8.565094,4.085165,2.2676451,0.0,8.161119,1.0673835,2.7052813,2.8217442,1.7387587,2.225364,3.38871,3.562274,1.6422778,0.0,0.0,1.1791884,0.0,2.4361155,0.0,5.593425,2.8315158,1.0724932,0.0,0.0,0.0,3.583233,1.3577195,4.8966618,3.6818523,4.7412534,0.0,0.0
54,5.1061153,1.713405,6.1571913,0.0,2.837711,2.544567,3.2939062,4.4918666,0.0,0.0,3.0339527,0.10637325,0.0,1.7788247,0.0,0.0,1.1806791,4.0430837,0.0,4.654975,4.107419,0.0,0.0,0.0,0.0,2.3172617,0.0,0.0,6.026862,2.2058377,0.0,0.0
55,0.0,0.0,0.56775683,0.0,0.39832082,4.0972557,0.05737503,3.3599603,0.0,3.5887365,4.490527,0.0,2.7613523,0.0,7.9771523,4.1352844,1.7859554,5.1251016,0.0,0.0,1.0881175,0.0,0.0,0.0,0.0,1.036627,0.0,0.0,4.9468675,6.485249,0.0,0.0
56,0.0,0.0,3.1814194,0.0,0.0,4.169523,3.5656664,2.7015965,0.0,2.8808587,1.865264,3.8559334,0.0,3.3282492,0.0,5.0855994,2.6490185,4.0978208,0.0,3.1683,3.8452692,0.26138785,0.0,0.0,0.0,0.0,0.0,0.0,1.6627613,2.2457144,0.0,0.0
57,5.746112,0.0,1.2570733,0.0,4.502693,3.3112185,6.0571647,6.717557,0.0,3.2010427,0.41870028,1.7007668,4.2896247,0.04509607,7.89608,3.45076,1.6369643,1.965941,0.0,0.0,3.484343,0.0,5.1314397,0.0,0.0,4.7632637,0.0,1.4353752,2.515897,4.2535186,0.0,0.0
58,3.6856778,0.0,2.5604105,0.0,3.1480968,3.2102318,7.3262515,5.908341,0.0,0.0,2.5535896,3.4240232,0.0,0.0,6.2627015,1.7720412,0.4022405,2.2107651,0.0,4.8574414,2.0029504,0.0,0.0,0.0,0.0,4.0881042,0.0,1.4647518,1.3537613,1.4123203,0.0,0.0
59,0.0,5.3526406,0.0,0.0,3.3977401,2.3536983,1.2610202,4.064799,0.0,4.4478173,2.8003438,9.192772,0.19826876,0.0,5.4433827,0.0,4.5844674,8.6479,0.0,0.0,4.017204,1.6570963,1.7744534,0.0,0.0,8.793815,0.0,0.0,5.6727653,3.1798067,0.0,0.0
60,1.9760617,1.5635374,0.0,0.0,4.500143,5.5123777,5.2200737,6.3320107,0.0,3.131129,2.2428503,0.8340261,1.7731742,0.0,9.472178,2.4114187,2.7388673,1.8089398,0.0,5.7726426,5.1410728,0.0,2.6346798,0.0,0.0,6.148178,0.0,0.0,3.9008076,2.1016228,0.0,0.0
61,6.5770802,4.496649,1.9388463,0.0,1.4884272,1.3002003,3.9923816,2.077088,0.0,3.4811697,1.864997,0.0,5.8556094,0.15417685,7.188095,4.3261337,5.22818,2.509783,0.0,1.6138314,1.0329103,0.0,0.0,0.0,0.0,3.6935866,0.0,0.0,6.6217694,4.4862514,0.0,0.0
62,1.3206973,3.5718787,0.6859475,0.0,6.6666756,0.0,1.8511634,5.2030263,0.0,6.3549623,6.990915,3.702603,1.8475468,0.0,5.3663197,2.4512105,5.40396,3.7145894,0.0,0.81323624,1.1863616,0.8872075,0.52573574,0.0,0.0,8.917675,0.0,0.0,9.217846,2.5031142,0.0,0.0
63,5.2460365,5.440854,6.399314,0.0,4.691405,5.1446056,0.59045905,0.0,0.0,5.063375,2.523777,2.8168325,5.678146,0.0,3.7315998,8.210633,4.339904,1.5167321,0.0,6.214644,1.4546938,0.0,0.0,0.0,0.0,2.3372118,2.4065115,1.1947428,0.0,7.353828,0.0,0.0
64,2.9007015,0.0,1.0883522,0.0,5.4121423,3.7046382,6.896459,3.8655503,0.0,1.2557527,1.6445293,5.474225,0.6893404,0.0,7.5910974,4.9399295,1.9713515,0.0,0.0,7.0186324,4.6480765,0.0,2.4299924,0.0,0.0,4.694148,0.7817398,1.6725851,0.018882215,1.5631495,0.0,0.0
65,0.4845957,1.0031377,0.0,0.0,7.941326,1.9634817,3.779227,0.0,0.0,5.1280713,9.145221,3.7399104,0.0,0.0,2.650014,1.3719571,7.5724998,5.969958,0.0,2.510181,2.037519,0.8568922,0.53055716,0.0,0.0,4.211989,0.872922,0.0,8.509625,6.509349,0.0,0.0
66,4.723137,0.0,2.4774594,0.0,7.880388,1.4933937,7.908108,7.3987837,0.0,3.8147295,6.326172,0.0,3.9084775,0.0,5.4742966,6.6721153,4.9070487,2.7169452,0.0,1.6745834,4.1232677,0.0,0.0,0.0,0.0,4.1861906,0.0,0.10624497,7.1884274,6.239695,0.0,0.0
67,5.9861264,2.0352077,0.0,0.0,4.08767,0.0,3.3080246,3.9622443,0.0,1.177361,4.0758,4.775225,2.5283768,0.0,6.739951,3.385232,0.0,0.87565625,0.0,6.0761223,3.3871903,0.0,2.18123,0.0,0.0,5.296065,0.6032349,0.0,5.7080183,5.279143,0.0,0.0
68,5.4788704,5.468963,0.24659115,0.0,5.971542,1.5355138,1.6128058,0.77342284,0.37581334,2.5952785,3.7610915,3.4610693,1.2081219,0.0,0.0,2.1093845,0.0,2.6076717,0.0,2.4762802,2.3631248,0.32558906,0.0,0.0,0.0,3.3892734,2.03347,4.3698096,2.9335442,3.2632296,0.0,0.0
69,2.0042574,0.0,3.7131784,0.0,7.638295,5.0620356,7.4671836,0.9997051,0.0,0.9589759,5.3352137,0.0,0.0,0.0,2.553806,6.1376085,5.165132,6.243106,0.0,0.0,4.6751785,0.0,3.7179916,0.0,0.0,0.39102033,0.0,0.0,3.711151,3.028241,0.0,0.0
70,8.412704,2.4685836,9.217974,0.0,9.943998,4.8582,10.183502,3.7995906,0.0,0.34975377,2.2702157,2.9352028,0.31897098,0.0,4.163487,1.4532291,4.118725,6.5558496,0.0,5.674753,0.792229,0.0,0.0,0.0,0.0,8.2549095,0.0,3.716814,1.1103768,0.37649477,0.0,0.0
71,2.1381812,0.94899905,0.0,0.0,0.89851665,0.620224,3.3410954,3.6686952,0.0,0.0,4.2983327,1.4952863,1.8246996,0.0,5.4199038,2.5834663,1.137932,1.3934333,0.0,5.222789,3.9163642,0.0,3.1076941,0.0,0.0,1.1141212,0.419434,0.0,8.203641,3.3244474,0.0,0.0
72,6.813569,4.1752234,1.4448568,0.0,5.4986343,0.56901264,3.810798,1.6486005,2.0996425,1.5043985,2.558338,1.5011072,3.0835397,0.0,0.0,0.0,0.0,1.2216214,0.0,2.2123723,1.1386919,0.0,0.0,0.0,0.0,2.7495167,0.0,6.2931867,4.7251167,2.1103702,0.0,0.0
73,0.2611287,3.2633471,0.0,0.0,4.431829,1.2033651,3.152321,8.064733,0.0,3.4611084,6.5882154,1.8299251,1.7226673,0.0,7.3148365,1.0440824,2.1597714,3.422864,0.0,4.848367,1.3682373,0.0,2.2903202,0.0,0.0,7.089288,0.0,0.0,6.7102523,4.396687,0.0,0.0
74,3.080123,2.2623143,1.3362323,0.0,6.3777876,8.798064,6.7257586,10.523251,0.0,2.849603,5.325966,0.88321936,2.3084912,0.0,7.083033,1.7590629,3.0615258,9.816744,0.0,4.5406785,3.3145146,0.0,3.3528378,0.0,0.0,12.487661,0.0,0.0,5.170492,3.719722,0.0,0.0
75,2.252368,1.5622067,0.0,0.0,1.3399767,2.0948656,0.48922625,1.5904343,0.0,5.6732426,6.008437,0.72787267,0.0,0.0,7.5487914,2.1167154,4.0631156,6.957863,0.0,2.2829933,4.239794,0.0,1.9190263,0.0,0.0,4.5352664,0.0,0.0,4.8840313,6.781389,0.0,0.0
76,2.5720623,4.4386263,0.0,0.0,0.26112074,2.805871,0.0,0.0,0.0,3.6469688,6.296305,1.5520712,0.0,0.0,6.737564,1.8446866,2.871437,5.521583,0.0,1.7161278,2.9916973,0.0,3.2697263,0.0,0.0,5.626473,0.0,0.0,1.2510583,2.8315446,0.0,0.0
77,8.245118,3.9508412,0.98244715,0.0,7.2319717,0.9108304,2.1415296,4.0638337,2.1503425,3.8854036,4.220503,4.016293,1.6270672,0.0,0.0,0.8894874,0.0,1.1453222,0.0,5.6755977,4.1648536,2.1216412,0.0,0.0,0.0,3.4678857,0.8560317,5.2689896,4.664595,3.8864353,0.0,0.0
78,6.717074,10.5673685,0.0,0.0,4.84434,3.0697365,1.5241284,4.694375,0.0,5.8108883,4.0378633,1.7363293,3.1221535,0.0,8.727263,1.5912973,4.804629,7.470115,0.0,0.33321077,3.969708,0.0,1.0904604,0.0,0.0,10.442441,0.0,0.0,7.3449564,4.490065,0.0,0.0
79,0.25606653,3.6957817,1.623765,0.0,0.0,4.9659767,1.9316857,1.6153497,0.0,5.0978503,1.2630581,6.402547,0.0,0.0,6.945249,0.7559004,1.1378735,1.3590281,0.0,5.3879805,4.420085,0.0,2.1068363,0.0,0.0,7.1811566,0.0,1.7317115,0.0,1.702408,0.0,0.0
80,4.0257115,6.226074,3.2626705,0.0,0.0,0.40099552,3.165499,1.0475377,0.0,5.387665,1.3635027,0.0,6.9424553,0.0,9.141212,6.8027425,8.020904,2.6508462,0.0,0.0,3.5468123,0.0,0.11938438,0.0,0.0,2.684076,0.0,0.0,5.7732863,7.44637,0.0,0.0
81,1.4646374,2.1582487,0.0,0.0,4.7759833,2.1022735,4.1034245,5.852544,0.0,3.8301685,2.4577627,2.4712343,1.1070455,0.0,10.540311,2.8239498,1.591541,4.379241,0.0,5.7384825,7.9251504,0.0,1.0303283,0.0,0.0,8.259812,0.0,0.0,3.042884,1.9842113,0.0,0.0
82,3.4367852,1.4988275,0.0,0.0,2.9754965,2.570222,4.449359,1.89216,0.0,1.0530558,2.4512362,7.871156,3.5645518,0.0,4.0477514,6.3535967,2.242813,0.0,0.0,7.318688,1.5234363,0.0,2.5490828,0.0,0.0,8.620077,1.2032785,3.5455894,2.5333536,3.3270912,0.0,0.0
83,0.0,0.0,1.9481239,0.0,0.0,3.8004217,4.1896553,4.2690663,0.0,1.2955234,1.4032664,0.86107326,0.0,0.088799916,2.0947237,4.0139713,1.6799036,2.8373322,0.0,3.3031933,2.0536747,0.0,2.0968785,0.0,0.0,1.9626225,0.0,0.0,4.9771485,5.62706,0.0,0.0
84,8.243944,3.2944417,1.0754825,0.0,2.1949668,1.6083195,5.3304453,3.943395,0.0,2.269904,2.7073944,0.0,5.270562,0.0,3.094904,0.0,0.0,3.4745882,0.0,0.0,1.7520831,0.0,0.0,0.0,0.0,4.023917,0.0,3.7155356,2.1576033,0.0,0.0,0.0
85,2.857056,4.794887,0.0,0.0,0.57229435,3.334495,0.0,1.3770344,0.0,2.1581845,3.3453581,0.0,3.644798,0.0,2.3583324,3.7369297,4.1385264,2.5973287,0.0,4.412933,1.4102714,0.0,0.686779,0.0,0.0,2.9836457,0.0,0.16724569,0.0,0.9975784,0.0,0.0
86,0.5331724,0.0,1.057385,0.0,2.2978706,3.2967403,4.6719403,3.961723,0.0,2.554383,2.9914129,2.9428535,0.0,3.169719,7.0730076,2.0565643,3.103233,1.986817,0.0,4.514203,6.3059926,0.0,3.618197,0.0,0.0,0.5331165,0.98066384,0.0,3.83452,0.50105685,0.0,0.0
87,4.563993,0.0,6.442568,0.0,4.7295003,5.79601,3.6633089,4.2854123,0.0,5.9407277,1.2982973,11.878098,0.0,2.0073433,4.186557,6.862086,1.807788,9.375744,0.0,4.8762417,3.1300988,1.8118354,0.5292503,0.0,0.0,4.7305574,0.0,6.270125,0.0,4.003038,0.0,0.0
88,1.0041711,1.0449842,0.0,0.0,3.390832,6.0115695,4.017039,0.0,0.0,0.47574425,5.1534324,1.0014513,0.0,0.0,1.2373468,2.8633695,2.7139056,8.36341,0.0,2.0815427,2.5638351,0.0,3.7403717,0.0,0.0,4.2999277,0.0,0.0,3.7441924,1.2326984,0.0,0.0
89,2.4179268,2.1281295,0.3893944,0.0,5.9324408,8.664376,8.583808,8.634028,0.0,1.8221146,3.735461,0.0,2.331633,0.0,6.951318,2.5725565,2.2434955,10.03979,0.0,3.7516866,2.8970833,0.0,2.8061683,0.0,0.0,12.047784,0.0,0.0,5.0477724,4.2687216,0.0,0.0
90,0.54779434,2.747764,0.9456248,0.0,1.4559311,3.1211145,0.7148971,3.1578693,0.0,5.070532,0.8552302,3.6004887,0.0,0.0,9.796176,1.0260471,1.7168953,4.8367057,0.0,0.0,2.0102127,0.0,1.4379017,0.0,0.0,4.662459,0.0,0.0,2.2707949,2.7532065,0.0,0.0
91,1.8470626,1.9135869,0.0,0.0,5.051746,5.4718084,1.7738352,1.5287763,0.0,2.0151024,2.2243652,2.7981179,0.0,0.0,3.205768,1.6896632,1.0175152,6.9185123,0.0,4.5360327,1.9578176,0.0,3.0351934,0.0,0.0,4.1971593,0.0,0.0,2.154365,0.0,0.0,0.0
92,3.2785075,1.7754996,0.82866687,0.0,4.525853,4.789827,4.405697,2.6206474,0.0,2.6896753,0.69670737,4.877432,0.0,0.0,3.7742436,1.4075677,2.9935555,6.719096,0.0,1.433471,2.2115216,0.079020336,4.027473,0.0,0.0,2.2980478,0.0,0.0,6.453179,6.064264,0.0,0.0
93,2.2504041,3.4267,0.53903043,0.0,1.4951895,2.3260977,1.5630517,3.5206325,0.0,3.993126,6.3204293,0.9791404,2.140097,2.9593902,1.6061212,1.7453903,2.0357752,0.0,0.0,6.172591,0.37009728,1.6353146,0.82558435,0.0,0.0,1.7718136,1.9682779,0.0,4.8421035,5.1080856,0.0,0.0
94,2.587548,3.3888693,0.6570504,0.0,0.33293062,2.4890687,0.19468015,2.5702941,0.0,0.0,4.942568,0.0,0.85312855,1.5453032,0.919456,0.17171612,3.2640352,1.9453243,0.0,3.551101,6.133732,0.0,1.2889701,0.0,0.0,1.9132708,0.35263008,0.0,4.088157,0.59640414,0.0,0.0
95,0.39239416,2.5967362,1.5932121,0.0,1.6117465,4.616182,3.5625134,0.0,0.0,3.9202938,2.569159,4.1313524,0.0,0.0,4.512671,1.8569478,4.330203,4.7273984,0.0,6.9417396,3.191618,0.0,2.3948965,0.0,0.0,5.9022956,0.0,0.0,0.0,0.022796497,0.0,0.0
96,5.257567,0.0,0.8809972,0.0,3.278166,0.048710275,3.4004061,6.164448,0.0,4.3537993,2.1102288,0.0,2.2934377,0.17132893,4.538221,3.9047139,1.5723714,5.4555244,0.0,2.2708967,0.24438173,0.0,0.0,0.0,0.0,2.371375,0.0,0.0,8.519502,6.8328447,0.0,0.0
97,0.45710564,0.999783,5.2138453,0.0,3.4493654,3.7613635,6.0485396,5.144549,0.0,0.86970127,5.5177307,1.6542505,0.0,2.9854927,0.64919204,4.669395,2.7858648,7.019753,0.0,0.8819383,5.9305124,0.0,0.9600431,0.0,0.0,0.0,0.0,0.0,7.2298813,1.7753061,0.0,0.0
98,7.9319777,5.3947387,2.7182996,0.0,6.4923234,1.7993199,6.4660597,3.8398585,3.0669682,2.2040389,2.4723783,0.0,5.8446674,0.0,3.2072945,0.0,2.578524,0.9713175,0.0,2.3783703,4.0406127,0.0,1.366378,0.0,0.0,2.020521,0.0,6.107347,8.426878,6.1313667,0.0,0.0
99,7.5604978,7.009351,2.258169,0.0,6.6915393,3.0941417,6.285122,4.1278033,0.0,0.19528256,5.001658,4.840281,5.633172,0.0,5.0023546,2.8395526,2.5361075,1.8213415,0.0,4.424448,4.5747495,0.0,0.0,0.0,0.0,7.5084558,1.1050814,2.7011886,2.0044038,1.0954412,0.0,0.0
100,2.6587532,1.2289097,1.1497325,0.0,5.0159416,3.5699785,6.343054,7.91827,0.0,2.8127885,1.6836903,0.0,0.001280576,0.0,5.0301814,3.5261753,1.2219124,6.684356,0.0,7.5462193,0.0,0.0,4.649361,0.0,0.0,9.689805,0.0,1.4459499,1.7327707,0.0,0.0,0.0
101,2.4911525,4.0644355,1.2520653,0.0,0.0,0.7757586,2.088225,3.0024874,0.0,2.6996996,1.9547064,1.0210017,0.0,1.478445,0.36751172,1.08314,1.4145882,1.301507,0.0,3.8528492,0.57235587,0.0,2.3060837,0.0,0.0,4.249378,0.0,0.0,3.4310772,0.0,0.0,0.0
102,5.0885925,2.9981806,0.024868399,0.0,1.2476377,2.3771973,3.3409145,4.3203096,0.0,3.4589362,2.2931807,0.5881295,4.073895,0.0,7.7838597,3.1054296,2.0690098,2.8086681,0.0,0.023709476,1.2160339,0.0,0.41402793,0.0,0.0,4.2166605,0.0,0.0,9.534559,2.6440353,0.0,0.0
103,5.2452774,0.24496438,3.5758824,0.0,8.922309,4.639773,6.262391,2.371405,0.0,2.3446367,5.199187,3.5877244,0.0,0.0,1.0691546,2.3263319,3.2430825,9.4634495,0.0,0.6776349,3.9508154,0.0,0.0,0.0,0.0,7.0003624,0.24041305,1.2413663,4.6192384,3.474316,0.0,0.0
104,4.1834884,0.0,0.0,0.0,3.067507,0.024468984,3.648268,4.4663076,0.0,0.0,2.7282634,3.2865837,2.8880541,0.18801935,5.7710686,3.6377923,1.1661159,0.0,0.0,5.3447995,2.0742657,0.0,1.0072742,0.0,0.0,3.3480558,0.0,0.0,4.7896237,5.500781,0.0,0.0
105,3.1603253,2.6607413,0.0,0.0,4.265403,1.2750988,1.8888359,5.951656,0.0,4.8059626,7.0319557,0.91328853,2.6276886,0.80600905,5.1432467,2.0749216,3.7744913,1.4329828,0.0,5.598425,2.1579742,0.0,2.9938097,0.0,0.0,7.9985266,0.0,0.0,3.840015,1.8103948,0.0,0.0
106,0.0,4.9516606,0.0,0.0,3.4785447,2.1378703,0.0,5.6869745,0.0,5.071104,5.70315,3.4752526,2.6895304,0.0,8.027839,1.21045,3.1561036,4.379488,0.0,0.0,1.3264921,0.17795768,1.6982002,0.0,0.0,7.706122,0.0,0.0,6.031475,1.2756405,0.0,0.0
107,7.6987815,3.829264,0.0,0.0,2.809905,3.3096063,5.571691,3.9536388,0.0,0.0,0.56425667,0.0,5.007774,0.0,2.5430055,0.7820747,0.0,2.9556491,0.0,1.4064848,3.3130958,0.0,0.0,0.0,0.0,4.556052,0.0,5.555423,4.223703,1.9913124,0.0,0.0
108,5.8659534,5.6325955,0.0,0.0,3.7838032,1.097364,1.7514114,3.307158,0.0,2.7740767,2.7528782,1.4905205,2.430794,0.0,3.9255474,1.8287657,0.0,2.3372655,0.0,3.72895,2.770443,0.0,0.0,0.0,0.0,5.5892196,0.0,2.8558326,0.0,1.718169,0.0,0.0
109,2.7849493,2.4751048,0.0,0.0,0.0,0.3715103,2.7048717,2.2367187,0.0,0.90220964,2.0229428,3.2926438,0.0,0.0,3.7605157,1.3901578,0.3543102,3.1723523,0.0,3.7637782,3.1618648,0.0,2.9898908,0.0,0.0,4.5021343,0.0,0.36138475,1.2007432,3.5774431,0.0,0.0
110,0.6017759,0.0,3.3864815,0.0,7.242243,5.7391534,8.139237,7.0281687,0.0,1.0987686,5.719663,0.20577073,0.22949861,0.0,8.93376,3.604626,3.5569475,4.088126,0.0,5.3394175,4.259545,0.0,6.323444,0.0,0.0,2.654287,0.0,0.0,4.352469,2.1734126,0.0,0.0
111,2.656167,0.0,0.0,0.0,0.3506572,1.4443547,1.6169257,1.4716114,0.0,2.0960522,7.015862,2.6739378,0.0,0.38971996,7.045694,3.2852201,1.4038916,3.682346,0.0,4.3033357,0.9227947,0.0,4.251732,0.0,0.0,0.0,0.0,0.0,10.051918,7.6851497,0.0,0.0
112,2.5767233,4.1036844,2.0392568,0.0,3.3800564,2.0944672,0.64704776,0.0,0.0,2.3681405,0.4642924,0.953917,2.1531184,0.0,4.6812906,2.6156151,2.5601315,1.627628,0.0,1.3072972,0.7693829,0.0,0.0,0.0,0.0,2.8451555,0.0,0.0,0.0,1.985506,0.0,0.0
113,3.3528047,0.0,1.5137194,0.0,4.202049,4.0832367,3.4873846,3.0569613,0.0,1.3286089,1.334974,6.21367,0.90547746,0.0,4.289818,3.8769038,2.3280058,1.8185115,0.0,5.3045087,2.304571,0.0,0.0,0.0,0.0,6.8762155,0.0,2.156668,0.0,0.0,0.0,0.0
114,0.0,0.0,0.112674385,0.29932892,3.2788563,1.5309602,2.6507676,0.48748684,0.0,0.3385615,2.0996625,4.2849617,0.0,0.0,0.0,3.0260015,1.5416155,2.4594498,0.0,1.1783338,3.696593,0.0,0.0,0.0,0.0,2.5022163,0.91206104,0.45355618,0.29128292,1.5809524,0.0,0.0
115,4.0575457,0.0,0.0,0.0,2.2021112,5.0247827,3.062276,3.5878024,0.0,0.52778065,3.1845307,1.2707231,1.274088,0.0,5.2252684,3.843343,1.2956083,2.4574218,0.0,5.8728957,3.7956235,0.0,0.6118978,0.0,0.0,2.2832284,0.0,0.0,3.1472423,5.279962,0.0,0.0
116,1.8776082,0.6179319,0.0,0.0,0.0,4.069199,0.09598136,3.5424922,0.0,4.9597726,6.5942135,1.4047464,0.0,2.3081484,7.5596986,1.1314576,0.299401,3.6721969,0.0,2.6482117,0.84688735,0.0,2.4665117,0.0,0.0,2.8691988,0.0,0.0,5.599968,6.5211115,0.0,0.0
117,5.1639886,0.0,0.33871523,0.0,6.2745056,1.2018169,2.9679778,1.430493,0.0,0.0,3.3996315,6.3501353,0.0,0.0,0.059083495,4.9120393,3.2679174,5.437499,0.0,6.6012464,5.4769835,0.0,0.0,0.0,0.0,1.9889609,2.116902,0.0,7.967502,2.3640234,0.0,0.0
118,6.050732,0.85367936,6.9278436,0.0,3.912089,4.619106,2.3636901,5.802164,0.0,9.030081,3.5816226,8.06271,0.0,5.6062813,0.0,4.2275467,0.123145714,9.168504,0.0,5.5965643,1.5379958,3.11328,0.0,0.0,0.0,4.5007563,0.7538319,5.405649,2.7418175,2.6494474,0.0,0.0
119,0.83354574,2.6051295,1.6425167,0.0,0.08341895,2.3423624,7.2734547,4.661811,0.0,0.33591536,7.038142,1.1120849,3.4317544,1.9301136,5.1910496,4.63375,3.0194125,0.0,0.0,7.519946,1.6356063,0.0,4.470169,0.0,0.0,2.56546,0.8626249,0.0,10.104379,5.3477087,0.0,0.0
120,1.3584971,0.13282503,0.0,0.0,0.0,0.53803253,0.2490716,3.4402764,0.0,2.1515665,5.739263,0.576359,1.4152259,0.0,1.9898874,5.5111814,1.0383632,2.3580432,0.0,7.2633457,0.74558735,0.14740767,4.2057014,0.0,0.0,1.0357203,0.0,0.4804846,3.8362007,2.1391788,0.0,0.0
121,1.8357695,0.3742128,2.632219,0.0,3.9646034,3.7271795,2.7457392,1.7572483,0.0,1.5245501,0.0,0.0,3.309862,0.0,5.4362717,5.120511,3.9487875,5.4525394,0.0,0.99068356,1.7260802,0.0,0.0,0.0,0.0,1.6753759,0.0,0.0,2.282557,6.76848,0.0,0.0
122,1.0012633,0.0,2.1769648,0.0,4.3257055,2.0534558,5.341543,4.716844,0.0,1.1631294,2.2375379,1.3895802,1.1490917,0.0,1.3629885,5.291464,3.356185,3.5288725,0.0,0.47236314,4.697203,0.0,0.0,0.0,0.0,3.3279476,0.0,0.0,7.383916,3.4127643,0.0,0.0
123,2.3796666,6.7473783,0.7153099,0.0,3.897572,2.594955,0.0,2.512396,0.0,2.2897322,6.126776,3.2269795,4.704224,0.0,5.667994,4.9493976,5.4482837,3.0665743,0.0,0.0,3.1938026,0.15503885,1.9800327,0.0,0.0,7.995081,0.8685139,0.0,7.83481,1.8302135,0.0,0.0
124,2.367955,1.1912879,0.7204548,0.0,1.6117009,3.4117134,4.94566,9.00957,0.0,0.0,2.0335748,0.0,5.4075,0.16217747,3.5674765,1.590856,0.0,6.451514,0.0,0.0,0.36448896,0.0,1.5898021,0.0,0.0,3.0311677,0.0,1.4910797,7.487276,2.2548099,0.0,0.0
125,1.7945436,0.62514853,0.5288212,0.0,4.7529664,2.582516,1.7488925,5.6825614,0.0,5.585127,8.009484,0.8577461,1.38809,0.0,9.869237,4.718866,1.1314044,3.7097342,0.0,1.7261864,2.4435358,0.0,2.0301726,0.0,0.0,4.22912,0.0,0.0,9.569814,7.3538804,0.0,0.0
126,2.4078214,0.63260555,3.00631,0.0,2.1349814,3.9220748,4.4592314,7.936765,0.0,1.4500582,0.31451383,1.7346725,5.6962314,1.1084152,5.7455873,3.6411905,0.90961665,6.9543176,0.0,0.0,0.0,0.0,3.8784988,0.0,0.0,3.7353933,0.0,0.0,8.436384,0.75708616,0.0,0.0
127,8.927788,3.720405,0.0,0.0,5.692617,2.2888474,7.000245,3.353423,2.0720274,1.4459342,1.8666005,0.0,5.992363,0.0,2.307927,0.0,0.6384438,0.87090164,0.0,1.3689699,3.305249,0.0,1.4565574,0.0,0.0,2.9593475,0.0,7.340789,7.426145,4.5076632,0.0,0.0
128,2.0081627,0.0,0.0,0.0,4.961966,0.8246827,0.0,1.8804313,0.0,3.0544686,5.2393003,0.7365791,0.42802393,0.0,3.6549335,0.8002621,2.8658893,3.999403,0.0,1.9264799,1.1076165,0.0,0.0,0.0,0.0,2.8673654,0.19156331,0.0,3.0673525,0.65159106,0.0,0.0
129,3.7294927,0.0,0.7860368,0.0,3.8823242,5.923528,6.169017,2.127038,0.0,0.68422616,2.9507668,7.0481515,0.0,1.7734506,7.4538794,5.6796484,2.7841945,5.095018,0.0,5.3206887,6.70082,0.0,1.9181018,0.0,0.0,0.0,1.4227263,0.0,6.675614,1.8699907,0.0,0.0
130,1.3014717,1.7672906,1.9154401,0.0,0.0,3.6659958,1.68344,0.15544315,0.0,0.52481556,4.6383057,2.6052907,0.0,6.0924945,1.5635293,0.13570866,5.394701,4.2596087,0.0,6.827573,4.6196175,2.0267284,1.2576721,0.0,0.0,0.9277022,0.6022226,0.0,2.5945294,1.2534869,0.0,0.0
131,6.5099235,2.128485,1.5242321,0.0,2.0791337,0.0,2.443876,3.5282547,0.0,4.492879,2.0122552,2.5598607,1.8839859,0.0,5.417791,0.7345966,2.283497,0.4491995,0.0,4.5935307,0.0,0.0,4.724048,0.0,0.0,5.9936724,0.0,0.09976956,0.5499129,2.0118976,0.0,0.0
132,4.5423827,8.566554,2.4272761,0.0,0.83229995,5.7944646,2.4963133,2.0697963,0.0,3.3535807,1.1519363,2.8143365,2.0216982,0.0,1.1926073,2.437676,0.9301327,8.094366,0.0,8.546134,1.0423563,0.28825945,2.9358666,0.0,0.0,9.034014,0.0,5.168693,0.0,3.5860674,0.0,0.0
133,1.0604389,1.1889604,1.3581461,0.0,0.0,0.0,3.070719,2.3851764,0.0,2.4585052,2.1287212,3.1041663,0.036054,0.76343995,5.639623,4.1877337,0.76865584,2.4275522,0.0,7.8691497,1.923043,0.0,4.077732,0.0,0.0,0.0,1.1759008,0.0,9.566115,2.5289557,0.0,0.0
134,0.9470811,1.2543781,4.1845765,0.0,0.0,4.130519,2.2249527,1.4039404,0.0,1.1024806,4.9181256,2.806515,0.0,6.025377,1.6264966,3.6831863,6.2840705,6.9701667,0.0,4.1765046,5.8994045,1.3200487,1.2088928,0.0,0.0,0.0,0.0,0.0,4.566524,2.5368743,0.0,0.0
135,5.832304,4.8033032,0.0,0.0,0.1595057,2.1950684,2.5466251,1.8459983,0.0,4.2701693,2.3840768,2.833516,0.84771705,0.0,4.219869,1.1363075,0.0,5.918409,0.0,0.0,1.4325511,0.0,0.0,0.0,0.0,4.6661024,0.0,3.664989,3.214928,1.4502106,0.0,0.0
136,1.7377102,2.3646264,0.0,0.0,3.9465804,2.4001844,1.8182724,0.0,0.0,2.816588,1.3092651,4.9687767,0.0,0.0,2.631734,1.2241024,4.6678524,7.431319,0.0,3.1834044,2.549145,1.0361133,0.0,0.0,0.0,3.7359073,0.0,0.0,5.5308776,1.7221923,0.0,0.0
137,2.5450737,1.55729,0.0,0.0,2.3616078,3.730917,6.446793,4.9980583,0.0,0.0,5.4002666,2.686089,0.9409881,1.4125512,5.9862633,0.0,2.59219,0.0,0.0,6.9449005,5.0081334,0.0,4.9386744,0.0,0.0,4.41096,0.054520816,0.0,5.6770897,2.8712442,0.0,0.0
138,0.0,0.56271046,1.3987911,0.0,0.0,1.4080487,0.0,2.784537,0.0,3.3709004,2.1438355,0.048886355,1.0861906,0.0,9.192687,1.3695974,1.2732623,4.3942914,0.0,0.0,0.0,0.0,0.0,0.0,0.0,0.0,0.0,0.0,1.380276,2.7824175,0.0,0.0
139,3.318425,0.0,1.4222199,0.0,3.8669372,0.4244788,3.0669599,3.2891657,0.0,6.23611,7.2310596,2.6875288,0.89670056,1.2567313,7.1193614,1.8549743,2.5704703,1.9202821,0.0,0.37556344,0.0,0.0,1.5244281,0.0,0.0,3.328662,0.0,0.0,9.234291,3.548488,0.0,0.0
140,4.425888,0.0,0.7882412,0.0,2.6653452,1.8868929,5.5690174,1.5775963,0.0,0.0,2.6231198,0.0,1.6509837,0.0,1.8568885,5.12492,1.5542097,2.9557931,0.0,3.6138563,1.7304509,0.0,0.0,0.0,0.0,2.2886016,0.0,0.0,4.683125,6.777581,0.0,0.0
141,1.6858925,0.0,2.2854054,0.0,3.5508282,5.2916427,4.3568625,4.41014,0.0,0.0,0.018127061,0.31488228,3.566749,0.0,3.451025,5.60527,1.6698989,5.12797,0.0,0.7069448,0.0,0.0,0.43886292,0.0,0.0,0.56769955,0.0,0.0,7.050159,7.161958,0.0,0.0
142,3.9730272,0.50691754,1.1374209,0.0,3.6604497,2.5255878,2.9677706,6.44055,0.0,0.5369071,5.251229,0.0,8.313968,0.0,9.343112,4.894342,4.6085267,3.2310307,0.0,6.37227,0.42737466,0.0,1.3727407,0.0,0.0,3.304993,1.0946938,2.9316497,4.6639924,3.325751,0.0,0.0
143,3.813937,0.6756542,1.9178195,0.0,5.3259387,6.027202,7.153386,4.6225643,0.0,0.0,0.0,0.0,2.727359,0.0,3.9882274,6.901318,3.620802,7.493273,0.0,0.0,4.091997,0.0,0.2604712,0.0,0.0,2.1555057,0.0,0.0,8.42506,7.576493,0.0,0.0
144,0.5415337,4.13726,0.3513202,0.0,2.4080112,2.6452584,0.0,1.0986532,0.0,4.672654,4.1043262,5.1377716,2.0143764,0.0,5.8535113,2.2053325,4.030772,1.0984126,0.0,0.0,0.0,0.3005132,3.4941323,0.0,0.0,6.5745516,0.13843264,0.0,4.839538,0.24604408,0.0,0.0
145,3.2382858,4.038719,0.33082104,0.0,3.1355832,4.3918543,2.092578,4.170698,0.0,1.4010415,0.0,2.9100456,4.0511756,0.0,4.325663,1.6928868,2.8204017,3.362224,0.0,0.87332445,0.48813865,0.0,0.4868214,0.0,0.0,4.794497,0.0,0.0,6.3209147,4.225892,0.0,0.0
146,4.156024,1.9608861,0.0,0.0,3.3978615,7.182528,6.701384,4.3220086,0.0,2.2092857,0.0,2.0295796,1.1209587,0.0,6.657076,5.105514,0.14658989,8.35912,0.0,3.397189,1.963984,0.0,2.9003832,0.0,0.0,10.538837,0.0,3.303072,2.2425265,1.6234591,0.0,0.0
147,5.0373845,0.0,0.0,0.22501445,3.5539174,2.6242616,3.4436395,3.2210462,0.0,0.18790323,1.9251776,0.0,2.5539248,0.0,4.1598797,2.3559587,0.0,4.200503,0.0,0.45603293,2.46529,0.0,0.0,0.0,0.0,5.0821614,0.0,0.50737965,1.5702926,1.115394,0.0,0.0
148,5.3239284,8.236721,2.1785104,0.0,1.858671,1.3756967,5.523388,6.2762637,0.0,6.5603704,2.3162084,3.8775043,2.6250973,0.0,6.7684135,2.6400883,2.3113685,1.6901479,0.0,8.02775,0.0,0.0489033,5.1904135,0.0,0.0,10.235997,0.0,0.0,3.552602,4.463145,0.0,0.0
149,2.617389,1.2401607,5.3913984,0.0,2.930601,1.387592,4.9340916,4.171067,0.25319758,1.1524605,3.6374402,0.0,0.14003281,0.0,1.4976021,3.1802173,1.5918907,2.7002356,0.0,5.2781744,0.0,0.0,4.6747336,0.0,0.0,5.47088,0.0,0.0,3.664489,0.0,0.0,0.0
150,2.6798675,0.75431144,3.268132,0.0,2.5671935,2.8203552,4.381249,9.243495,0.0,1.9074349,1.9775555,0.09837678,5.0084267,2.1704397,4.646815,1.9480345,0.0,5.625258,0.0,0.0,0.0,0.0,1.6788386,0.0,0.0,1.2636358,0.0,0.0,8.232755,1.8178041,0.0,0.0
151,0.0,0.84858876,0.058897927,0.0,5.236482,0.0,1.3016734,1.9491308,0.0,4.633583,7.1654987,0.8997961,0.33122623,0.0,5.4996357,2.0524368,4.9797893,3.8914351,0.0,3.300742,2.2629933,0.0,0.44874072,0.0,0.0,4.9690337,0.9064463,0.0,5.6872563,3.082122,0.0,0.0
152,8.475593,6.20748,2.2987292,0.0,8.394367,0.24760565,1.6959729,3.0395048,2.8248644,2.9651248,4.8308077,3.1752212,5.372617,0.0,0.0,1.611688,1.4613519,0.23617597,0.0,5.703565,3.1032338,2.688006,0.0,0.0,0.0,3.0967972,1.3868672,6.5844874,6.058866,5.7105207,0.0,0.0
153,1.2577566,0.18395717,0.0,0.0,1.7123396,3.3386767,3.4643593,3.3438148,0.0,0.0,3.4123726,3.6062374,0.0,0.9971222,4.8944106,0.0,2.8280888,0.21137002,0.0,6.169366,4.7743945,0.0,4.460143,0.0,0.0,2.755722,0.58018553,0.0,5.3786855,0.0,0.0,0.0
154,8.171504,6.376799,2.2062004,0.0,6.052794,0.0,1.7787628,5.172215,1.7679155,6.1016564,4.497653,4.528103,1.984116,0.0,6.3126335,3.4129593,0.19040836,4.2736034,0.0,7.858758,0.24267834,1.272317,5.938995,0.0,0.0,8.522438,0.0,2.2750587,0.0,1.3808882,0.0,0.0
155,1.7989464,4.3303156,2.0416837,0.0,0.74243915,3.186208,0.20351565,0.0,0.0,6.237999,1.7115923,0.8019249,1.0908905,0.0,7.018321,3.734747,3.363442,1.2195667,0.0,0.83118165,1.2586236,0.0,0.8076224,0.0,0.0,3.1114197,0.0,0.0,0.9785683,4.019575,0.0,0.0
156,1.2462509,6.646967,0.35268292,0.0,1.2816181,6.727113,1.3900051,1.0517623,0.0,2.8157666,0.6308779,1.8122039,2.9430757,0.0,5.3197117,4.742385,3.6176748,5.8446665,0.0,3.1103785,3.493398,0.0,2.9464762,0.0,0.0,9.128129,0.0,0.0,0.0,2.3700333,0.0,0.0
157,3.3790426,5.612117,2.0281062,0.0,2.4780743,2.6180031,0.6768896,2.0033727,0.0,5.2616596,3.2498055,0.814777,2.5891855,0.0,6.1037235,2.627614,3.9904213,2.5541997,0.0,0.0,0.9933216,0.0,0.0,0.0,0.0,3.1589096,0.0024109036,0.0,4.2390924,2.2466934,0.0,0.0
158,6.8182073,7.3411236,3.576541,0.0,0.0,6.3864417,0.39018026,3.2013896,0.0,8.202261,4.070575,6.989967,1.6247461,5.6327696,2.9182186,2.3036962,0.3604337,5.2843304,0.0,3.532505,2.303949,3.2223816,2.1417193,0.0,0.0,8.01373,0.2730654,1.8475164,4.5278273,2.0488935,0.0,0.0
159,2.499241,3.9717557,1.8355179,0.0,0.49266502,1.9225556,1.145999,0.31992573,0.0,4.069114,0.85139346,0.55352855,4.488964,0.0,7.621463,3.7550836,4.2458053,0.6350842,0.0,0.0,0.8949722,0.0,0.0,0.0,0.0,1.8799068,0.0,0.22987951,0.3320306,4.3612576,0.0,0.0
160,1.195482,1.5656306,0.0,0.0,0.0,2.0644403,0.0,0.0,0.0,6.648495,7.4667616,5.6629014,0.35777295,0.0,3.6528976,5.6427894,4.3991017,6.1000466,0.0,2.3494844,0.6145761,3.9941242,3.6061442,0.0,0.0,7.0585923,0.0,0.0,5.5511684,1.8799562,0.0,0.0
161,6.168512,0.0,0.087234244,0.0,4.7034698,0.0,3.4867074,5.617333,0.0,1.8833479,4.0151563,5.9794736,5.188874,2.1282544,6.170073,2.9113925,2.2959387,0.0,0.0,5.5085473,1.4260638,0.0,2.5708284,0.0,0.0,4.4730926,1.6138706,1.1576328,5.9131103,3.6720214,0.0,0.0
162,6.2655935,0.072613105,4.4776845,0.0,5.313409,0.07215911,6.4821877,6.190073,0.0,0.0,6.697116,0.44663757,4.5599957,0.0,1.122053,3.1622455,0.6507901,1.0596756,0.0,4.749793,4.2464395,0.0,0.0,0.0,0.0,3.258779,0.0,2.4085917,5.4081945,0.55622625,0.0,0.0
163,1.843959,2.1256304,0.0,0.0,5.446934,4.7001395,4.221842,6.0109377,0.0,3.686888,2.110219,1.8308939,2.4445055,0.0,10.700211,3.6428473,4.043914,5.341411,0.0,4.8783937,6.5161667,0.0,0.99316347,0.0,0.0,11.322125,0.0,0.0,2.432189,1.6421036,0.0,0.0
164,2.2035754,0.0,1.7277994,0.0,8.558486,0.43839437,5.3287525,0.0,0.0,0.0,3.8958468,6.207508,0.0,0.0,0.0,3.5479968,2.87329,3.8555264,0.0,1.4483091,3.7445629,0.0,0.0,0.0,0.0,3.4818373,2.341809,0.0,3.1779487,3.3364842,0.0,0.0
165,3.9840689,3.922615,0.0,0.0,2.4929192,7.3893256,7.1432467,6.2929754,0.0,1.2682021,3.7136168,5.1503735,0.27034765,1.045151,6.864963,0.8405863,3.344763,1.5930179,0.0,8.397716,3.388947,0.0,7.0469117,0.0,0.0,10.955227,0.0,0.0,3.6926553,1.8446138,0.0,0.0
166,4.0490766,0.0,4.690107,0.0,6.088725,0.94585365,6.4133863,4.3103466,0.0,0.0,4.8353333,1.8467937,0.0,0.0,0.23039769,2.9664567,0.50980467,5.088085,0.0,1.0038139,4.3361783,0.0,0.0,0.0,0.0,1.3033392,0.0,1.4255836,4.3157682,1.191029,0.0,0.0
167,1.2745954,3.578278,0.0,0.0,0.9118966,2.075644,0.0,2.6849508,0.0,5.313941,5.485911,3.3468773,0.0,0.0,8.453562,0.0,0.0,5.4233823,0.0,0.0,1.4020848,0.0,1.1903028,0.0,0.0,5.185527,0.0,0.0,3.3136008,3.4573739,0.0,0.0
168,0.4788196,0.21659435,0.19712405,0.0,5.7689147,3.3967645,7.398437,5.3068104,0.0,1.3525164,7.353018,1.179356,0.9600054,0.71872115,5.1747246,3.2182167,3.0569777,1.732191,0.0,2.4552495,4.6261053,0.0,7.7139835,0.0,0.0,2.198365,0.0,0.0,6.6050982,4.621475,0.0,0.0
169,1.773869,0.24522793,2.8804147,0.0,0.0,5.9950914,5.9840474,0.0,0.0,3.8133504,2.4078414,4.7730856,0.0,4.7901053,4.480388,4.1683154,6.978623,3.1728835,0.0,9.808488,3.594231,1.6267651,1.3803569,0.0,0.0,2.6834116,0.0,0.085377276,1.8812606,0.36657465,0.0,0.0
170,3.384389,2.617752,1.2037456,0.0,5.423709,5.8810797,7.464861,4.6113863,0.0,6.293599,2.4649699,4.330093,0.0,0.0,3.080818,0.5171937,0.7387336,11.339935,0.0,5.7479377,0.8364491,0.0,2.1347919,0.0,0.0,9.492121,0.0,2.0018811,1.8456221,1.8993965,0.0,0.0
171,4.7750278,0.6133024,3.0774345,0.0,3.2754633,3.2886856,6.7136602,10.403451,0.0,0.37860462,2.3586066,0.051686194,5.9555025,1.4174318,4.9192953,0.9417131,0.37348557,6.426633,0.0,0.0,0.0,0.0,0.6350552,0.0,0.0,3.5586693,0.0,0.6701246,7.995803,1.8797989,0.0,0.0
172,2.510575,0.5836982,0.0,0.0,0.43464586,0.5681882,0.0,2.084415,0.0,4.884552,5.6485844,2.0420182,0.0,0.0,6.364228,0.85938966,0.9081057,5.0044966,0.0,3.6183355,0.52218705,0.0,2.004149,0.0,0.0,2.6627693,0.0,0.0,6.2160287,4.3054147,0.0,0.0
173,4.1798277,0.7520081,2.575798,0.0,1.7646838,3.841298,4.9034677,8.527592,0.0,1.3058572,0.38853538,0.93847275,5.359315,2.6596668,4.18198,1.8761182,0.57346135,5.856051,0.0,0.0,0.0,0.0,3.789794,0.0,0.0,3.5817885,0.0,0.28428778,7.4874206,1.7274586,0.0,0.0
174,0.9589874,0.14780934,3.4399168,0.0,0.28095126,5.4653845,5.105972,1.5206486,0.0,5.3877196,1.662632,4.865191,0.0,2.550274,5.4322352,2.7613254,5.4456067,7.5473714,0.0,8.158991,5.2947326,0.7066893,1.095534,0.0,0.0,2.971267,0.0,0.0,0.5285997,2.2941015,0.0,0.0
175,3.6857877,0.17188261,2.2789953,0.0,1.6763588,4.4996233,5.1687245,10.047243,0.0,0.5835918,0.0,0.46160647,6.694235,2.7146661,3.981173,2.2764168,0.31549627,6.3818126,0.0,0.0,0.0,0.0,2.8227932,0.0,0.0,3.0859926,0.0,0.4519246,7.792696,1.8669184,0.0,0.0
176,3.3006952,3.2794914,5.8672185,0.0,7.1674576,7.989483,9.221861,4.9400644,0.0,6.4487553,3.7822838,4.1034718,0.0,0.0,4.505775,0.0,4.892659,12.462416,0.0,5.3733335,1.6067514,0.0,2.2797797,0.0,0.0,10.941499,0.0,0.41303974,0.3576273,0.75095946,0.0,0.0
177,5.381241,0.0,0.0,0.0,5.427868,2.870346,0.9123784,5.078831,0.0,2.4919708,3.6042495,3.4479756,5.0249147,0.0,5.7856617,3.2511892,2.5003555,3.823291,0.0,3.520123,3.136469,0.0,2.8487024,0.0,0.0,10.868915,0.0,0.0,0.0,0.0,0.0,0.0
178,2.8737576,2.607216,0.0,0.0,2.1336687,3.2614644,0.62756103,2.9100654,0.0,0.9341866,2.491954,0.0,5.3042216,0.0,5.801843,4.6491933,0.643408,3.3898017,0.0,3.7108264,1.1993341,0.0,1.0159104,0.0,0.0,6.569583,0.0,0.0,0.0,0.43085063,0.0,0.0
179,0.49761266,1.2860978,0.85714465,0.0,0.46448863,0.0,1.5459328,0.9590178,0.0,1.8767924,5.510309,3.101695,2.2842867,0.32758376,0.0,3.5711453,1.029871,0.0,0.0,4.178508,0.0,0.2475153,0.54284245,0.0,0.0,1.6933787,1.4723755,0.6206551,5.791717,1.1512779,0.0,0.0
180,6.4256783,4.7781324,3.135685,0.0,6.1544847,0.61301094,4.1485915,1.0612893,0.0,1.9083259,4.676116,1.2902622,4.096834,0.0,0.49987745,0.75762665,2.1411793,2.0634038,0.0,0.0036900868,0.32945257,0.0,0.0,0.0,0.0,3.607401,0.40633553,4.5499043,5.1558585,2.1420553,0.0,0.0
181,0.5684201,2.060357,3.651489,0.0,0.0,6.904791,3.3960302,2.401956,0.0,4.9027014,2.6742702,4.1594486,0.26599723,4.0691204,5.968919,2.8770218,3.7172792,4.2866983,0.0,6.697764,2.9356139,0.7099723,2.4412065,0.0,0.0,2.7562363,0.0,0.106788576,0.0,3.448169,0.0,0.0
182,9.813193,0.0,2.2028217,0.0,7.548791,1.9433162,7.100363,5.599063,0.7037206,4.068807,4.15356,3.5211506,0.0,0.0,1.7477412,3.6559463,0.0,4.30082,0.0,6.3448167,1.5571761,0.0,2.2675736,0.0,0.0,7.916724,0.0,2.4814067,1.3132657,1.9320164,0.0,0.0
183,0.33147344,4.2594414,0.0,0.0,5.2888827,1.7939135,0.29303497,5.9380364,0.0,6.145237,5.6252685,1.8116915,2.6204338,0.0,6.867446,1.4672546,4.370201,5.5678706,0.0,0.0039639105,2.01523,0.0,0.059835196,0.0,0.0,8.312294,0.0,0.0,6.929418,2.7716818,0.0,0.0
184,6.878718,0.47557813,0.29206353,0.0,1.0221881,1.4287009,6.7943506,6.993361,0.0,3.0646987,0.42824954,2.1923666,4.7321625,1.245469,7.353267,2.3741343,1.072747,4.1066256,0.0,0.73400766,0.16382971,0.0,6.286296,0.0,0.0,8.156536,0.0,1.6139774,6.719349,3.3075686,0.0,0.0
185,5.49518,5.935478,0.0,0.0,0.0011628047,2.3036916,1.6887257,0.0,0.0,3.192528,4.413798,1.4924077,2.3842616,0.17365639,6.232152,2.6284056,4.52537,1.9888413,0.0,2.3741589,1.0632721,0.0,0.29680517,0.0,0.0,4.949122,0.0,0.0,4.8399973,2.0168395,0.0,0.0
186,2.7185338,0.82840157,1.6625761,0.0,1.4126372,2.3332105,1.9019978,5.032459,0.0,6.7945337,1.0559926,1.8365937,1.2578999,0.0,9.464508,2.091181,1.5323699,3.297367,0.0,0.057844177,0.0,0.0,1.6362699,0.0,0.0,0.0,0.0,0.0,8.554615,4.6121755,0.0,0.0
187,2.859962,1.9927828,3.5284173,0.0,3.8780208,0.04637176,4.339404,2.4023278,0.0,0.0,2.9616795,0.0,4.4259996,0.0,4.6819963,4.108358,3.1948676,0.6841445,0.0,3.629141,4.927216,0.0,0.0,0.0,0.0,2.5216963,0.22678575,0.008040041,2.3032205,4.265931,0.0,0.0
188,4.7723846,1.6172171,0.45706338,0.0,2.865554,4.570062,3.1785264,3.2852118,0.0,4.8418803,3.5657744,5.1015415,0.64735115,2.2445743,6.248163,0.73521054,3.4947631,0.0,0.0,4.0355086,0.95769197,0.0,3.353263,0.0,0.0,5.668922,0.10096173,0.0,1.7551886,0.0,0.0,0.0
189,1.1138669,2.5000427,0.0,0.0,4.572237,4.2737346,3.0644403,7.475054,0.0,0.6993208,7.5386233,0.0,4.0963492,0.0,7.4365864,1.9340605,3.0069711,3.066852,0.0,5.159687,5.0109625,0.0,3.4748452,0.0,0.0,6.478202,0.6852627,0.0,6.3999476,5.378562,0.0,0.0
190,1.5746853,1.6128215,0.9471649,0.0,2.7064981,2.5411344,1.7714357,6.8497367,0.0,0.0,6.1285324,1.973028,1.0897316,1.3653798,2.815132,0.0,1.1854323,3.0997117,0.0,3.5439785,2.088772,0.0,0.0,0.0,0.0,3.235365,0.05206053,0.0,5.4522567,0.67585534,0.0,0.0
191,1.5052736,2.2094233,0.85103697,0.0,2.4780846,1.9763368,1.8017848,4.3951306,0.0,4.2994585,1.2652367,0.67043877,2.7901073,0.0,10.9636,2.0268707,1.5676869,4.298386,0.0,0.0,0.7365157,0.0,0.37449846,0.0,0.0,5.242586,0.0,0.0,2.8251293,4.4750524,0.0,0.0
192,1.0104749,2.8307164,0.0,0.0,5.5360346,3.7421055,3.455831,7.44113,0.0,4.9006233,4.255013,0.18878943,1.3662839,0.0,10.5747,2.9561274,4.587377,4.6117597,0.0,6.9031787,8.850677,0.0,3.5411553,0.0,0.0,8.957054,0.0,0.0,3.92111,3.0179663,0.0,0.0
193,2.0715582,2.55149,1.4305234,0.0,3.117534,3.1759324,4.258747,0.0,0.0,4.0035715,11.496367,2.8865104,0.72598296,0.16673243,3.3854508,6.150635,6.562168,0.5781002,0.0,5.216928,0.3135252,1.8581787,4.6419067,0.0,0.0,3.9532218,2.6422465,0.28087223,10.040481,6.395917,0.0,0.0
194,5.8844023,8.618606,0.0,0.0,7.769503,3.3843665,2.28061,1.9514717,0.0,8.074705,5.194374,6.719096,0.80669737,0.0,1.8632014,1.3312006,6.6937156,6.881053,0.0,1.5567211,3.599991,3.145278,0.88197696,0.0,0.0,9.929287,1.7163883,2.1839008,5.4938436,2.7232838,0.0,0.0
195,7.1335855,9.455987,1.4106519,0.0,5.44133,6.556161,6.559673,9.469221,0.0,3.9787083,5.166048,1.3378894,5.9252295,0.33067462,6.0958652,1.0446458,3.143834,3.1822054,0.0,8.132457,4.2735205,0.0,5.9851456,0.0,0.0,15.219187,0.111602835,0.6979248,2.2031617,0.19540241,0.0,0.0
196,0.0,0.82397014,1.6958755,0.0,6.837182,1.5208158,2.123549,5.166808,0.0,4.935899,9.739818,2.6113415,1.4144648,0.0,7.3558226,4.480359,3.1188078,1.5250484,0.0,0.9304394,1.5257683,0.0,0.79168653,0.0,0.0,5.536913,0.0,0.0,7.106633,3.9226153,0.0,0.0
197,2.6420507,0.0,3.0922303,0.0,5.814881,5.8893,4.3417068,4.956221,0.0,0.32365742,5.5878386,7.7753496,0.0,0.0,6.2026277,3.0731108,3.0000768,7.4210854,0.0,9.485756,0.0,0.0,2.4786286,0.0,0.0,5.392708,1.5666095,1.7812277,0.0,0.0,0.0,0.0
198,3.3932867,1.6629177,4.268022,0.0,0.0,7.288052,4.021882,3.6009686,0.0,5.5069795,2.5464778,5.208086,0.0,6.698522,3.1627991,1.5488015,4.766103,7.5246873,0.0,8.722718,5.1098146,2.5326328,1.3957137,0.0,0.0,2.8752162,0.0,0.0,0.5712615,2.8844864,0.0,0.0
199,1.5808034,0.0,3.094998,0.0,5.9325976,7.270356,4.2173805,0.43689752,0.0,1.3887801,4.7909026,0.0,0.0,0.0,2.1152554,7.6748405,5.4120603,6.8214135,0.0,1.242684,2.7252712,0.0,2.5259821,0.0,0.0,1.3326353,0.0,0.0,3.3721156,0.0,0.0,0.0
