,Closing Price,Open Price,High price,Low Price
0,21704.4492,21785.3906,21938.1992,21555.5293
1,21242.7793,21389.4902,21742.0703,21163.5703
2,21423.8203,21402.1699,21534.0508,21344.8496
3,21913.0605,21402.6992,21916.2109,21402.6992
4,21220.8105,21632.6992,21684.2109,21098.8398
5,21805.8105,21740.8594,21954.1699,21531.9707
6,21821.7793,21562.0703,22020.6602,21498.8691
7,22184.5508,21834.6406,22225.3809,21761.0391
8,22014.4609,22205.0,22360.2891,21871.5996
9,21174.7695,21644.0391,21644.0391,21077.2402
10,21223.5,20988.7402,21334.3809,20988.7402
11,21734.7207,21825.2402,21892.5293,21672.2695
12,21874.1895,22010.9395,22010.9395,21677.1504
13,22532.9004,22523.2793,22645.5195,22455.0098
14,22527.4805,22430.5898,22690.7402,22393.1406
15,23134.5508,22900.7695,23134.5508,22871.0391
16,23087.7207,23330.8906,23369.0508,23062.6191
17,22740.7109,22751.5098,22843.1992,22542.0801
18,22687.2109,22801.8496,22862.0293,22619.2305
19,22258.0,22265.9297,22265.9297,22089.0898
20,22690.5996,22637.3301,22751.0391,22573.1797
21,22731.0996,22878.7598,22878.7598,22695.7305
22,22862.5996,22497.9004,22881.2695,22207.3105
23,22514.9199,22630.5898,22713.5801,22425.1309
24,21949.75,22225.0605,22225.0605,21739.2207
25,22104.1992,22403.2598,22424.5391,21915.2793
26,21885.2109,21997.6406,22230.5508,21690.5996
27,21859.3398,22020.5391,22235.5098,21859.3398
28,21640.8906,21992.1797,22309.3301,21640.8906
29,21293.3203,21270.8594,21665.75,21223.3809
30,21392.7109,21302.6992,21453.4805,21109.0098
31,21160.5801,21383.7109,21383.7109,20994.5391
32,20930.6699,21163.0098,21206.5996,20751.1406
33,20484.3691,20675.75,20902.5098,20484.3691
34,20931.2598,20388.7891,20971.1895,20388.7891
35,20392.0605,20762.6504,20762.6504,20350.4805
36,21104.7891,20739.4805,21108.25,20739.4805
37,21056.6602,20849.0801,21173.5605,20785.8008
38,21464.7207,21104.5605,21464.7207,21104.5605
39,20972.2891,21546.9395,21546.9395,20857.0293
40,21261.8906,21289.6992,21474.3105,21223.9902
41,20906.3105,20999.3203,21031.0801,20844.1504
42,21042.4609,20956.9395,21066.5801,20595.5898
43,20585.0605,20964.75,20964.75,20526.7305
44,20389.4805,20545.3809,20621.4805,20356.5098
45,19933.2793,19833.8691,19987.1504,19708.3906
46,20794.2695,20840.6895,20840.6895,20637.9902
47,20491.1094,20439.4707,20543.1504,20299.9707
48,19999.7793,20114.8594,20283.9902,19951.3594
49,19388.7207,19854.8203,19854.8203,19220.2793
50,19352.9004,19432.7207,19525.5508,19157.7305
51,18300.6094,18325.6504,18538.5098,18019.1992
52,17637.1895,18691.3008,18699.1797,17637.1895
53,17632.4609,17120.2305,17849.9707,16283.7197
54,19327.7305,18878.2598,19327.7305,18588.1094
55,19632.1992,19869.0195,19869.0195,19137.6699
56,18872.8496,19178.4902,19302.7598,18872.8496
57,18961.9902,18954.3203,19291.0195,18862.9004
58,18934.4297,19003.2207,19245.4297,18870.1094
59,18682.0898,18909.5898,18936.9395,18500.1094
60,17880.6797,18742.25,18742.25,17796.3398
61,18016.2109,17628.9297,18029.7695,17445.4297
62,18211.1094,17870.4297,18285.6797,17631.6992
63,17682.4004,17788.9902,17926.1406,17682.4004
64,16803.7598,17156.2109,17241.7793,16790.8594
65,15431.7305,16107.9805,16422.5195,15431.7305
66,15943.2402,15598.2402,15990.2002,15550.8604
67,14796.8701,14717.5195,14910.5498,14398.54
68,16312.1602,15156.1602,16376.4199,14754.6396
69,16832.8809,17141.0508,17141.0508,16618.0996
70,15998.2998,16609.0898,16609.0898,15961.9199
71,15230.5195,14902.3398,15230.5195,14578.54
72,14554.21,15081.46,15300.0703,14554.21
73,15323.0098,14691.9004,15472.6797,14691.79
74,15041.1699,15384.8203,15457.4199,14884.0703
75,14266.5996,14878.21,15161.6904,14038.4102
76,13760.4902,13596.3096,14032.25,13403.3496
77,12618.3799,13478.6299,13478.6299,12618.3799
78,11015.8398,12372.75,12736.8496,10676.29
79,12596.29,11154.5703,12596.29,11133.9404
80,12702.0703,12807.3496,13307.4199,12333.9404
81,14329.8496,13280.4404,14329.8496,13280.4404
82,13968.6699,13845.79,14122.7803,13517.4199
83,14344.3701,14436.0303,14889.1299,14272.1699
84,14384.3398,14337.6201,14539.5898,13853.1602
85,14840.1602,15045.5303,15317.8301,14750.04
86,13790.04,14081.7598,14081.7598,13674.0703
87,14243.4297,13273.0898,14254.2197,13273.0898
88,14744.6299,15033.1797,15147.96,14453.6201
89,14040.9004,14322.9502,14853.8301,13926.71
90,13939.0898,14155.2598,14256.0596,13626.3096
91,13221.3496,13068.9297,13373.1104,12943.1104
92,13542.6602,13749.5303,13749.5303,13493.8604
93,13529.5303,13584.3496,13738.1201,13277.6396
94,12915.8896,13298.8799,13363.5703,12676.2803
95,12815.7998,12827.3701,13179.3301,12738.5303
96,12298.5596,12170.9805,12298.5596,11976.8799
97,12659.2002,11814.8096,13048.5,11814.8096
98,12457.9404,12239.4902,12707.2305,12239.4902
99,12878.5996,13012.0,13090.8799,12767.4404
100,13369.4502,12990.3496,13369.4502,12990.3496
101,13552.0596,13901.4502,13930.9102,13332.9297
102,13888.2402,13550.29,13896.4902,13550.29
103,14108.8398,13775.2803,14253.6602,13659.4404
104,13405.8496,13373.0195,13513.5,13344.5996
105,13588.6602,13598.5996,13778.0498,13573.4297
106,13509.7803,13857.29,13883.8701,13459.6104
107,13846.0898,13718.9199,13875.1396,13656.9199
108,15044.8701,14303.25,15044.8701,14303.25
109,14753.2197,15032.3301,15205.3203,14717.4697
110,15577.7402,14946.0,15578.96,14946.0
111,15613.9004,15533.6201,15781.0498,15337.7305
112,14758.3896,15287.7002,15393.0898,14479.2305
113,15046.9502,15363.4902,15386.9004,15007.4199
114,15130.21,15018.46,15217.25,14819.7305
115,15460.5195,15544.9697,15557.4502,15179.3799
116,15497.8096,15335.2998,15548.2598,15301.1602
117,15127.5098,15235.2197,15444.2803,15014.9805
118,14622.3896,15177.1201,15227.4297,14622.3896
119,14220.79,14472.0303,14491.75,14084.8604
120,14184.1396,13855.8896,14300.7002,13855.8896
121,14328.4805,14080.8604,14332.0195,13967.6904
122,14235.5,14476.7402,14513.4805,14189.0801
123,14387.4805,14377.5098,14527.0996,14302.1504
124,15042.8096,14448.2197,15042.8096,14412.1201
125,15563.3096,15349.3301,15563.3096,15128.3203
126,15509.5098,15612.4697,15651.6104,15367.9297
127,14987.46,15759.5303,15763.5498,14976.7402
128,14415.9102,14755.8096,14755.8096,14334.1504
129,14377.4404,14530.8301,14673.5996,14297.4102
130,13971.0,14312.2598,14312.2598,13895.04
131,13668.0498,13930.2695,14118.9297,13644.54
132,13704.6104,13807.0303,14019.0303,13674.96
133,13242.96,13136.2305,13300.75,12904.0498
134,13255.5098,13278.9697,13423.2402,13113.4502
135,13339.9902,13414.0898,13519.1797,13097.5
136,12959.7695,12854.4004,13160.8701,12816.25
137,12583.6299,12534.5996,12762.54,12439.1299
138,12657.9902,12844.3701,12895.25,12657.0996
139,12578.5996,12542.0098,12734.7998,12469.8398
140,13154.4297,13560.0703,13560.0703,13109.2695
141,13278.21,12958.0801,13390.1201,12899.5703
142,12861.4902,13194.0,13239.5,12733.3496
143,12776.8896,12991.4902,13065.9697,12729.04
144,13063.8896,13029.4199,13108.7402,12975.2998
145,13178.9004,13084.79,13492.5303,13018.6396
146,13655.04,13535.7598,13660.2402,13322.6201
147,13769.0596,13865.5898,13865.5898,13561.54
148,13880.6396,13787.1201,13976.3096,13663.4102
149,13539.21,13546.1396,13600.0195,13363.0596
150,13228.2998,13439.5801,13478.6602,13174.0098
151,13554.6699,13314.8096,13576.3203,13314.0195
152,13455.8799,13559.8203,13559.8203,13257.3496
153,12945.4004,13195.5098,13195.5098,12933.9102
154,13016.0,12783.79,13031.2803,12712.3301
155,13023.3604,12873.0996,13055.7197,12788.0801
156,12699.1699,12719.1396,12816.79,12669.5703
157,13175.0996,12777.96,13207.9805,12777.96
158,12798.5195,12789.29,12814.3701,12634.8398
159,13005.0801,12979.8604,13148.3096,12858.2803
160,12894.9404,13070.4102,13071.5801,12691.96
161,12811.5703,12929.9902,13032.2998,12799.8096
162,12317.46,12929.9902,13032.2998,12296.8604
163,12033.8799,11967.0703,12192.3496,11849.1699
164,12331.1504,11880.1699,12423.6904,11880.1699
165,12211.2402,12488.3301,12488.3301,12163.5498
166,11921.52,12031.38,12146.16,11921.52
167,11344.5801,11872.46,11927.8896,11344.5801
168,11694.0498,11542.8799,11747.1104,11542.8799
169,11930.6602,12228.2197,12228.2197,11904.6104
170,12001.5303,11905.4697,12040.8398,11848.5
171,12525.7998,12395.1797,12525.7998,12303.7002
172,12976.71,12657.8701,12976.71,12615.4502
173,12878.0898,12995.8799,13226.3096,12878.0898
174,13117.1699,13052.9502,13167.2002,13020.7998
175,13130.9199,13205.1699,13205.1699,12947.9004
176,12833.5098,13157.9004,13157.9004,12797.0996
177,13447.4199,13001.5498,13451.0195,13001.5498
178,13910.3398,13773.1699,13952.9805,13538.1602
179,13622.1104,13754.7695,13892.8799,13567.4502
180,14108.9805,13821.2803,14132.0898,13819.0996
181,14119.5,14257.5596,14257.5596,13955.6602
182,13456.3301,13893.1504,13893.1504,13413.4805
183,13576.0195,13545.3604,13696.6904,13428.3096
184,13519.54,13746.1797,13788.4102,13411.79
185,14521.9697,13963.3398,14533.3398,13953.5596
186,14545.6904,14547.5195,14644.8203,14392.1904
187,14998.04,14920.8398,15147.0596,14778.5098
188,14928.9697,14922.0898,14994.7598,14743.71
189,14474.8604,14715.7002,14715.7002,14276.3496
190,14901.4102,14677.8496,14987.4102,14656.1602
191,15580.1602,15302.1396,15596.3398,15140.3896
192,15669.6201,15344.5898,15669.8496,15213.3896
193,15582.9902,15928.8203,15977.1299,15517.3896
194,15601.2695,15956.46,15956.46,15560.4004
195,15750.9102,15574.3203,15878.4004,15382.96
196,15285.8896,15065.5898,15332.2695,15065.5898
197,14878.4502,15328.8301,15396.2803,14830.5898
198,15214.46,14958.2402,15222.2002,14867.5898
199,15258.8496,15217.3701,15367.4805,15062.29
200,14840.4199,15160.6904,15160.6904,14798.9004
201,14555.1104,15057.25,15078.6299,14464.7803
202,14956.9502,14767.9199,14983.6602,14714.5098
203,15520.9902,15369.1104,15587.29,15204.0996
204,16381.0498,15869.2803,16387.1191,15855.2402
205,16430.0801,16572.0,16580.5391,16295.8604
206,16834.5703,16348.7598,16885.9199,16268.0303
207,17217.8906,17278.3105,17301.25,16880.5996
208,17389.8691,17149.3105,17442.9609,16970.1992
209,17087.9492,17381.0,17685.6406,17032.4395
210,17153.6406,16996.2109,17239.6504,16908.0605
211,17059.6191,17097.8203,17372.1504,17014.8594
212,16541.6895,16630.3301,16630.3301,16422.2793
213,16790.6992,16818.8105,16953.4102,16736.1797
214,17022.91,16475.96,17062.49,16334.36
215,17544.0293,17454.2305,17588.9297,17376.4297
216,17475.8398,17486.3906,17611.0,17362.3691
217,17199.4902,17291.4395,17415.2598,17172.6406
218,17062.5195,17169.5703,17299.2598,16740.2695
219,17121.8203,16999.0508,17264.4199,16789.0
220,16991.5605,17050.3398,17283.8906,16977.7109
221,17885.2695,17395.6094,17984.0195,17347.8906
222,18171.0,18027.9297,18227.7891,17833.7402
223,18888.5898,18499.9199,18895.8008,18415.4102
224,18389.0801,18916.6094,18916.6094,18300.6191
225,18576.4707,18616.9395,18967.3906,18508.3008
226,18502.7695,18417.9004,18522.3906,18108.8008
227,18679.5293,18674.4805,18722.4902,18406.8594
228,18253.3906,18521.7891,18636.1504,18236.0508
229,18058.4902,18450.6406,18475.5098,17710.4492
230,18785.6602,18339.9102,18789.8496,18258.1602
231,18791.0293,18578.8906,18883.2402,18564.8691
232,18889.6797,19034.7891,19161.9707,18707.1895
233,18498.9609,18712.0605,18872.7402,18433.3008
234,18165.5,18235.9707,18314.9609,17859.7402
235,18084.5996,17984.8301,18255.1309,17833.7695
236,17776.6602,17955.6797,18069.7598,17655.8203
237,17920.9297,17936.3301,18015.1094,17759.8594
238,18059.5508,17906.3906,18398.9199,17906.3906
239,17538.3691,17577.7305,17682.8691,17375.9609
240,17892.1504,17583.3496,17912.0703,17484.0605
241,18275.0293,18140.1602,18340.9102,18069.3691
242,18600.2598,18408.3691,18688.1094,18360.7109
243,18528.5098,18561.1094,18687.3594,18451.7598
244,18378.7305,18883.2402,18883.2402,18364.8105
245,18178.0508,18780.9609,18780.9609,18053.0996
246,18203.4004,17961.1797,18234.2402,17894.8105
247,17979.4102,18020.0996,18258.2598,17897.6797
248,17862.2695,17943.4902,18159.9902,17821.7109
249,17721.0703,17652.9805,17819.3105,17493.6191
250,17790.5898,17793.6094,17836.9492,17509.2793
251,17708.4199,17800.0508,17851.2207,17645.5508
252,17254.6309,17612.4492,17612.4492,17185.9609
253,17885.7305,17631.6699,17896.3594,17581.4297
254,18258.6602,18042.5898,18289.0,18030.0996
255,18361.8691,18688.8691,18700.5996,18303.5801
256,18805.6602,18551.9102,18855.8594,18457.4199
257,19502.3691,19005.1895,19506.4199,18960.5391
258,19501.7305,19601.8594,19601.8594,19295.2305
259,19248.1699,19560.4199,19641.75,19224.0508
260,19817.6992,19431.9199,19824.1797,19415.3691
261,19982.7891,20063.9297,20063.9297,19715.1504
262,20251.6191,20170.7305,20385.6895,20096.1699
263,20624.5391,20261.9395,20664.4805,20109.5508
264,20135.5,20404.5098,20542.6094,19787.4805
265,20234.0801,20150.2598,20359.7891,19955.3203
266,20573.3301,20546.0703,20712.6602,20474.0508
267,20807.2598,20582.6797,20816.6094,20449.1895
268,20796.4297,21196.75,21196.75,20748.6094
269,20494.7695,20779.7695,20995.8105,20436.6504
270,20899.24,20479.23,20904.93,20339.87
271,20375.3691,20708.1191,20759.5605,20316.7793
272,20929.5195,20758.5195,21010.4707,20730.4102
273,21074.2109,20774.9707,21088.0703,20733.3398
274,20435.2402,20725.9004,20725.9004,20417.7598
275,20861.3008,20767.8594,20943.8594,20746.9199
276,20893.3301,21023.9609,21037.1699,20639.5605
277,20137.6504,20467.3008,20471.7695,20058.0996
278,20306.2695,20125.5508,20409.1895,19916.2793
279,19954.2305,20195.0898,20352.9395,19824.8594
280,20328.8594,20282.7207,20465.2207,20196.3301
281,20199.0195,20288.5605,20439.4199,20002.7793
282,20535.9395,20649.9609,20649.9609,20433.6094
283,20435.2402,20246.7891,20476.25,20143.5098
284,20456.3203,20542.7598,20576.5996,20401.7402
285,20242.75,20289.3398,20364.4004,20147.3398
286,20098.6191,20409.1309,20409.1309,20004.6992
287,19724.1895,19827.1309,19827.1309,19592.0703
288,19872.3008,19961.7402,19961.7402,19734.2695
289,19522.0,19560.2695,19611.0703,19425.8594
290,19761.6797,19526.8906,19823.0293,19526.8906
291,20318.6191,19830.0195,20413.6094,19744.4492
292,20629.3105,20502.8496,20667.5801,20446.1602
293,21069.8105,20617.4004,21133.7109,20617.4004
294,20851.0391,21085.0898,21085.0898,20825.1602
295,21069.5605,21131.0801,21322.5508,21020.9199
296,21161.4199,21122.3105,21306.1094,20980.1504
297,20932.1992,20841.5098,21045.0,20821.5898
298,20866.37,21049.22,21049.22,20819.93
299,21402.9199,21086.75,21403.1309,20950.3809
300,21768.5098,21674.7109,21929.7891,21636.5195
301,21623.4492,21640.9707,21765.9805,21515.9297
302,21472.8496,21574.9395,21730.7109,21457.3496
303,21701.1406,21556.6895,21704.1406,21491.6895
304,21595.5195,21655.6191,21742.3906,21524.3301
305,21050.7305,21386.4707,21399.2305,20963.3691
306,21024.4004,20810.8105,21065.7305,20766.4609
307,20588.4102,20798.5195,20829.5098,20534.8203
308,21013.1699,20889.8105,21087.25,20889.8105
309,20955.25,20981.1309,21090.4902,20792.9805
310,20375.4902,20380.2305,20470.9199,20323.5898
311,20429.0703,20342.5801,20489.9492,20305.0605
312,20811.5293,20509.6406,20824.1309,20509.6406
313,21241.5898,21074.9805,21343.75,21072.5898
314,21492.9004,21418.2695,21524.0508,21284.4199
315,21499.4395,21572.6992,21572.6992,21421.7695
316,21299.3496,21623.3301,21623.3301,21262.7109
317,21467.3594,21371.8203,21679.1504,21371.8203
318,21886.4805,21564.3301,21893.4199,21562.6602
319,21999.0801,22209.1895,22250.3496,21971.4805
320,21929.9004,22138.0605,22143.0098,21899.1699
321,22200.4609,21761.8301,22250.2305,21761.8301
322,22384.9609,22260.4102,22451.6191,22260.4102
323,22318.1094,22299.6504,22407.1406,22200.6406
324,22210.5195,22237.3691,22266.7402,22002.7891
325,22589.7305,22438.9004,22620.0098,22407.4004
326,22169.5898,22016.7891,22277.0605,22016.7891
327,21761.5801,22004.5508,22149.0391,21740.3301
328,21264.9902,21290.0898,21346.5508,21134.3301
329,21752.8691,21720.4102,21953.5898,21720.4102
330,21620.1895,21194.1191,21632.9004,21130.9004
331,21240.0605,21598.6309,21684.7305,21223.4199
332,21614.7695,21396.5,21699.8398,21360.6602
333,21479.0801,21405.0605,21549.0996,21372.9902
334,21829.7207,21866.7207,21931.3594,21780.5703
335,22207.5508,22004.5098,22214.8496,21941.6191
336,22268.1602,22556.5605,22556.5605,22200.2402
337,22627.2109,22534.1406,22643.6602,22396.0391
338,22397.5703,22660.4707,22707.3594,22359.0898
339,22553.6309,22381.3398,22585.5293,22343.9902
340,22943.9805,22789.9902,22998.8496,22770.6895
341,22914.1504,23000.3691,23000.3691,22798.0195
342,22840.3301,22974.3594,23099.5703,22645.7402
343,22643.1602,22894.8398,22894.8398,22587.1797
344,22455.8398,22486.5605,22584.5508,22376.3594
345,22771.3906,22541.6895,22794.1309,22490.3398
346,22423.14,22708.84,22813.93,22395.38
347,22611.8008,22505.9297,22638.8906,22336.0703
348,22210.4102,22580.25,22580.25,22108.2598
349,21134.5,21623.9199,21685.1309,21002.4902
350,21821.5,21687.6895,21924.0801,21687.6895
351,22113.1504,21813.4199,22130.75,21789.4102
352,22289.5703,22402.5098,22439.3594,22266.6895
353,22553.8691,22503.6797,22593.7207,22333.6699
354,22498.1504,22400.4902,22528.8398,22240.8594
355,22324.9609,22387.2305,22476.6191,22256.1094
356,22060.5195,22306.1699,22306.1699,22055.0195
357,21741.7598,21905.8008,22034.8105,21658.2695
358,21700.0391,21939.1191,21981.3809,21565.5801
359,21902.1094,21796.8301,22143.8398,21796.8301
360,22085.75,21638.9707,22225.7695,21546.5293
361,21813.9199,22032.1602,22032.1602,21779.9199
362,21611.7402,21840.25,21907.2891,21517.5898
363,21347.6309,21665.7891,21665.7891,21218.9004
364,21175.8809,21162.4297,21281.9102,21078.1992
365,20948.0996,21110.2402,21178.4492,20932.7695
366,21092.04,21150.63,21229.71,21029.28
367,21328.7402,21115.8809,21339.1797,21017.0195
368,21517.0,21378.7891,21591.9902,21357.2891
369,21480.2207,21622.1309,21739.3906,21474.1094
370,21499.4395,21544.4395,21608.9805,21392.9004
371,21496.6191,21469.3301,21620.7402,21320.1094
372,21872.5,21654.25,21886.32,21587.48
373,21823.2793,21860.0391,22024.8301,21689.2207
374,22279.5801,22092.1504,22297.0391,21987.2695
375,22416.6699,22357.4609,22514.7891,22277.1309
376,22269.4492,22548.0293,22548.0293,22169.6094
377,22296.75,22282.75,22443.2207,22206.1602
378,22411.5195,22524.1797,22671.9199,22373.9609
379,22326.6406,22378.2305,22476.1191,22192.9805
380,21748.5996,21990.6797,22012.0391,21688.1699
381,21716.95,21890.46,21988.93,21707.1
382,21654.1602,21715.0898,21788.8496,21581.0703
383,21460.0098,21418.3398,21645.6797,21320.9707
384,21677.9805,21481.1094,21681.6895,21335.5996
385,21286.1699,21543.25,21561.5605,21171.3008
386,20862.6699,21192.8301,21272.2598,20828.2402
387,20726.1797,20527.1992,20738.9902,20250.3594
388,20598.5508,20447.7891,20619.6992,20422.6699
389,20109.3301,20560.1094,20560.1094,20046.5996
390,20033.0703,20185.8008,20340.8203,19923.5508
391,20356.3691,20202.3301,20437.5605,20170.1504
392,20121.9902,20026.5195,20327.6895,19916.3398
393,20243.75,19987.6699,20254.2402,19845.9297
394,20272.1797,20432.9609,20533.9609,20181.2793
395,20722.0801,20486.1504,20780.5,20315.3105
396,20341.6406,20534.7402,20554.1992,20316.3301
397,19665.0801,19706.2402,19822.9297,19655.8809
398,19550.8906,19614.8496,19673.1094,19423.0508
399,19790.2793,19493.5,19843.8691,19461.1992
400,19922.2207,19914.8398,19976.6602,19681.5391
401,20290.6895,20095.5293,20310.7891,20095.5293
402,20268.6895,20240.6699,20428.3203,20212.5508
403,20534.0098,20657.8594,20684.2207,20471.3594
404,20422.1504,20534.7695,20569.6094,20381.3008
405,19894.0195,20261.4902,20261.4902,19874.5508
406,20377.2695,20407.8398,20427.0898,20313.1504
407,20623.0,20218.5098,20711.75,20120.0996
408,20467.7402,20357.4199,20583.8398,20351.0508
409,20399.57,20550.03,20644.27,20261.98
410,20608.6992,20657.8301,20662.8398,20567.5801
411,21056.9297,20853.0801,21056.9297,20853.0801
412,20906.1094,20921.4395,20961.8301,20847.4609
413,20876.7891,21016.2891,21016.2891,20845.1602
414,20575.7793,20983.8105,21000.1309,20575.7793
415,20787.9707,20820.9707,20820.9707,20654.9395
416,21196.8691,21099.7109,21257.0898,21080.7598
417,21207.5508,21153.6191,21277.6602,21128.9297
418,21208.2891,21293.5195,21293.5195,21156.0898
419,21228.1992,21333.0605,21333.0605,21059.0605
420,21209.7402,21249.8008,21260.0703,21116.8398
421,21079.0996,21036.4199,21116.5,20964.3105
422,21022.9297,21135.7891,21196.8301,20986.6895
423,21384.4902,21183.5996,21440.1797,21159.4297
424,21330.6699,21429.6895,21440.8105,21287.3691
425,21370.8203,21359.5508,21389.0,21257.8008
426,20933.25,21120.4297,21120.4297,20899.6895
427,20987.7793,21070.6504,21211.0801,20971.5605
428,21008.6191,21203.5,21205.5,20974.0508
429,20778.5508,20799.0508,20800.9492,20659.2793
430,21053.1094,20679.6504,21126.75,20679.6504
431,21237.4297,21148.0508,21318.2305,21125.9102
432,21374.79,21229.77,21450.98,21202.17
433,21239.3496,21366.6191,21446.8008,21230.2891
434,21537.0,21390.8906,21547.6602,21373.1602
435,21928.7695,21828.3496,21935.4102,21747.5703
436,21867.0391,21836.4199,21949.25,21813.3496
437,22208.5,22038.62,22249.23,21963.78
438,22138.17,22365.52,22388.77,22131.93
439,22103.5293,22216.1094,22290.6699,22008.0508
440,22121.4297,22183.0508,22192.3301,22061.7695
441,22157.8203,22265.3594,22337.8906,22113.2109
442,21865.2598,22059.3008,22111.9902,21788.8809
443,21405.1699,21557.7793,21582.1309,21283.3008
444,21623.3809,21519.2598,21647.75,21507.4707
445,21510.9297,21732.7598,21740.6406,21475.9805
446,21454.9395,21283.9297,21471.1094,21206.7402
447,21244.4902,21385.1602,21442.7695,21232.1504
448,21587.0605,21501.2109,21617.8496,21489.0508
449,21261.7891,21341.4805,21383.2109,21224.0508
450,20949.4004,20853.8301,21021.6699,20853.8301
451,20778.9199,20994.3691,21007.5605,20763.3398
452,21108.5898,20934.0703,21121.5195,20920.1504
453,20811.3594,20799.7891,20886.8496,20773.9707
454,20763.0508,20935.9004,21011.9492,20743.4902
455,20327.5391,20390.1191,20505.6602,20293.2305
456,20133.4102,20177.4707,20303.2207,19888.4902
457,19920.2891,19699.5,20037.5996,19699.5
458,20426.6406,20118.9492,20491.9492,20035.5996
459,20146.5098,20346.5391,20398.4297,19977.0996
460,20212.4902,20175.7402,20237.8594,20003.4902
461,20422.4609,20411.5508,20520.4297,20273.9902
462,20145.4297,20258.4492,20352.8008,20130.7793
463,19715.1992,19832.0293,19832.0293,19593.5
464,19944.9395,19768.8008,20013.3301,19672.3906
465,19578.9805,19552.1602,19785.8594,19546.2207
466,19545.8301,19694.4707,19747.1602,19276.4609
467,19667.7598,19470.2793,19757.4395,19470.2793
468,18985.5,19317.2402,19328.3594,18974.5195
469,19196.4492,19177.3398,19242.0605,19047.6992
470,19431.3691,19015.8906,19555.7793,18971.5195
471,19766.71,19816.39,19910.06,19710.86
472,19765.1895,19705.5293,19823.9902,19629.8301
473,19496.9492,19600.5703,19805.5996,19463.3496
474,19471.8008,19651.5508,19656.2207,19372.1309
475,19786.7109,19822.8906,19859.8008,19744.3203
476,19780.0703,19765.25,19841.6797,19658.6602
477,19378.1504,19211.6699,19389.9102,19211.6699
478,19487.4805,19459.7402,19510.0898,19333.0996
479,19621.2402,19488.1992,19792.2793,19383.8906
480,19632.6992,19517.6094,19729.1504,19517.6094
481,19872.3809,19995.6406,19995.6406,19834.2305
482,20051.9102,20102.5508,20102.5508,20024.0391
483,20062.1504,19998.5293,20142.0996,19970.9102
484,20138.4004,20201.8105,20201.8105,20078.5898
485,20286.7109,20199.2207,20315.4199,20138.3496
486,20912.1797,20571.4004,20938.3301,20571.4004
487,20819.0801,20861.4707,20957.0898,20796.3809
488,20856.6094,20718.6602,20866.8809,20689.1504
489,20733.4902,20797.4395,20901.1504,20710.1504
490,20690.7891,20615.9199,20763.3203,20563.9297
491,20726.6797,20718.0801,20862.3809,20687.2695
492,20248.9004,20727.4492,20738.1504,20190.8809
493,20128.9902,19985.7207,20143.1602,19971.2695
494,19905.3203,20059.5605,20161.9902,19803.2207
495,19842.1992,19809.0605,19913.4004,19793.4707
496,20084.1191,19777.8301,20084.1191,19777.8301
497,19857.0703,19948.1504,19948.1504,19800.2305
498,20050.5605,20231.1504,20236.1797,20002.0098
499,20378.6602,20142.7793,20418.3105,20116.5195
500,20467.4297,20476.0195,20539.6094,20368.6191
501,20431.0605,20485.1094,20529.4102,20378.9902
502,20560.8105,20722.2207,20722.2207,20512.2402
503,20255.6191,20530.2891,20665.6191,20226.2598
504,20250.1602,20293.6094,20313.7402,20173.4902
505,20090.9492,20007.8809,20127.5605,20007.8809
506,20264.5898,20075.7207,20403.0098,20075.7207
507,20487.2305,20377.5996,20494.1797,20334.3496
508,20589.6992,20487.4902,20592.4609,20384.7305
509,20815.3301,20847.8496,20847.8496,20728.4102
510,20839.9102,20944.6309,20963.0801,20826.9805
511,20973.3906,20965.5391,21008.7793,20824.0508
512,21091.1797,20961.5508,21199.5508,20902.1602
513,21093.8203,21091.1699,21130.7402,20970.9297
514,21029.8105,21008.4609,21095.9004,20945.6309
515,21412.7891,21221.4297,21439.2207,21221.4297
516,21457.6602,21610.1797,21610.1797,21409.8105
517,21549.8809,21567.3301,21621.8203,21427.5098
518,21551.7207,21577.1309,21618.5801,21462.2305
519,21678.8008,21575.9492,21722.3809,21456.7402
520,21801.5898,21640.5293,21805.9395,21622.1191
521,21473.5996,21764.2305,21765.5801,21446.8008
522,21294.5391,21542.2695,21643.2402,21239.1699
523,21105.7109,21039.4199,21124.9805,20926.4805
524,21071.5703,21095.1699,21205.6797,21012.5098
525,21112.1191,20881.9492,21209.4609,20881.9492
526,21137.4297,21081.3105,21161.7305,21015.0098
527,21022.7305,21167.8809,21277.1191,20968.6992
528,21072.4609,21094.6992,21297.6191,21023.3008
529,20981.8203,20929.7207,20997.3906,20868.2402
530,20889.0098,20963.25,21035.0098,20845.6992
531,20658.7109,20759.3496,20937.5293,20651.2695
532,20634.9805,20603.5703,20667.3008,20512.7793
533,20612.0605,20603.1797,20664.7598,20567.3301
534,20597.3496,20563.0898,20670.5703,20552.5508
535,20737.2207,20797.0098,20832.3594,20668.8105
536,20536.4902,20539.2207,20608.5508,20372.2891
537,20623.8301,20570.5195,20649.4492,20529.8691
538,20868.9199,20864.4004,20938.2891,20819.6094
539,20971.5,20918.8105,21028.6602,20860.8906
540,21355.7695,21155.9102,21398.0898,21139.7891
541,21401.7891,21419.9102,21435.5801,21313.2598
542,21088.8594,21213.1992,21214.8105,21066.6895
543,21167.2695,21169.8203,21248.5801,21122.7305
544,21257.3906,21310.7207,21332.4395,21092.8105
545,21658.3496,21396.9004,21714.3594,21395.5703
546,21696.0391,21760.7305,21763.7305,21656.4492
547,21725.6406,21819.9492,21819.9492,21633.0703
548,21691.45,21694.21,21726.01,21525.71
549,21970.8594,21744.5293,21988.8691,21713.6699
550,21977.3398,21918.4492,22009.0996,21874.4199
551,22002.5898,22118.5801,22118.5801,21950.6895
552,22047.7109,22077.3809,22229.1797,22021.5996
553,22119.4297,21972.8809,22155.6699,21956.7598
554,22340.8398,22351.3301,22407.2305,22292.5391
555,22109.9492,22329.8203,22371.5996,22091.1309
556,22378.6699,22314.5605,22439.1895,22300.0898
557,22358.1699,22287.0801,22370.4199,22202.4297
558,22618.66,22542.36,22734.88,22542.36
559,22639.14,22532.04,22670.81,22504.05
560,22880.41,23006.2,23023.13,22872.42
561,22884.32,22996.73,22996.73,22824.05
562,22944.18,22861.15,23093.77,22861.15
563,23207.31,23169.13,23302.29,23151.62
564,23121.7,23161.21,23254.14,23055.61
565,23457.69,23329.32,23471.66,23035.57
566,23852.17,23685.26,23866.87,23614.4
567,23757.63,23733.79,23862.54,23650.3
568,23469.38,23693.12,23716.48,23467.45
569,23763.73,23551.31,23768.09,23551.31
570,23556.5,23423.82,23689.99,23307.49
571,23649.48,23736.79,23736.79,23450.83
572,23517.54,23647.32,23667.42,23465.76
573,23627.91,23551.14,23781.88,23519.16
574,23601.24,23727.63,23727.63,23546.33
575,23164.58,23543.73,23708.67,23148.18
576,23210.86,23290.54,23290.54,23136.97
577,23096.32,23177.69,23222.35,22880.68
578,23652.94,23366.82,23656.65,23366.82
579,23671.42,23608.18,23724.87,23566.88
580,24144.67,23802.06,24163.84,23684.99
581,24535.63,24377.07,24550.08,24345.93
582,24876.82,24905.43,24931.85,24732.9
583,24964.37,24838.22,24988.57,24732.52
584,24710.6,24858.34,24963.26,24687.3
585,24500.61,24672.5,24692.54,24421.03
586,24700.3,24598.81,24887.58,24505.15
587,24222.58,24404.91,24608.66,24187.27
588,24027.18,24371.77,24382.14,24002.65
589,23693.02,24009.84,24085.23,23578.87
590,23214.46,23432.23,23618.24,23192.49
591,23637.39,23437.8,23671.51,23327.29
592,23605.71,23625.31,23686.42,23252.33
593,23524.02,23499.63,23592.77,23419.41
594,22896.14,23290.28,23322.17,22871.11
595,23023.86,23107.44,23166.69,22971.21
596,23054.68,23110.02,23283.22,23037.86
597,22877.25,22995.3,23107.67,22782.98
598,23166.22,22832.05,23187.75,22785.28
599,23007.99,23122.4,23199.44,22844.53
600,23249.8,22973.8,23325.79,22842.12
601,23448.78,23554.75,23575.38,23388.74
602,23320.52,23555.76,23611.04,23286.54
603,23237.69,23507.2,23612.25,23213.71
604,23428.15,23177.4,23475.29,23101.81
605,23092.52,23362.66,23374.37,22998.34
606,23171.8,23167.87,23269.36,23083.16
607,23162.91,23091.52,23202.29,22965.9
608,23317.61,23399.47,23490.18,23233.4
609,23431.19,23451.4,23453.42,23328.01
610,22975.35,23371.34,23371.34,22876.88
611,22668.78,22949.78,22992.07,22598.96
612,22714.85,22660.88,22732.62,22519.61
613,22639.08,22708.43,22716.78,22392.67
614,22993.86,22711.46,23025.47,22671.61
615,23045.19,23039.85,23160.44,22990.69
616,22902.97,23139.58,23151.38,22867.93
617,22833.8,22932.5,22948.25,22776.62
618,22621.73,22553.1504,22684.83,22529.2598
619,22969.3,22725.3809,22981.52,22663.8
620,22999.34,22987.84,23111.27,22890.56
621,23035.45,23079.84,23102.05,23012.5
622,23436.05,23135.64,23443.53,23057.52
623,23668.48,23477.31,23695.61,23408.09
624,23757.82,23650.18,23773.98,23579.74
625,23786.3,23861.22,23861.22,23698.38
626,23686.63,23744.03,23880.77,23654.04
627,23527.26,23715.47,23783.83,23481.8
628,23760.34,23606.76,23855.83,23512.22
629,24125.61,23951.99,24168.36,23857.17
630,24238.98,24347.34,24378.81,24208.45
631,24283.23,24273.62,24347.26,24187.9
632,24156.97,24276.47,24364.07,24098.03
633,24153.98,24149.44,24382.01,24104.34
634,24419.62,24321.25,24434.4,24243.88
635,24003.7,24248.32,24248.32,23963.86
636,23876.86,23913.19,24130.16,23840.29
637,23801.78,23970.3,23970.3,23751.72
638,23788.83,23891.68,23999.11,23769.46
639,23843.24,23802.88,23976.37,23662.18
640,23779.62,23771.12,24023.68,23734.7
641,23617.02,23763.74,23763.74,23580.42
642,23447.34,23314.69,23520.54,23285.6
643,23482.95,23451.62,23552.23,23422.72
644,23908.96,23700.16,23922.74,23671.51
645,23553.59,23853.63,23981.74,23530.8
646,23484.3,23613.49,23616.83,23396.17
647,23164.03,23535.41,23591.5,23128.72
648,22708.62,23035.64,23069.42,22668.02
649,22828.92,22752.55,22861.53,22446.67
650,23121.06,22920.29,23187.82,22899.58
651,22899.78,23037.03,23104.98,22881.16
652,23156.97,23015.39,23183.28,22809.01
653,23301.84,23173.48,23320.43,23079.47
654,23595.24,23342.67,23614.61,23316.3
655,23485.42,23500.11,23585.63,23444.77
656,22990.81,23170.52,23170.52,22938.13
657,22906.9,22983.37,23055.47,22837.09
658,22601.04,22856.78,23036.93,22575.99
659,23012.37,22727.04,23091.32,22712.96
660,23338.02,22900.15,23388.32,22886.37
661,23396.42,23317.96,23478.7,23244.11
662,23048.66,23114.43,23114.43,22915.65
663,23122.42,23102.83,23329.38,23097.15
664,23408.86,23406.77,23506.67,23374.6
665,23313.19,23257.14,23491.71,23229.07
666,23711.7,23401.49,23731.89,23307.7
667,23810.11,23863.93,23934.07,23775.7
668,23614.89,23818.64,23818.64,23564.95
669,23249.78,23437.5,23514.73,23105.99
670,23345.88,23207.15,23345.88,23078.94
671,22678.25,23110.71,23110.71,22253.47
672,22700.88,22814.5,22814.5,22541.55
673,22284.43,22237.24,22393.98,22123.26
674,22300.23,22387.98,22464.35,22273.7
675,22685.22,22401.06,22711.84,22395.3
676,22857.9,22732.95,22880.59,22654.22
677,22825.4,22797.94,22849.23,22714.86
678,22915.28,23005.49,23050.87,22890.83
679,23158.67,23135.38,23179.26,23068.09
680,23068.19,23114.07,23261.68,22952.43
681,23060.36,22997.35,23137.15,22965.34
682,23451.43,23192.79,23505.11,23180.92
683,23527.52,23618.06,23618.06,23450.46
684,23801.9,23664.48,23827.21,23474.34
685,24150.58,23917.01,24164.37,23917.01
686,24285.05,24182.83,24322.26,24102.6
687,24281.8,24317.82,24368.76,24195.61
688,24396.07,24306.44,24468.64,24251.74
689,24303.07,24394.99,24466.47,24250.05
690,23976.37,24142.55,24142.55,23916.55
691,24135.03,23981.05,24200.32,23842.29
692,24014.0,23951.88,24070.76,23912.27
693,24008.07,24086.55,24236.54,23902.03
694,23830.31,23977.87,24145.43,23769.48
695,23520.62,23654.86,23654.86,23468.2
696,23896.1,23709.29,23904.77,23682.79
697,24138.31,24090.55,24185.49,24031.42
698,24007.38,23964.62,24070.03,23844.3
699,23892.84,24193.28,24260.77,23825.13
700,23805.63,24103.03,24132.05,23761.13
701,23720.81,23774.47,23808.93,23633.74
702,23633.25,23794.86,23924.48,23599.28
703,23315.24,23582.6,23582.6,23230.38
704,23261.61,23228.01,23348.33,23167.93
705,23159.14,23035.94,23207.44,22985.66
706,23336.0,23239.15,23392.7,23239.15
707,23291.8,23509.01,23509.01,23233.42
708,23073.76,23112.13,23127.98,22985.54
709,23276.27,23120.0,23295.03,22888.08
710,22960.63,23054.06,23134.64,22937.14
711,22901.08,22896.2,22967.88,22768.03
712,23011.14,22968.62,23057.72,22924.46
713,23163.38,23125.28,23248.13,23031.6
714,23199.39,23215.62,23242.63,23147.42
715,22711.02,22942.96,22942.96,22691.33
716,22730.78,22693.1,22754.45,22631.13
717,22747.28,22558.33,22767.01,22519.66
718,22900.79,22848.06,22943.85,22796.13
719,23118.07,22939.95,23150.6,22859.98
720,23184.32,23117.8,23257.85,23086.05
721,23684.13,23380.29,23707.95,23371.48
722,23626.43,23686.77,23706.0,23598.39
723,23253.84,23280.05,23317.79,23210.95
724,22949.56,23338.76,23338.76,22932.48
725,22868.67,22762.21,22928.96,22730.12
726,22661.63,22757.62,22757.62,22607.09
727,22609.83,22628.13,22647.3,22372.94
728,22420.37,22641.62,22674.8,22297.94
729,22508.08,22172.61,22508.5,22156.81
730,22496.0,22298.47,22642.46,22298.47
731,22343.77,22532.84,22598.76,22327.0
732,21953.11,22048.28,22065.46,21874.89
733,21695.26,21969.68,21971.24,21628.33
734,21599.51,21770.79,21897.35,21508.77
735,21850.59,21783.86,21875.16,21656.06
736,21859.97,22044.16,22047.85,21837.84
737,21759.14,21777.11,21905.1,21632.87
738,22171.95,21843.76,22182.75,21783.73
739,22041.77,21888.04,22099.29,21888.04
740,22061.78,22168.93,22206.09,21952.37
741,22061.18,22229.84,22237.1,22022.06
742,22398.1,22233.7,22464.05,22174.61
743,22770.47,22813.25,22817.5,22728.65
744,22747.95,22821.75,22821.75,22707.1
745,22517.55,22645.35,22737.5,22509.18
746,22530.18,22587.5,22707.37,22523.93
747,22726.43,22706.24,22835.03,22677.97
748,22347.23,22598.62,22598.62,22307.22
749,21663.16,22092.57,22092.57,21648.39
750,21926.88,21794.37,21935.68,21718.81
751,21940.2,21936.87,21945.02,21747.45
752,21875.38,21872.56,21974.57,21774.95
753,21804.75,21727.93,22026.6,21727.93
754,21902.4,21805.0,21909.54,21611.16
755,22003.69,22072.89,22088.24,21871.96
756,21987.29,22058.63,22090.55,21857.03
757,22444.8,22231.6,22449.11,22231.6
758,22293.29,22287.37,22330.2,22217.4
759,22572.08,22285.04,22581.56,22262.46
760,22541.69,22489.7,22635.38,22469.18
761,22570.74,22246.7,22572.3,22231.07
762,22440.25,22544.51,22623.01,22323.16
763,22663.37,22739.55,22808.33,22651.0
764,22421.46,22532.77,22623.22,22387.92
765,21992.72,22015.67,22041.87,21882.78
766,21884.74,22019.92,22087.12,21725.67
767,20946.14,20939.4,21017.72,20643.26
768,20490.57,20409.01,20572.51,20044.37
769,19330.7,19209.7,20158.55,18868.11
770,19783.67,19993.78,20105.87,19672.66
771,19595.14,19319.43,19728.88,19269.41
772,19620.01,19955.82,19955.82,19575.0
773,20260.1,20056.78,20264.33,19924.56
774,20212.08,20344.75,20431.86,20140.31
775,20289.03,20318.37,20504.38,20214.72
776,20016.27,20261.21,20342.24,19969.21
777,19399.92,19478.82,19595.92,19314.42
778,19486.87,19465.3,19666.84,19047.64
779,19875.53,19476.47,19893.37,19383.38
780,19466.79,19863.11,19876.67,19452.65
781,19752.48,19744.52,19803.28,19638.87
782,19582.88,19733.71,19919.92,19549.53
783,19865.11,19883.06,19919.34,19749.4
784,20204.17,20203.55,20341.12,20071.52
785,20534.85,20256.34,20556.93,20168.93
786,20585.33,20790.22,20975.3,20572.97
787,20212.91,20557.92,20580.81,20178.67
788,19616.4,19830.5,19830.5,19567.77
789,19710.5,19378.78,19727.89,19290.4
790,20048.0,19836.25,20069.75,19785.29
791,19912.82,20159.29,20159.29,19799.49
792,19866.63,19997.89,20088.8,19808.95
793,19030.54,19264.68,19303.74,18989.44
794,19045.44,19216.29,19248.64,18627.65
795,19181.5,19186.76,19269.41,18935.08
796,19455.31,19545.5,19652.53,19454.74
797,18917.95,19247.59,19247.59,18876.06
798,19014.8,19008.61,19055.16,18732.75
799,18824.17,18891.5,19023.57,18698.9
800,17911.95,18296.8,18296.8,17859.31
801,17668.83,17585.79,17813.57,17373.41
802,17407.8,17634.42,17734.84,16999.54
803,18130.55,17818.97,18136.02,17769.06
804,18011.06,17962.49,18101.27,17843.95
805,17592.41,17946.24,17946.24,17502.08
806,16822.15,17179.2,17179.2,16717.14
807,16250.27,16731.58,16840.91,16170.35
808,17172.28,16975.0,17179.93,16849.45
809,17707.01,17540.72,17800.72,17505.38
810,17711.06,17853.26,17859.35,17437.84
811,18141.59,18441.87,18456.16,18041.7
812,18329.46,17990.56,18411.77,17804.56
813,18757.81,18601.65,18758.74,18453.05
814,18501.79,18639.43,18665.95,18367.85
815,18873.99,18808.66,18908.17,18675.81
816,18076.46,18411.4,18411.4,17963.26
817,18309.22,18400.33,18426.29,18203.99
818,17983.1,18198.12,18198.12,17782.0
819,18025.72,18034.2,18082.43,17926.29
820,18771.82,18444.16,18826.85,18435.41
821,18968.2,18867.51,18981.57,18801.42
822,19066.54,18727.96,19106.74,18705.08
823,19688.7,19067.59,19693.19,19046.47
824,20019.24,20152.22,20272.38,19972.24
825,19864.87,20027.72,20155.62,19699.33
826,19369.96,19461.08,19698.99,19322.6
827,19733.71,19091.85,19745.48,19024.07
828,19242.5,19418.82,19541.12,19142.34
829,19842.79,19922.77,19981.52,19773.31
830,19677.89,19894.22,19977.09,19649.57
831,19678.47,19848.5,19914.92,19659.94
832,20014.43,20067.38,20173.14,19967.17
833,18963.89,19091.4,19199.08,18945.58
834,19137.17,19143.58,19206.34,19028.31
835,19508.18,19600.37,19640.68,19496.16
836,19348.44,19305.28,19420.06,19240.35
837,18960.9,19483.1,19483.1,18768.67
838,18817.47,18686.17,18958.97,18657.74
839,18491.23,18561.04,18561.04,18398.96
840,18225.85,18213.72,18293.94,18054.23
841,18251.59,18225.48,18355.12,18017.5
842,17864.43,17954.58,17964.4,17838.74
843,17935.1,17657.69,17997.07,17657.69
844,17689.48,17658.78,17827.81,17613.2
845,18037.81,18019.21,18095.2,17954.19
846,18256.2,18225.1,18372.45,18053.92
847,17989.35,18192.29,18192.29,17860.8
848,19002.26,19033.96,19050.56,18868.32
849,19040.39,18977.2,19151.65,18878.31
850,19179.69,19117.89,19188.86,18972.9
851,18942.23,19011.81,19038.48,18818.68
852,19240.58,19114.02,19242.8,19009.43
853,19107.81,19112.33,19137.56,18956.41
854,18586.23,18721.16,18840.93,18511.42
855,18575.66,18853.32,18919.42,18508.12
856,18447.17,18327.45,18465.39,18297.66
857,18354.43,18301.05,18476.15,18280.67
858,18026.84,18122.73,18133.94,17895.15
859,18285.39,18025.6,18390.41,18025.6
860,18070.21,18053.64,18092.35,17821.52
861,18080.2,18044.75,18270.7,18010.26
862,18416.45,18462.64,18473.19,18288.65
863,18378.23,18356.87,18388.01,18238.38
864,18629.17,18589.68,18636.75,18539.59
865,18518.67,18621.5,18621.5,18461.97
866,18397.92,18329.61,18409.12,18293.81
867,18434.39,18489.04,18506.27,18415.85
868,18877.41,18770.64,18886.12,18724.17
869,18727.31,18970.6,18970.6,18687.94
870,18813.41,18753.38,18821.09,18723.28
871,18593.06,18784.86,18784.86,18506.58
872,18865.72,18588.36,18884.26,18302.84
873,19004.28,18948.12,19086.53,18858.57
874,19151.94,19071.9,19175.85,18983.14
875,19095.38,19112.76,19261.29,19050.95
876,19204.42,19232.21,19232.21,19073.18
877,19012.2,19070.74,19070.74,18985.75
878,19627.75,19198.09,19640.28,19173.29
879,19686.92,19651.59,19726.84,19577.07
880,19942.95,19842.46,19956.54,19776.32
881,20110.37,20161.72,20161.72,19927.88
882,20439.14,20453.47,20453.47,20301.59
883,20501.67,20443.46,20590.8,20384.05
884,20160.41,20518.0,20518.0,20144.95
885,20390.49,20326.49,20465.89,20219.27
886,20333.37,20394.67,20534.22,20269.51
887,20739.45,20638.96,20761.7,20564.97
888,20756.98,20680.71,20796.74,20639.49
889,20709.94,21015.55,21015.55,20633.13
890,20699.19,20808.05,20881.85,20649.27
891,21018.46,20827.89,21023.33,20755.73
892,21010.01,20922.29,21053.06,20787.84
893,20783.86,20986.25,21002.33,20703.79
894,20887.4,20718.8,20969.8,20673.96
895,20917.83,20845.24,20947.95,20813.53
896,21365.23,20993.58,21403.28,20933.39
897,21277.28,21266.51,21317.72,21157.55
898,21491.62,21503.59,21546.73,21381.69
899,21424.79,21760.34,21760.34,21393.48
900,21478.72,21434.31,21480.34,21221.39
901,21549.28,21339.02,21569.74,21302.19
902,21380.99,21356.53,21428.5,21325.56
903,21406.86,21438.97,21468.93,21292.4
904,21217.86,21381.66,21589.02,21076.52
905,21568.73,21303.39,21583.07,21273.99
906,21680.08,21643.85,21716.76,21525.91
907,21387.96,21578.19,21641.14,21338.29
908,21562.26,21618.15,21623.24,21531.93
909,21265.31,21518.03,21578.76,21230.61
910,20806.25,21173.74,21173.74,20789.36
911,20627.78,20521.96,20732.87,20521.96
912,20900.73,20722.95,20909.71,20681.09
913,21086.0,20930.93,21209.79,20917.68
914,21134.18,21073.59,21170.55,20924.36
915,21339.7,21279.41,21427.12,21261.32
916,21307.89,21564.21,21638.32,21263.02
917,21353.53,21323.06,21368.48,21162.17
918,21317.85,21350.25,21438.62,21253.39
919,21115.29,21454.01,21454.01,21075.38
920,20888.24,21183.04,21183.04,20786.69
921,20856.63,20948.13,20993.48,20756.03
922,20901.56,20886.12,20978.49,20801.79
923,20668.8,20740.56,20742.7,20596.89
924,20668.86,20672.37,20776.36,20580.72
925,21046.91,20921.8,21063.38,20896.19
926,20885.42,20959.98,20989.58,20798.09
927,20609.39,20720.34,20720.34,20527.26
928,20555.58,20380.06,20566.09,20374.03
929,20522.26,20662.97,20662.97,20417.69
930,20790.98,20704.15,20816.09,20588.2
931,20593.0,20479.27,20670.2,20404.15
932,20356.24,20387.43,20472.96,20297.39
933,20140.67,20092.96,20188.56,20035.68
934,20327.32,20179.72,20360.48,20138.02
935,20701.04,20640.5,20719.04,20574.35
936,20610.64,20516.09,20625.45,20514.09
937,20562.31,20678.04,20678.04,20392.57
938,20780.73,20800.21,20862.32,20715.94
939,20995.01,20767.46,20995.01,20767.46
940,21010.64,20933.27,21076.43,20881.62
941,20624.39,20970.96,20970.96,20624.39
942,20677.16,20606.17,20771.79,20534.13
943,20646.29,20751.54,20751.82,20584.98
944,20809.71,20753.18,20826.91,20674.94
945,20741.45,20916.08,20929.96,20648.77
946,21094.21,20889.77,21105.57,20889.77
947,21309.08,21245.48,21385.3,21237.17
948,21249.53,21209.44,21256.81,21153.63
949,21086.0,21107.19,21170.64,21061.14
950,20536.65,20658.41,20674.45,20477.86
951,20484.75,20647.38,20647.38,20399.38
952,20330.64,20361.55,20371.66,20257.61
953,20227.28,20313.97,20375.04,20091.68
954,19964.63,20083.27,20083.27,19901.41
955,19735.04,20037.52,20044.69,19715.51
956,19894.31,19702.54,19923.19,19639.85
957,19259.83,19655.34,19655.34,19181.19
958,19200.93,19369.43,19452.3,19139.73
959,18951.85,18787.0,18985.43,18622.31
960,18922.32,18902.0,18953.68,18796.69
961,19039.15,19061.42,19182.66,19002.64
962,18786.19,18842.32,18845.84,18661.48
963,18666.4,18755.09,18835.81,18654.76
964,18713.41,18734.38,18778.44,18577.09
965,18800.99,18672.32,18858.32,18672.32
966,19055.46,18735.5,19058.47,18735.5
967,18690.22,18897.12,18897.12,18604.45
968,18629.52,18470.77,18657.9,18378.14
969,18558.34,18498.91,18726.44,18487.66
970,18185.59,18249.61,18249.61,18056.4
971,18259.03,18373.22,18412.02,18223.13
972,18520.53,18349.68,18521.57,18320.61
973,18678.29,18825.5,18845.57,18624.43
974,18502.34,18797.94,18797.94,18461.18
975,18953.63,18978.88,18978.88,18847.67
976,18872.56,18719.89,18925.79,18708.26
977,19026.52,18948.45,19029.55,18812.94
978,18808.4,18901.71,18937.54,18795.65
979,19233.94,18924.09,19254.56,18919.17
980,19427.81,19578.13,19578.13,19395.93
981,19416.67,19451.2,19472.05,19320.18
982,19518.85,19551.89,19578.82,19469.13
983,19265.07,19480.71,19495.54,19258.11
984,18995.13,18992.9,19089.45,18976.05
985,18897.45,19019.03,19066.75,18861.56
986,18981.84,18850.47,18998.47,18850.47
987,19176.95,18990.17,19213.92,18942.0
988,19025.27,19305.74,19305.74,19009.26
989,19441.46,18996.57,19510.77,18991.1
990,19735.53,19765.41,19765.41,19622.37
991,19709.75,19833.84,19835.13,19677.45
992,19809.13,19757.42,19869.11,19588.63
993,19800.64,19752.83,19839.12,19690.64
994,19428.09,19634.84,19737.92,19421.75
995,19396.36,19504.42,19515.89,19347.23
996,19419.87,19264.58,19441.12,19233.76
997,19025.11,19356.79,19356.79,18998.3
998,19092.63,19069.36,19160.49,19032.59
999,19121.34,19107.05,19265.34,19061.67
1000,19455.33,19156.96,19479.28,19156.96
1001,19239.88,19452.24,19452.24,19134.57
1002,19559.05,19393.45,19600.32,19393.45
1003,19640.8,19613.78,19656.11,19511.9
1004,19053.47,19259.36,19259.36,18986.2
1005,18903.2,19078.14,19124.96,18854.32
1006,18877.33,18762.2,18925.66,18710.59
1007,18892.79,18870.33,18961.58,18793.15
1008,19274.96,19165.03,19330.69,19162.53
1009,19585.4,19505.03,19593.62,19478.7
1010,19796.81,19661.41,19840.16,19618.57
1011,19820.38,19646.96,19898.92,19646.96
1012,19690.2,19784.15,19786.71,19651.76
1013,19666.18,19553.79,19673.7,19454.33
1014,19998.72,20052.5,20091.3,19978.65
1015,20072.55,20033.87,20117.12,19983.76
1016,20065.52,20188.88,20188.88,19966.12
1017,20269.47,20149.2,20300.03,20149.2
1018,20136.12,20204.71,20222.13,20045.3
1019,20081.36,20188.48,20188.48,20037.81
1020,20291.68,20251.42,20299.72,20094.02
1021,20052.29,20125.29,20135.0,20016.03
1022,19962.95,20151.69,20151.69,19919.56
1023,20116.07,20057.31,20147.39,20047.64
1024,20104.27,20080.32,20109.56,19911.49
1025,20100.09,20111.97,20141.16,19979.58
1026,19887.78,19996.73,19996.73,19853.42
1027,20132.24,19935.13,20133.41,19935.13
1028,19880.03,19930.45,19930.45,19840.19
1029,19798.67,19939.54,19939.54,19769.43
1030,19811.8,19723.3,19856.32,19723.3
1031,19788.51,19857.61,19863.47,19770.54
1032,19552.91,19657.2,19657.2,19509.31
1033,19482.57,19516.95,19554.26,19450.77
1034,19559.21,19414.62,19608.55,19386.04
1035,19429.91,19540.93,19572.31,19414.51
1036,19145.07,19330.16,19330.16,19116.84
1037,19209.3,19101.93,19216.08,19076.79
1038,19802.16,19537.93,19829.02,19484.24
1039,19827.17,19876.41,19930.37,19764.69
1040,19857.88,19757.37,19907.3,19658.71
1041,20075.39,19996.14,20118.19,19996.14
1042,20047.63,20061.97,20146.77,20009.5
1043,20629.78,20479.38,20648.1,20475.74
1044,20658.11,20758.49,20758.49,20591.44
1045,20601.93,20622.12,20712.69,20568.12
1046,20841.91,20609.52,20895.61,20609.52
1047,20590.92,20816.77,20816.77,20578.56
1048,20734.94,20697.27,20808.04,20677.14
1049,20694.7,20611.1,20780.14,20503.24
1050,20698.68,20694.33,20758.36,20648.59
1051,20527.73,20485.99,20576.84,20485.08
1052,20762.29,20487.36,20850.49,20487.36
1053,20840.38,20757.97,20889.9,20725.52
1054,20888.28,20951.38,21005.68,20799.82
1055,20907.95,20914.32,20947.3,20835.06
1056,21012.38,21007.6,21021.24,20924.73
1057,20824.56,20979.53,20981.63,20807.93
1058,20937.28,20926.83,21093.1,20926.83
1059,20919.6,20785.06,20941.89,20767.36
1060,20999.05,20813.05,21013.45,20813.05
1061,21136.43,21051.09,21236.57,21051.09
1062,21148.25,21137.61,21184.43,21076.95
1063,21207.07,21257.09,21257.09,21120.17
1064,21416.64,21421.87,21442.73,21352.88
1065,21518.71,21490.86,21606.32,21476.3
1066,21551.76,21565.75,21591.62,21522.91
1067,21697.55,21440.01,21699.07,21431.24
1068,21763.78,21561.59,21802.49,21533.24
1069,21810.23,21792.67,21839.64,21710.84
1070,21545.57,21847.7,21847.7,21527.54
1071,21511.05,21478.12,21561.97,21397.09
1072,21428.58,21549.17,21575.03,21338.65
1073,21641.82,21539.49,21648.64,21496.92
1074,21821.87,21573.93,21832.56,21506.05
1075,22111.33,22066.29,22149.7,22019.65
1076,22006.4,22044.21,22141.13,21990.68
1077,21944.43,21959.99,22008.86,21832.28
1078,22099.85,22020.4,22099.85,21811.19
1079,21566.91,21785.83,21871.85,21555.75
1080,21384.38,21433.6,21525.49,21330.34
1081,21430.3,21367.57,21462.45,21339.19
1082,21188.65,21372.87,21399.61,21181.92
1083,21441.99,21250.97,21446.36,21221.31
1084,21108.93,21188.94,21288.48,21098.41
1085,21159.01,21203.82,21205.31,21105.21
1086,21262.06,21209.95,21303.1,21136.32
1087,21228.28,21478.0,21478.0,21213.12
1088,21524.36,21367.55,21530.44,21229.14
1089,21743.2,21595.59,21774.4,21517.91
1090,21913.98,21729.72,21924.06,21723.35
1091,21861.81,21986.36,21986.36,21827.27
1092,21844.03,21969.71,22002.86,21820.15
1093,21708.98,21764.91,21764.91,21629.58
1094,21922.89,21821.05,21996.4,21786.03
1095,22030.39,21949.4,22091.61,21918.55
1096,21767.85,22070.44,22162.47,21716.77
1097,21799.97,21786.07,21853.15,21687.88
1098,22270.91,21819.01,22274.04,21804.93
1099,22249.81,22355.89,22355.89,22215.08
1100,22191.17,22294.73,22371.4,22188.07
1101,22276.72,22377.56,22377.56,22235.76
1102,22323.94,22295.99,22393.2,22244.02
1103,22503.35,22412.9,22508.01,22412.9
1104,22445.58,22500.99,22563.14,22380.78
1105,22605.98,22396.72,22636.43,22396.72
1106,22513.61,22590.76,22625.41,22453.59
1107,22494.73,22525.46,22588.48,22449.74
1108,22623.37,22654.65,22683.72,22562.02
1109,22659.78,22602.99,22661.74,22483.95
1110,22506.29,22565.09,22565.09,22423.16
1111,22541.18,22494.71,22577.56,22494.71
1112,22619.78,22705.46,22718.83,22608.6
1113,22666.59,22706.33,22706.33,22628.46
1114,22656.92,22584.44,22698.33,22566.89
1115,23311.98,22860.25,23317.39,22860.25
1116,23398.6,23390.54,23400.74,23234.43
1117,23331.09,23370.36,23370.36,23172.28
1118,23329.75,23345.2,23402.45,23254.23
1119,23111.19,23264.03,23264.03,23088.4
1120,23218.47,23154.71,23235.39,23141.67
1121,23354.31,23240.07,23477.89,23165.64
1122,23264.07,23478.81,23486.6,23212.9
1123,23413.26,23326.82,23441.94,23292.07
1124,23381.51,23388.47,23515.86,23306.17
1125,23356.99,23390.19,23390.19,23203.24
1126,23339.76,23471.67,23504.73,23222.96
1127,23601.78,23509.49,23606.5,23450.77
1128,23590.91,23565.96,23639.63,23535.47
1129,23658.99,23596.38,23685.55,23498.96
1130,23635.1,23700.45,23710.87,23540.42
1131,23598.9,23585.1,23688.79,23547.79
1132,23580.43,23653.54,23666.39,23481.37
1133,23671.88,23621.95,23736.02,23621.95
1134,23655.17,23659.11,23707.11,23602.85
1135,23822.06,23767.33,23916.16,23765.57
1136,23729.53,23799.17,23799.17,23667.94
1137,23721.84,23763.34,23763.34,23571.3
1138,23685.01,23866.8,23944.74,23637.18
1139,23148.53,23406.99,23406.99,23104.27
1140,23256.93,23292.43,23355.37,23204.05
1141,23177.0,23259.82,23298.13,23134.78
1142,23215.16,23101.09,23267.2,23101.09
1143,23413.25,23460.31,23469.26,23300.6
1144,23444.56,23315.41,23446.77,23284.05
1145,23381.94,23477.49,23477.49,23309.55
1146,23143.91,23368.22,23454.19,23139.08
1147,23307.41,23310.93,23310.93,23163.86
1148,22906.67,23026.18,23026.18,22828.17
1149,22782.44,22840.32,22850.25,22674.59
1150,22820.08,22852.89,22876.03,22777.63
1151,22519.69,22639.97,22769.07,22510.76
1152,22577.01,22656.4,22656.4,22445.34
1153,23020.27,22826.42,23031.69,22734.84
1154,22880.22,22957.09,23015.68,22868.69
1155,22537.81,22866.51,22866.51,22466.08
1156,22560.5,22621.6,22661.49,22523.69
1157,22777.84,22750.58,22808.81,22664.94
1158,22771.44,22729.29,22843.73,22656.37
1159,23091.95,22839.27,23220.52,22839.27
1160,23090.82,23131.44,23246.29,23064.93
1161,22890.6,23133.0,23262.02,22879.18
1162,22556.65,22901.12,22901.12,22487.33
1163,22619.18,22484.25,22655.88,22305.54
1164,22533.11,22705.92,22799.67,22494.04
1165,22083.36,22185.32,22185.32,21997.72
1166,22041.86,22138.1,22218.85,22030.66
1167,22256.44,21990.04,22302.5,21975.9
1168,22225.88,22285.81,22403.79,22179.5
1169,22115.3,22186.24,22232.07,22033.18
1170,22251.15,22327.53,22351.08,22201.06
1171,22311.08,22208.06,22346.27,22088.56
1172,22464.82,22385.47,22529.37,22366.02
1173,22299.63,22390.35,22390.35,22132.33
1174,22367.82,22203.93,22449.46,22203.93
1175,22337.49,22527.12,22527.12,22283.16
1176,21726.9,22230.93,22230.93,21703.28
1177,21718.05,21733.78,21772.23,21612.05
1178,21870.34,21800.24,21979.08,21800.24
1179,22034.56,21963.37,22038.89,21858.81
1180,22101.27,22198.49,22251.62,22058.3
1181,22089.05,22185.36,22185.36,22049.58
1182,21772.67,21998.74,21998.74,21735.31
1183,21672.03,21571.58,21813.55,21475.33
1184,21569.67,21794.69,21798.57,21550.72
1185,21512.52,21440.33,21618.07,21423.25
1186,22013.57,21517.94,22016.97,21496.29
1187,22044.37,22038.13,22131.65,21956.53
1188,21806.61,22085.7,22085.7,21747.47
1189,22183.05,22067.04,22195.93,21962.9
1190,22401.24,22298.64,22486.45,22214.65
1191,22547.71,22559.97,22690.33,22528.95
1192,22580.77,22567.63,22647.59,22488.65
1193,22737.01,22769.59,22862.69,22669.54
1194,22668.3,22692.33,22706.07,22552.31
1195,22689.96,22811.84,22886.17,22678.67
1196,22915.09,22967.78,22980.56,22864.91
1197,23047.09,22924.29,23058.74,22855.58
1198,23244.35,23215.95,23270.0,23156.26
1199,23211.48,23353.68,23353.68,23126.81
1200,23321.22,23213.59,23330.6,23144.12
1201,22989.81,23245.58,23245.58,22958.87
1202,22930.28,23124.24,23145.91,22878.64
1203,23044.24,23074.26,23163.56,23002.32
1204,23082.68,23110.19,23163.0,22955.9
1205,23493.03,23348.74,23512.42,23348.74
1206,23366.37,23425.69,23446.0,23337.75
1207,23261.08,23341.06,23423.51,23179.46
1208,22669.68,23066.71,23123.43,22605.69
1209,22618.67,22679.36,22781.54,22470.53
1210,22686.05,22571.63,22729.87,22544.89
1211,22924.25,22710.2,22942.15,22639.54
1212,22554.93,22826.85,22861.6,22532.57
1213,22484.31,22562.51,22630.64,22290.72
1214,22392.16,22582.55,22582.55,22346.18
1215,22282.19,22301.68,22564.18,22249.65
1216,22285.52,22320.5,22330.05,22178.64
1217,22069.24,22141.67,22174.69,21933.92
1218,21838.43,21908.45,21949.81,21799.25
1219,21575.26,21768.24,21820.43,21506.33
1220,21615.09,21592.9,21723.86,21497.55
1221,21354.66,21542.3,21632.01,21307.99
1222,20887.04,21069.26,21069.26,20652.75
1223,20969.14,21083.41,21164.68,20954.66
1224,21225.9,21007.28,21272.75,21007.28
1225,21225.88,21102.6,21240.01,20995.39
1226,20986.89,21188.4,21232.51,20896.22
1227,20382.87,20668.8,20703.76,20374.14
1228,20263.31,19969.98,20383.54,19969.98
1229,19813.98,20023.44,20101.26,19756.61
1230,19855.72,19775.98,19992.3,19426.36
1231,20338.55,20090.76,20354.18,19913.98
1232,20440.08,20456.47,20713.34,20375.4
1233,20803.29,20596.63,20818.35,20490.89
1234,20658.65,21004.56,21004.56,20633.16
1235,20147.31,20568.56,20590.32,20119.56
1236,20468.67,20334.94,20532.14,20318.02
1237,20854.67,20740.7,20866.36,20729.03
1238,20582.19,20598.21,20694.51,20244.07
1239,20683.01,20610.56,20767.58,20571.55
1240,20904.56,20841.73,21044.47,20633.02
1241,21437.49,21177.63,21503.71,21177.63
1242,21277.28,21522.15,21522.15,21242.47
1243,21303.31,21278.62,21391.76,21205.6
1244,21312.38,21333.07,21394.13,21209.18
1245,21371.87,21368.77,21460.96,21253.59
1246,21345.22,21426.9,21445.15,21288.58
1247,21362.42,21451.6,21451.6,21214.24
1248,21416.5,21498.96,21498.96,21283.83
1249,21915.42,21517.2,21964.03,21517.2
1250,21968.93,21912.9,21984.26,21799.31
1251,21900.96,21872.14,21947.83,21841.45
1252,21968.95,21892.34,22034.38,21834.24
1253,21850.15,21896.12,21953.35,21749.69
1254,21953.96,21870.14,22033.21,21839.76
1255,21883.66,21888.8,22070.14,21853.44
1256,22088.79,22025.75,22152.06,21983.15
1257,22190.97,22264.77,22291.41,22136.78
1258,22222.01,22273.82,22273.82,22193.67
1259,21923.7,22000.94,22012.51,21807.96
1260,21588.84,21756.47,21901.46,21571.15
1261,21655.88,21697.87,21785.69,21629.5
1262,21807.56,21760.05,21811.24,21674.97
1263,22271.28,21796.46,22283.05,21735.06
1264,22541.13,22368.47,22563.81,22310.54
1265,22539.25,22568.05,22695.99,22472.88
1266,22517.81,22450.83,22663.75,22311.55
1267,22463.7,22432.87,22551.27,22387.71
1268,21970.29,22396.29,22481.74,21907.21
1269,21817.73,21964.69,21970.25,21618.6
1270,21895.4,21538.19,21944.47,21538.19
1271,21863.51,22006.41,22103.9,21769.04
1272,22005.32,21943.4,22116.0,21898.15
1273,21874.77,21907.43,21987.51,21770.75
1274,21524.65,21584.56,21655.24,21465.72
1275,21704.78,21612.95,21717.84,21554.25
1276,21731.37,21618.34,21753.4,21549.96
1277,22175.34,21948.72,22240.04,21948.72
1278,22394.58,22323.0,22456.8,22290.83
1279,22326.22,22171.93,22438.4,22142.99
1280,22597.97,22538.96,22682.94,22486.63
1281,22621.22,22615.98,22699.59,22578.33
1282,22750.65,22770.25,22853.02,22680.63
1283,22976.65,22932.6,22988.81,22842.88
1284,22937.14,23095.86,23120.46,22848.53
1285,22953.72,22952.85,23048.22,22908.99
1286,22915.28,22920.76,22956.77,22790.78
1287,23252.41,23210.36,23268.15,23173.84
1288,23180.52,23246.91,23246.91,23127.87
1289,23117.45,23213.79,23214.68,23080.59
1290,23502.51,23549.89,23554.34,23469.03
1291,23371.54,23414.98,23466.67,23291.23
1292,23179.04,23324.38,23324.38,23102.25
1293,23209.63,23192.71,23281.61,23154.84
1294,23125.03,23192.7,23224.36,23043.89
1295,23207.04,23199.09,23340.18,23118.84
1296,22859.86,22946.74,22986.95,22845.44
1297,22984.48,22997.21,23138.86,22933.31
1298,23214.4,23167.2,23241.5,23126.99
1299,23138.54,23051.55,23152.68,22983.47
1300,22973.95,23152.92,23152.92,22896.65
1301,23178.85,22988.22,23228.69,22927.12
1302,23033.97,23002.08,23065.67,22965.91
1303,22951.3,23077.47,23084.1,22743.47
1304,23218.32,23318.46,23336.59,23204.26
1305,23336.52,23399.79,23411.21,23279.33
1306,23228.33,23350.94,23350.94,23128.69
1307,23094.88,23351.48,23357.16,23073.88
1308,23340.1,23261.65,23364.47,23213.04
1309,23438.15,23494.37,23534.67,23356.79
1310,23315.99,23309.01,23387.54,23263.53
1311,22999.95,23455.4,23505.79,22970.52
1312,22835.82,22975.55,22975.55,22762.19
1313,22698.34,22758.37,22839.15,22640.18
1314,22806.58,22753.75,22849.3,22753.75
1315,22846.54,22842.33,22979.35,22760.9
1316,23304.02,22966.95,23316.12,22935.6
1317,23206.37,23134.39,23250.66,23108.27
1318,23249.79,23208.8,23336.98,23149.53
1319,23189.62,23322.07,23345.93,23165.06
1320,23038.95,23313.61,23313.61,22949.42
1321,23036.94,23042.11,23119.04,22954.7
1322,22881.03,23023.73,23023.73,22819.65
1323,22744.39,22713.0,22813.76,22686.57
1324,23069.85,22781.99,23124.3,22688.41
1325,22901.41,23051.76,23084.88,22857.26
1326,22463.83,22665.91,22665.91,22463.4
1327,22649.15,22673.32,22691.67,22529.33
1328,23032.15,22749.6,23050.35,22749.6
1329,23660.06,23397.73,23706.68,23390.66
1330,23657.81,23834.52,23856.9,23620.28
1331,23700.86,23774.31,23843.8,23690.81
1332,23580.29,23661.42,23661.42,23508.79
1333,23696.28,23752.28,23764.41,23641.2
1334,23684.45,23829.97,23829.97,23673.53
1335,23681.28,23675.37,23751.86,23659.98
1336,23806.35,23653.95,23856.92,23649.8
1337,23789.09,23934.94,24014.81,23734.54
1338,23881.29,23862.38,23912.29,23809.71
1339,24038.55,23936.15,24111.55,23844.24
1340,23910.47,23887.77,23975.76,23833.25
1341,23728.7,23719.6,23846.84,23603.02
1342,23712.57,23634.09,23728.9,23563.21
1343,23743.1,23620.31,23812.89,23614.2
1344,23811.17,23970.0,23970.0,23775.01
1345,23744.19,23799.45,23810.94,23707.76
1346,23338.24,23686.8,23693.51,23295.14
1347,23218.12,23265.13,23327.44,23160.9
1348,23245.96,23080.19,23331.53,23017.34
1349,23114.66,23138.28,23204.63,22999.76
1350,23069.23,23281.38,23281.38,23040.6
1351,23143.82,23076.54,23240.71,22993.54
1352,22888.75,23404.45,23404.45,22753.3
1353,22812.18,22904.18,22936.92,22713.7
1354,22921.56,22946.55,23005.92,22862.89
1355,23179.55,23045.64,23194.63,23026.1
1356,23243.24,23138.91,23283.31,23130.86
1357,23244.87,23353.54,23369.37,23178.28
1358,23306.39,23328.44,23361.34,23271.8
1359,23340.05,23452.76,23469.33,23173.93
1360,22817.28,23097.98,23097.98,22782.42
1361,22684.15,22732.83,22757.45,22567.77
1362,22712.78,22689.25,22802.85,22644.58
1363,22996.59,22834.81,23031.19,22778.83
1364,22787.33,22925.23,23044.97,22709.03
1365,22846.25,22735.93,22932.21,22726.84
1366,22888.76,23046.41,23067.33,22762.24
1367,22791.28,22637.55,22883.0,22637.55
1368,22902.0,22985.78,23010.07,22826.98
1369,22986.41,23085.14,23085.14,22936.74
1370,23133.35,22898.48,23263.42,22849.1
1371,22928.95,23048.13,23089.24,22884.62
1372,23033.12,23040.84,23139.65,22986.47
1373,23082.25,22954.77,23119.61,22913.66
1374,22733.9,23082.01,23093.85,22722.58
1375,22450.06,22522.44,22659.72,22435.72
1376,21976.1,22019.1,22044.23,21880.73
1377,21960.64,22012.51,22022.14,21892.2
1378,22141.61,22111.63,22222.7,22109.93
1379,22035.42,21827.33,22052.16,21746.23
1380,21397.77,21561.7,21609.59,21388.61
1381,21269.38,21564.88,21564.88,21197.78
1382,21423.13,21320.91,21440.4,21277.01
1383,21636.85,21498.09,21703.69,21480.09
1384,21579.26,21646.75,21687.84,21524.81
1385,21962.98,21623.79,22025.58,21623.79
1386,22285.79,22057.7,22308.25,22010.56
1387,22165.53,22297.7,22297.7,22098.2
1388,22298.41,22382.72,22412.74,22243.77
1389,22535.94,22463.4,22585.68,22463.4
1390,22587.72,22535.2,22592.36,22437.38
1391,22664.52,22600.6,22708.4,22534.19
1392,22394.08,22595.91,22742.72,22297.85
1393,22568.24,22617.63,22633.29,22442.39
1394,22388.56,22576.35,22576.35,22260.13
1395,22317.2,22498.42,22518.84,22259.76
1396,22437.44,22297.62,22502.96,22258.89
1397,22828.18,22465.96,22866.23,22432.48
1398,22836.96,22942.96,22986.7,22709.52
1399,22500.67,22630.77,22749.13,22487.23
1400,22657.63,22542.17,22783.98,22534.1
1401,22579.78,22839.43,22839.43,22529.83
1402,22702.97,22588.77,22764.38,22588.76
1403,22660.49,22728.53,22820.41,22604.02
1404,22264.93,22339.42,22388.46,22206.8
1405,22269.61,22234.61,22351.99,22198.07
1406,21901.95,22019.03,22019.03,21873.2
1407,21756.08,21920.94,22041.33,21743.34
1408,21539.49,21612.07,21630.7,21462.49
1409,21473.95,21494.37,21535.7,21423.03
1410,21583.5,21549.22,21606.98,21469.21
1411,21568.69,21585.12,21614.53,21485.51
1412,21182.16,21352.49,21475.48,21137.61
1413,21436.7,21239.09,21470.31,21171.91
1414,21846.45,21657.55,21866.97,21590.07
1415,21732.32,21773.64,21858.11,21704.73
1416,21887.75,21889.76,22006.64,21865.33
1417,21834.45,21897.07,21926.83,21715.63
1418,22065.53,21930.4,22143.24,21930.4
1419,22151.06,22244.16,22244.16,22043.51
1420,22448.54,22292.32,22458.94,22250.66
1421,22523.94,22598.4,22598.4,22436.28
1422,22565.08,22666.06,22722.24,22531.24
1423,22510.08,22476.25,22595.71,22452.64
1424,22377.15,22416.47,22485.24,22326.41
1425,22596.97,22390.14,22625.21,22329.99
1426,22843.17,22725.43,22933.33,22721.19
1427,23186.96,22949.79,23224.54,22734.39
1428,23003.64,23150.8,23194.15,22946.21
1429,23038.8,22911.82,23090.94,22911.82
1430,22671.26,23054.35,23054.35,22658.27
1431,22696.01,22686.21,22866.56,22627.51
1432,22760.24,22858.79,22858.79,22657.95
1433,22730.68,22718.69,22808.3,22644.43
1434,22509.64,22855.26,22855.26,22495.59
1435,22562.8,22527.38,22575.5,22461.1
1436,22223.53,22524.56,22548.52,22213.74
1437,22132.53,22122.38,22202.27,22096.95
1438,22453.89,22172.08,22474.19,22099.2
1439,22133.97,22466.04,22466.04,22097.36
1440,22260.67,22194.66,22312.71,22150.35
1441,21976.33,22195.8,22284.56,21873.87
1442,21746.26,21904.52,21923.15,21680.33
1443,21837.12,21804.65,21929.43,21738.15
1444,21862.99,21819.94,21925.39,21705.12
1445,22261.61,21921.59,22399.64,21796.9
1446,22352.38,22436.24,22436.24,22286.46
1447,22582.77,22484.49,22664.37,22365.23
1448,22730.86,22726.59,22792.63,22610.01
1449,22712.91,22645.52,22718.07,22555.59
1450,22704.5,22751.24,22751.24,22555.97
1451,22834.68,22758.02,22914.17,22758.02
1452,22836.52,22715.58,22883.5,22649.66
1453,22953.76,22942.27,23053.28,22884.52
1454,22965.86,23010.45,23010.45,22922.35
1455,22963.18,23055.47,23086.98,22898.78
1456,22944.3,22953.12,22984.46,22886.46
1457,23080.03,23023.82,23204.94,22949.86
1458,23010.14,23103.31,23209.26,22968.1
1459,23081.65,23074.79,23178.6,22993.71
1460,23291.04,23327.51,23327.51,23134.34
1461,23151.71,23284.17,23284.17,23110.85
1462,23109.66,23142.66,23178.08,23052.43
1463,22951.0,23231.32,23231.32,22950.67
1464,23117.47,23086.94,23159.6,23053.38
1465,23315.74,23206.2,23360.25,23061.25
1466,23257.29,23281.14,23281.14,23168.14
1467,23175.02,23127.82,23237.76,23065.5
1468,23319.17,23099.87,23397.77,23099.87
1469,23300.67,23299.04,23340.42,23232.56
1470,23203.59,23237.63,23242.69,23127.02
1471,23181.72,23128.22,23299.36,23128.22
1472,23167.73,23264.92,23300.31,23122.75
1473,23194.06,23199.18,23285.52,23157.86
1474,22804.81,23165.26,23393.81,22802.1
1475,22880.64,22915.92,22946.1,22832.91
1476,22866.7,22935.06,22938.7,22829.29
1477,23197.83,22947.84,23203.48,22926.04
1478,23221.52,23188.48,23272.1,23111.03
1479,23190.72,23273.19,23346.23,22960.08
1480,23549.62,23326.53,23576.35,23293.82
1481,23531.44,23553.6,23591.47,23482.9
1482,23546.36,23609.32,23626.14,23508.27
1483,23540.92,23581.4,23592.38,23435.24
1484,23541.38,23555.31,23555.66,23455.13
1485,23176.07,23408.05,23408.05,23126.68
1486,23238.99,23281.45,23281.45,23182.06
1487,23233.45,23155.69,23307.54,23146.99
1488,23346.67,23310.16,23459.48,23273.41
1489,23459.96,23482.84,23496.57,23398.25
1490,23523.28,23490.43,23562.32,23430.14
1491,23520.87,23583.35,23583.35,23421.99
1492,23454.79,23316.46,23460.13,23240.61
1493,23387.14,23484.53,23498.35,23372.63
1494,23782.11,23465.81,23803.17,23423.34
1495,23971.87,23841.22,23975.74,23834.39
1496,24141.5,24080.61,24150.0,24005.25
1497,24216.01,24247.2,24247.2,24088.99
1498,24428.63,24249.27,24501.13,24248.36
1499,24640.53,24526.63,24666.96,24437.1
1500,24732.21,24704.58,24912.22,24660.35
1501,24756.85,24805.75,24893.74,24661.57
1502,24532.43,24594.23,24731.52,24485.73
1503,24600.08,24590.11,24690.6,24558.37
1504,24648.26,24679.11,24679.11,24494.09
1505,24584.13,24558.82,24589.71,24397.41
1506,24387.56,24498.83,24502.3,24364.58
1507,24331.41,24307.1,24493.01,24190.93
1508,24646.02,24533.34,24671.33,24491.02
1509,24689.41,24668.57,24691.66,24552.42
1510,24890.34,24726.24,24907.11,24611.22
1511,24801.36,24894.18,24964.42,24721.87
1512,24954.94,24969.72,25010.31,24872.71
1513,24955.46,24943.6,24978.94,24765.03
1514,25122.95,25045.55,25201.21,24909.26
1515,25159.76,25156.95,25190.03,25056.71
1516,24994.1,25142.34,25142.34,24896.2
1517,25112.23,25113.73,25132.93,25025.94
1518,25166.91,25049.96,25243.16,24946.85
1519,25074.5,25147.75,25188.31,25068.98
1520,24918.75,25134.49,25160.68,24883.46
1521,24741.0,25055.81,25055.81,24679.1
1522,24742.06,24748.19,24814.27,24630.8
1523,24752.09,24703.74,24891.27,24696.18
1524,24749.02,24699.76,24816.89,24576.23
1525,25317.95,24786.04,25325.16,24751.72
1526,25297.92,25268.44,25362.98,25193.37
