date,open,high,low,close,volume,open_denoise,high_denoise,low_denoise,close_denoise
2015-01-02,62.62,62.96,62.07,62.49,12599991,60.555000000000035,61.983750000000036,60.723750000000024,61.058750000000025
2015-01-05,62.06,62.28,60.23,60.55,20100577,60.555000000000035,61.983750000000036,60.723750000000024,61.058750000000025
2015-01-06,60.64,60.75,58.35,58.98,29074111,60.555000000000035,59.683750000000046,58.07875000000001,58.56375000000003
2015-01-07,59.89,59.89,58.66,59.07,23843244,60.555000000000035,59.683750000000046,58.07875000000001,58.56375000000003
2015-01-08,59.97,60.9,59.97,60.39,16971056,60.555000000000035,60.83375000000004,59.40125000000002,59.81125000000002
2015-01-09,60.72,60.79,59.29,59.34,15396195,60.555000000000035,60.83375000000004,59.40125000000002,59.81125000000002
2015-01-12,59.28,59.4,58.27,58.83,15455234,60.555000000000035,60.83375000000004,59.40125000000002,59.81125000000002
2015-01-13,59.26,59.7,58.37,58.84,21644739,60.555000000000035,60.83375000000004,59.40125000000002,59.81125000000002
2015-01-14,56.91,57.0,55.27,56.81,49602310,56.16250000000004,56.87625000000004,55.48000000000005,56.29625000000002
2015-01-15,55.73,56.61,54.5,54.99,42458146,56.16250000000004,56.87625000000004,55.48000000000005,56.29625000000002
2015-01-16,54.66,56.0,54.64,55.93,29368910,56.16250000000004,56.87625000000004,55.48000000000005,56.29625000000002
2015-01-20,56.04,56.39,55.42,55.71,23477689,56.16250000000004,56.87625000000004,55.48000000000005,56.29625000000002
2015-01-21,55.45,56.42,55.19,55.89,21842362,56.16250000000004,56.87625000000004,55.48000000000005,56.29625000000002
2015-01-22,56.38,57.73,55.96,57.59,31423538,56.16250000000004,56.87625000000004,55.48000000000005,56.29625000000002
2015-01-23,57.72,57.87,56.66,56.68,15458254,56.16250000000004,56.87625000000004,55.48000000000005,56.29625000000002
2015-01-26,56.41,56.99,56.2,56.77,12577658,56.16250000000004,56.87625000000004,55.48000000000005,56.29625000000002
2015-01-27,56.05,56.61,55.76,56.2,15220526,55.81875000000003,56.40250000000005,55.30500000000003,55.79250000000003
2015-01-28,56.62,56.68,54.75,54.75,24354354,55.81875000000003,56.40250000000005,55.30500000000003,55.79250000000003
2015-01-29,55.27,55.89,54.68,55.67,20393264,55.81875000000003,56.40250000000005,55.30500000000003,55.79250000000003
2015-01-30,54.99,55.5,54.37,54.38,26943713,55.81875000000003,56.40250000000005,55.30500000000003,55.79250000000003
2015-02-02,54.53,55.65,54.27,55.47,20308885,55.81875000000003,56.40250000000005,55.30500000000003,55.79250000000003
2015-02-03,55.91,56.78,55.87,56.72,18812501,55.81875000000003,56.40250000000005,55.30500000000003,55.79250000000003
2015-02-04,56.32,57.07,56.28,56.38,14934076,55.81875000000003,56.40250000000005,55.30500000000003,55.79250000000003
2015-02-05,56.86,57.04,56.46,56.77,11293901,55.81875000000003,56.40250000000005,55.30500000000003,55.79250000000003
2015-02-06,57.75,58.73,57.54,57.89,25214001,58.64875000000003,59.26250000000004,58.37375000000004,58.906250000000036
2015-02-09,57.42,58.1,57.23,57.82,14372365,58.64875000000003,59.26250000000004,58.37375000000004,58.906250000000036
2015-02-10,58.42,58.71,58.05,58.46,16367266,58.64875000000003,59.26250000000004,58.37375000000004,58.906250000000036
2015-02-11,58.06,58.66,57.84,58.37,13061925,58.64875000000003,59.26250000000004,58.37375000000004,58.906250000000036
2015-02-12,58.93,59.71,58.55,59.57,23211327,58.64875000000003,59.26250000000004,58.37375000000004,58.906250000000036
2015-02-13,59.46,60.22,59.34,59.67,16479114,58.64875000000003,59.26250000000004,58.37375000000004,58.906250000000036
2015-02-17,59.36,60.14,59.32,60.1,15308763,58.64875000000003,59.26250000000004,58.37375000000004,58.906250000000036
2015-02-18,59.79,59.83,59.12,59.37,14278117,58.64875000000003,59.26250000000004,58.37375000000004,58.906250000000036
2015-02-19,59.15,59.48,58.8,59.23,11256543,60.753125000000026,60.48312500000005,59.43062500000003,60.93937500000004
2015-02-20,58.96,59.89,58.35,59.8,15379042,60.753125000000026,60.48312500000005,59.43062500000003,60.93937500000004
2015-02-23,59.5,59.53,58.8,59.35,16813999,60.753125000000026,60.48312500000005,59.43062500000003,60.93937500000004
2015-02-24,60.25,61.25,60.08,60.82,22937701,60.753125000000026,60.48312500000005,59.43062500000003,60.93937500000004
2015-02-25,60.76,61.27,60.75,61.14,18307912,60.753125000000026,62.12562500000004,61.37812500000003,60.93937500000004
2015-02-26,61.03,61.7,60.91,61.58,15444802,60.753125000000026,62.12562500000004,61.37812500000003,60.93937500000004
2015-02-27,61.13,61.92,61.13,61.28,15225935,60.753125000000026,62.12562500000004,61.37812500000003,60.93937500000004
2015-03-02,61.24,61.83,61.03,61.77,13047328,60.753125000000026,62.12562500000004,61.37812500000003,60.93937500000004
2015-03-03,61.65,61.99,61.5,61.97,13707655,60.753125000000026,61.30437500000004,60.40437500000003,60.93937500000004
2015-03-04,61.64,62.17,61.35,62.13,16626413,60.753125000000026,61.30437500000004,60.40437500000003,60.93937500000004
2015-03-05,62.2,62.23,61.6,62.0,10931262,60.753125000000026,61.30437500000004,60.40437500000003,60.93937500000004
2015-03-06,62.16,62.87,60.8,60.89,22719177,60.753125000000026,61.30437500000004,60.40437500000003,60.93937500000004
2015-03-09,60.84,61.63,60.8,61.5,13001473,60.753125000000026,61.30437500000004,60.40437500000003,60.93937500000004
2015-03-10,60.76,61.01,59.96,59.96,16357724,60.753125000000026,61.30437500000004,60.40437500000003,60.93937500000004
2015-03-11,60.13,60.65,59.96,60.24,13015567,60.753125000000026,61.30437500000004,60.40437500000003,60.93937500000004
2015-03-12,60.65,61.45,60.65,61.37,18159558,60.753125000000026,61.30437500000004,60.40437500000003,60.93937500000004
2015-03-13,61.4,61.86,60.43,61.0,16506155,60.79500000000004,61.82000000000003,60.314375000000034,60.74625000000003
2015-03-16,61.5,61.92,61.25,61.85,15182859,60.79500000000004,61.82000000000003,60.314375000000034,60.74625000000003
2015-03-17,61.34,61.66,60.92,61.61,11718327,60.79500000000004,61.82000000000003,60.314375000000034,60.74625000000003
2015-03-18,61.39,62.05,61.08,61.75,15697854,60.79500000000004,61.82000000000003,60.314375000000034,60.74625000000003
2015-03-19,61.57,61.65,60.76,61.2,11523785,60.79500000000004,61.82000000000003,60.314375000000034,60.74625000000003
2015-03-20,61.32,62.1,61.15,61.75,18368347,60.79500000000004,61.82000000000003,60.314375000000034,60.74625000000003
2015-03-23,61.75,62.08,61.12,61.14,15112872,60.79500000000004,61.82000000000003,60.314375000000034,60.74625000000003
2015-03-24,60.97,61.24,60.45,60.46,12128693,60.79500000000004,61.82000000000003,60.314375000000034,60.74625000000003
2015-03-25,60.53,60.64,59.59,59.61,14950859,60.79500000000004,60.57875000000005,60.314375000000034,60.74625000000003
2015-03-26,59.46,59.79,58.87,59.54,14039559,60.79500000000004,60.57875000000005,60.314375000000034,60.74625000000003
2015-03-27,59.49,59.78,59.0,59.55,11755819,60.79500000000004,60.57875000000005,60.314375000000034,60.74625000000003
2015-03-30,60.88,61.46,60.61,60.96,20656523,60.79500000000004,60.57875000000005,60.314375000000034,60.74625000000003
2015-03-31,60.72,60.94,60.42,60.58,17346667,60.79500000000004,60.57875000000005,60.314375000000034,60.74625000000003
2015-04-01,60.41,60.57,59.73,59.95,18100587,60.79500000000004,60.57875000000005,60.314375000000034,60.74625000000003
2015-04-02,60.07,60.7,60.0,60.52,12697771,60.79500000000004,60.57875000000005,60.314375000000034,60.74625000000003
2015-04-06,59.92,60.75,59.65,60.47,12025243,60.79500000000004,60.57875000000005,60.314375000000034,60.74625000000003
2015-04-07,61.15,61.5,60.85,60.85,11505503,62.478125000000034,61.89250000000004,62.09625000000004,61.49437500000005
2015-04-08,61.06,61.56,60.94,61.05,11733950,62.478125000000034,61.89250000000004,62.09625000000004,61.49437500000005
2015-04-09,61.27,61.58,60.83,61.47,11728495,62.478125000000034,61.89250000000004,62.09625000000004,61.49437500000005
2015-04-10,61.35,61.78,61.2,61.7,9869670,62.478125000000034,61.89250000000004,62.09625000000004,61.49437500000005
2015-04-13,61.64,62.27,61.5,62.07,15468702,62.478125000000034,63.94500000000003,62.09625000000004,63.50937500000004
2015-04-14,62.96,63.61,62.74,63.04,33775406,62.478125000000034,63.94500000000003,62.09625000000004,63.50937500000004
2015-04-15,63.08,64.48,63.01,64.21,28732225,62.478125000000034,63.94500000000003,62.09625000000004,63.50937500000004
2015-04-16,64.08,64.27,63.66,63.81,16640454,62.478125000000034,63.94500000000003,62.09625000000004,63.50937500000004
2015-04-17,63.25,63.4,62.49,62.84,20221236,62.478125000000034,62.91875000000003,62.09625000000004,62.50187500000004
2015-04-20,63.22,63.52,63.14,63.24,12755309,62.478125000000034,62.91875000000003,62.09625000000004,62.50187500000004
2015-04-21,63.33,63.6,62.13,62.31,14985119,62.478125000000034,62.91875000000003,62.09625000000004,62.50187500000004
2015-04-22,62.65,63.15,62.03,62.94,14484658,62.478125000000034,62.91875000000003,62.09625000000004,62.50187500000004
2015-04-23,62.79,63.21,62.6,62.8,12851257,62.478125000000034,62.91875000000003,62.09625000000004,62.50187500000004
2015-04-24,62.63,62.84,62.34,62.6,9597525,62.478125000000034,62.91875000000003,62.09625000000004,62.50187500000004
2015-04-27,62.7,63.15,62.31,62.34,11146409,62.478125000000034,62.91875000000003,62.09625000000004,62.50187500000004
2015-04-28,62.49,62.78,61.77,62.76,12307828,62.478125000000034,62.91875000000003,62.09625000000004,62.50187500000004
2015-04-29,62.56,63.89,62.46,63.6,17601215,63.900000000000034,64.64375000000003,63.48875000000006,64.18750000000001
2015-04-30,63.58,63.88,62.92,63.26,16840865,63.900000000000034,64.64375000000003,63.48875000000006,64.18750000000001
2015-05-01,63.7,63.87,63.33,63.61,11640805,63.900000000000034,64.64375000000003,63.48875000000006,64.18750000000001
2015-05-04,63.68,64.87,63.64,64.72,14972462,63.900000000000034,64.64375000000003,63.48875000000006,64.18750000000001
2015-05-05,64.51,65.32,64.29,64.4,17692369,63.900000000000034,64.64375000000003,63.48875000000006,64.18750000000001
2015-05-06,64.53,65.07,63.42,63.92,18087852,63.900000000000034,64.64375000000003,63.48875000000006,64.18750000000001
2015-05-07,63.67,64.6,63.25,64.5,15039936,63.900000000000034,64.64375000000003,63.48875000000006,64.18750000000001
2015-05-08,64.97,65.65,64.6,65.49,16802611,63.900000000000034,64.64375000000003,63.48875000000006,64.18750000000001
2015-05-11,65.26,65.64,65.08,65.45,13799675,65.93375000000005,66.23875000000005,65.60250000000005,66.02125000000004
2015-05-12,65.31,65.54,64.76,65.36,12762234,65.93375000000005,66.23875000000005,65.60250000000005,66.02125000000004
2015-05-13,65.42,65.63,65.06,65.52,11874274,65.93375000000005,66.23875000000005,65.60250000000005,66.02125000000004
2015-05-14,65.83,66.18,65.71,66.05,11855518,65.93375000000005,66.23875000000005,65.60250000000005,66.02125000000004
2015-05-15,66.13,66.16,65.44,65.88,11152125,65.93375000000005,66.23875000000005,65.60250000000005,66.02125000000004
2015-05-18,65.8,66.54,65.8,66.42,10510893,65.93375000000005,66.23875000000005,65.60250000000005,66.02125000000004
2015-05-19,66.77,67.19,66.57,67.01,14282994,65.93375000000005,66.23875000000005,65.60250000000005,66.02125000000004
2015-05-20,66.95,67.03,66.4,66.48,12446012,65.93375000000005,66.23875000000005,65.60250000000005,66.02125000000004
2015-05-21,66.14,66.68,66.01,66.65,12934474,66.75375000000003,66.51500000000004,66.38562500000005,66.17500000000004
2015-05-22,66.63,66.83,66.32,66.47,9296939,66.75375000000003,66.51500000000004,66.38562500000005,66.17500000000004
2015-05-26,66.2,66.29,65.31,65.73,15571327,66.75375000000003,66.51500000000004,66.38562500000005,66.17500000000004
2015-05-27,65.95,66.65,65.82,66.47,10963652,66.75375000000003,66.51500000000004,66.38562500000005,66.17500000000004
2015-05-28,66.36,66.4,65.74,66.2,11797444,66.75375000000003,66.51500000000004,66.38562500000005,66.17500000000004
2015-05-29,66.18,66.22,65.36,65.78,14310723,66.75375000000003,66.51500000000004,66.38562500000005,66.17500000000004
2015-06-01,65.99,66.66,65.97,66.08,11899261,66.75375000000003,66.51500000000004,66.38562500000005,66.17500000000004
2015-06-02,65.83,66.39,65.58,66.02,12784152,66.75375000000003,66.51500000000004,66.38562500000005,66.17500000000004
2015-06-03,66.43,67.13,66.27,66.7,12927263,66.75375000000003,67.82000000000002,66.38562500000005,67.44375000000004
2015-06-04,66.31,67.05,66.01,66.33,13863283,66.75375000000003,67.82000000000002,66.38562500000005,67.44375000000004
2015-06-05,67.37,67.84,67.01,67.42,20801141,66.75375000000003,67.82000000000002,66.38562500000005,67.44375000000004
2015-06-08,67.46,67.55,66.81,66.89,14558660,66.75375000000003,67.82000000000002,66.38562500000005,67.44375000000004
2015-06-09,66.95,67.27,66.47,67.18,13263493,66.75375000000003,67.82000000000002,66.38562500000005,67.44375000000004
2015-06-10,67.59,68.5,67.47,68.26,17478898,66.75375000000003,67.82000000000002,66.38562500000005,67.44375000000004
2015-06-11,68.36,68.68,68.15,68.52,13739872,66.75375000000003,67.82000000000002,66.38562500000005,67.44375000000004
2015-06-12,68.31,68.54,67.87,68.25,11804741,66.75375000000003,67.82000000000002,66.38562500000005,67.44375000000004
2015-06-15,67.58,68.21,67.3,67.99,14082323,68.26062500000006,68.63250000000005,67.759375,68.21062500000005
2015-06-16,67.77,68.52,67.62,68.37,11692849,68.26062500000006,68.63250000000005,67.759375,68.21062500000005
2015-06-17,68.41,68.68,68.04,68.14,14521889,68.26062500000006,68.63250000000005,67.759375,68.21062500000005
2015-06-18,68.35,68.82,67.9,68.78,16759603,68.26062500000006,68.63250000000005,67.759375,68.21062500000005
2015-06-19,68.46,68.67,67.92,68.08,21606383,68.26062500000006,68.63250000000005,67.759375,68.21062500000005
2015-06-22,68.87,69.29,68.75,68.96,14306669,68.26062500000006,68.63250000000005,67.759375,68.21062500000005
2015-06-23,69.35,69.82,69.19,69.75,15736884,68.26062500000006,68.63250000000005,67.759375,68.21062500000005
2015-06-24,69.51,69.77,68.91,69.02,16995033,68.26062500000006,68.63250000000005,67.759375,68.21062500000005
2015-06-25,69.32,69.48,68.64,68.65,13314291,68.26062500000006,68.63250000000005,67.759375,68.21062500000005
2015-06-26,68.94,69.29,68.76,68.95,14489159,68.26062500000006,68.63250000000005,67.759375,68.21062500000005
2015-06-29,67.68,68.26,67.16,67.2,19934417,68.26062500000006,68.63250000000005,67.759375,68.21062500000005
2015-06-30,67.89,68.11,67.16,67.76,20677358,68.26062500000006,68.63250000000005,67.759375,68.21062500000005
2015-07-01,68.12,68.39,67.78,68.07,13964423,68.26062500000006,68.63250000000005,67.759375,68.21062500000005
2015-07-02,67.95,68.13,67.18,67.52,12822941,68.26062500000006,68.63250000000005,67.759375,68.21062500000005
2015-07-06,66.88,67.46,66.54,67.33,13527098,68.26062500000006,68.63250000000005,67.759375,68.21062500000005
2015-07-07,67.09,67.22,65.3,66.8,22421483,68.26062500000006,68.63250000000005,67.759375,68.21062500000005
2015-07-08,66.0,66.16,65.2,65.43,17707242,67.45000000000005,67.10000000000005,66.93875000000006,67.18937500000004
2015-07-09,66.49,66.7,65.99,66.11,14984705,67.45000000000005,67.10000000000005,66.93875000000006,67.18937500000004
2015-07-10,67.22,67.4,66.82,67.05,12356059,67.45000000000005,67.10000000000005,66.93875000000006,67.18937500000004
2015-07-13,67.89,68.14,67.68,68.09,16175638,67.45000000000005,67.10000000000005,66.93875000000006,67.18937500000004
2015-07-14,67.98,69.1,67.76,69.04,20185118,69.59750000000005,69.49250000000005,69.25125000000006,69.76937500000001
2015-07-15,69.23,69.43,68.85,69.19,16891606,69.59750000000005,69.49250000000005,69.25125000000006,69.76937500000001
2015-07-16,69.63,69.95,69.41,69.56,18035652,69.59750000000005,69.49250000000005,69.25125000000006,69.76937500000001
2015-07-17,69.35,69.49,68.92,69.21,14040686,69.59750000000005,69.49250000000005,69.25125000000006,69.76937500000001
2015-07-20,69.5,69.77,69.18,69.26,11512894,68.52375000000004,69.46125000000005,68.09500000000004,68.47937500000002
2015-07-21,69.16,69.54,68.87,69.1,11659915,68.52375000000004,69.46125000000005,68.09500000000004,68.47937500000002
2015-07-22,69.28,70.29,69.2,70.08,15493019,68.52375000000004,69.46125000000005,68.09500000000004,68.47937500000002
2015-07-23,70.19,70.61,69.46,69.64,14331837,68.52375000000004,69.46125000000005,68.09500000000004,68.47937500000002
2015-07-24,69.44,69.56,68.68,68.91,12413896,68.52375000000004,69.46125000000005,68.09500000000004,68.47937500000002
2015-07-27,68.15,68.22,67.57,68.01,16801563,68.52375000000004,69.46125000000005,68.09500000000004,68.47937500000002
2015-07-28,68.55,68.6,67.77,68.05,14932360,68.52375000000004,69.46125000000005,68.09500000000004,68.47937500000002
2015-07-29,68.32,69.1,68.16,68.94,13059190,68.52375000000004,69.46125000000005,68.09500000000004,68.47937500000002
2015-07-30,68.93,69.45,68.54,69.04,10197182,68.12500000000006,69.04750000000004,67.65062500000003,68.07562500000006
2015-07-31,69.01,69.04,68.4,68.53,11911818,68.12500000000006,69.04750000000004,67.65062500000003,68.07562500000006
2015-08-03,68.59,68.84,68.0,68.53,9980587,68.12500000000006,69.04750000000004,67.65062500000003,68.07562500000006
2015-08-04,68.47,68.95,68.31,68.46,10963966,68.12500000000006,69.04750000000004,67.65062500000003,68.07562500000006
2015-08-05,69.05,69.42,68.56,68.73,11302860,68.12500000000006,69.04750000000004,67.65062500000003,68.07562500000006
2015-08-06,68.75,68.94,68.0,68.25,10803363,68.12500000000006,69.04750000000004,67.65062500000003,68.07562500000006
2015-08-07,68.33,68.74,67.55,68.05,11453310,68.12500000000006,69.04750000000004,67.65062500000003,68.07562500000006
2015-08-10,68.22,69.0,68.22,68.89,12661440,68.12500000000006,69.04750000000004,67.65062500000003,68.07562500000006
2015-08-11,68.23,68.4,67.85,68.23,14800333,68.12500000000006,67.95125000000003,67.65062500000003,68.07562500000006
2015-08-12,67.41,67.55,66.07,67.24,21150053,68.12500000000006,67.95125000000003,67.65062500000003,68.07562500000006
2015-08-13,67.25,67.8,66.97,67.55,11930623,68.12500000000006,67.95125000000003,67.65062500000003,68.07562500000006
2015-08-14,67.42,67.91,67.4,67.89,11248813,68.12500000000006,67.95125000000003,67.65062500000003,68.07562500000006
2015-08-17,67.62,68.24,67.4,68.07,10326540,68.12500000000006,67.95125000000003,67.65062500000003,68.07562500000006
2015-08-18,67.98,68.36,67.84,68.21,10617481,68.12500000000006,67.95125000000003,67.65062500000003,68.07562500000006
2015-08-19,67.93,68.31,67.36,67.6,15198203,68.12500000000006,67.95125000000003,67.65062500000003,68.07562500000006
2015-08-20,66.81,67.04,65.94,65.94,20858730,68.12500000000006,67.95125000000003,67.65062500000003,68.07562500000006
2015-08-21,65.09,65.44,63.57,63.6,28030954,65.70625000000004,63.46375000000004,64.16500000000002,61.596250000000026
2015-08-24,59.29,62.92,50.07,60.25,36031073,59.906250000000036,63.46375000000004,50.66500000000003,61.596250000000026
2015-08-25,63.1,63.32,59.73,59.91,31605022,62.80625000000004,63.46375000000004,60.730000000000025,61.596250000000026
2015-08-26,61.8,62.98,60.54,62.91,33370812,62.80625000000004,63.46375000000004,60.730000000000025,61.596250000000026
2015-08-27,63.98,64.73,63.14,64.48,28854171,62.80625000000004,63.46375000000004,63.39500000000003,63.46875000000003
2015-08-28,64.29,64.46,63.6,64.13,16581709,62.80625000000004,63.46375000000004,63.39500000000003,63.46875000000003
2015-08-31,63.61,64.35,63.47,64.1,14124089,62.80625000000004,63.46375000000004,63.39500000000003,63.46875000000003
2015-09-01,62.85,62.85,60.99,61.45,23584748,62.80625000000004,63.46375000000004,63.39500000000003,63.46875000000003
2015-09-02,62.62,62.91,61.54,62.57,17640262,62.80625000000004,63.46375000000004,61.23375000000003,62.532500000000034
2015-09-03,62.88,63.66,62.45,62.68,16944771,62.80625000000004,63.46375000000004,61.23375000000003,62.532500000000034
2015-09-04,61.8,61.92,60.75,61.5,20105957,62.80625000000004,63.46375000000004,61.23375000000003,62.532500000000034
2015-09-08,62.77,63.2,62.33,63.16,13290404,62.80625000000004,63.46375000000004,61.23375000000003,62.532500000000034
2015-09-09,63.94,64.34,62.0,62.18,13764967,62.80625000000004,63.46375000000004,61.23375000000003,62.532500000000034
2015-09-10,61.86,63.0,61.45,62.66,15685272,62.80625000000004,63.46375000000004,61.23375000000003,62.532500000000034
2015-09-11,62.38,62.66,61.99,62.56,12722369,62.80625000000004,63.46375000000004,61.23375000000003,62.532500000000034
2015-09-14,62.64,62.68,62.12,62.38,10177079,62.80625000000004,63.46375000000004,61.23375000000003,62.532500000000034
2015-09-15,62.76,63.89,62.51,63.58,13951529,62.616250000000036,63.172500000000014,61.668750000000045,62.45437500000003
2015-09-16,63.89,64.29,63.21,64.14,12226599,62.616250000000036,63.172500000000014,61.668750000000045,62.45437500000003
2015-09-17,64.14,64.64,62.39,62.65,20842253,62.616250000000036,63.172500000000014,61.668750000000045,62.45437500000003
2015-09-18,61.83,61.83,60.78,60.94,30889875,62.616250000000036,63.172500000000014,61.668750000000045,62.45437500000003
2015-09-21,61.52,61.91,61.08,61.45,13122993,60.19375000000003,60.64000000000002,59.766250000000035,60.43187500000003
2015-09-22,60.6,61.08,60.42,60.91,14662839,60.19375000000003,60.64000000000002,59.766250000000035,60.43187500000003
2015-09-23,60.8,61.15,60.32,60.64,11683827,60.19375000000003,60.64000000000002,59.766250000000035,60.43187500000003
2015-09-24,60.01,60.38,59.46,60.22,17002374,60.19375000000003,60.64000000000002,59.766250000000035,60.43187500000003
2015-09-25,61.27,61.86,60.87,61.47,18325631,61.40500000000003,61.906250000000014,60.71750000000004,61.44312500000003
2015-09-28,60.92,61.01,59.69,59.98,16872689,61.40500000000003,61.906250000000014,60.71750000000004,61.44312500000003
2015-09-29,59.98,60.13,58.73,59.84,19261119,61.40500000000003,61.906250000000014,60.71750000000004,61.44312500000003
2015-09-30,60.7,61.0,60.11,60.97,18688537,61.40500000000003,61.906250000000014,60.71750000000004,61.44312500000003
2015-10-01,61.12,61.87,60.54,61.42,16780949,61.40500000000003,61.906250000000014,60.71750000000004,61.44312500000003
2015-10-02,59.59,60.86,58.53,60.81,20386849,61.40500000000003,61.906250000000014,60.71750000000004,61.44312500000003
2015-10-05,61.24,62.24,61.22,62.02,13405854,61.40500000000003,61.906250000000014,60.71750000000004,61.44312500000003
2015-10-06,62.11,62.36,61.62,62.05,12037923,61.40500000000003,61.906250000000014,60.71750000000004,61.44312500000003
2015-10-07,62.55,63.03,61.76,62.13,12784772,61.71000000000003,62.19625000000004,61.15125000000002,61.72125000000003
2015-10-08,61.85,62.25,61.43,62.13,13899433,61.71000000000003,62.19625000000004,61.15125000000002,61.72125000000003
2015-10-09,62.39,62.54,61.58,61.93,12036622,61.71000000000003,62.19625000000004,61.15125000000002,61.72125000000003
2015-10-12,61.84,62.01,61.4,61.72,10824903,61.71000000000003,62.19625000000004,61.15125000000002,61.72125000000003
2015-10-13,61.39,62.16,61.31,61.55,15182083,61.71000000000003,62.19625000000004,61.15125000000002,61.72125000000003
2015-10-14,60.76,60.97,59.54,59.99,28937454,61.71000000000003,62.19625000000004,61.15125000000002,61.72125000000003
2015-10-15,60.47,61.96,60.1,61.89,18095043,61.71000000000003,62.19625000000004,61.15125000000002,61.72125000000003
2015-10-16,62.43,62.65,62.09,62.43,17434885,61.71000000000003,62.19625000000004,61.15125000000002,61.72125000000003
2015-10-19,62.0,62.76,61.91,62.22,14479153,63.045000000000044,63.73625000000003,62.79625000000003,63.36250000000003
2015-10-20,62.36,62.82,62.08,62.52,11545128,63.045000000000044,63.73625000000003,62.79625000000003,63.36250000000003
2015-10-21,62.88,62.96,62.05,62.06,12113422,63.045000000000044,63.73625000000003,62.79625000000003,63.36250000000003
2015-10-22,62.42,63.58,62.42,63.19,15269206,63.045000000000044,63.73625000000003,62.79625000000003,63.36250000000003
2015-10-23,63.63,64.18,63.5,63.87,16944141,63.045000000000044,63.73625000000003,62.79625000000003,63.36250000000003
2015-10-26,63.84,63.99,63.41,63.9,13858411,63.045000000000044,63.73625000000003,62.79625000000003,63.36250000000003
2015-10-27,63.53,63.86,63.31,63.64,8775339,63.045000000000044,63.73625000000003,62.79625000000003,63.36250000000003
2015-10-28,63.7,65.74,63.69,65.5,17924895,63.045000000000044,63.73625000000003,62.79625000000003,63.36250000000003
2015-10-29,65.26,65.83,64.88,65.21,12690848,65.38812500000006,66.01687500000004,64.93625000000003,65.53375000000004
2015-10-30,65.3,65.34,64.13,64.25,15642649,65.38812500000006,66.01687500000004,64.93625000000003,65.53375000000004
2015-11-02,64.45,65.75,64.39,65.54,15225097,65.38812500000006,66.01687500000004,64.93625000000003,65.53375000000004
2015-11-03,65.29,66.1,65.17,65.78,11499353,65.38812500000006,66.01687500000004,64.93625000000003,65.53375000000004
2015-11-04,66.01,66.15,65.63,65.85,11382412,66.21312500000003,66.67187500000004,66.93375000000002,67.37375000000003
2015-11-05,65.79,66.67,65.75,66.44,12561702,66.21312500000003,66.67187500000004,66.93375000000002,67.37375000000003
2015-11-06,68.37,69.03,68.1,68.46,23179728,68.84812500000004,69.13687500000005,66.93375000000002,67.37375000000003
2015-11-09,68.7,68.72,67.08,67.39,17120033,68.84812500000004,69.13687500000005,66.93375000000002,67.37375000000003
2015-11-10,67.19,67.85,66.93,67.68,13093668,66.45937500000005,66.96062500000005,65.93500000000003,66.45375000000004
2015-11-11,68.1,68.17,67.25,67.35,8494787,66.45937500000005,66.96062500000005,65.93500000000003,66.45375000000004
2015-11-12,66.86,66.9,65.95,66.0,13272016,66.45937500000005,66.96062500000005,65.93500000000003,66.45375000000004
2015-11-13,65.84,66.17,65.23,65.56,11682962,66.45937500000005,66.96062500000005,65.93500000000003,66.45375000000004
2015-11-16,65.46,66.58,65.17,66.51,11031402,66.45937500000005,66.96062500000005,65.93500000000003,66.45375000000004
2015-11-17,66.67,66.74,65.89,66.13,12320306,66.45937500000005,66.96062500000005,65.93500000000003,66.45375000000004
2015-11-18,66.48,67.55,66.37,67.45,12727534,66.45937500000005,66.96062500000005,65.93500000000003,66.45375000000004
2015-11-19,67.58,67.82,67.04,67.66,12718778,66.45937500000005,66.96062500000005,65.93500000000003,66.45375000000004
2015-11-20,67.99,68.11,67.38,67.54,11194673,67.23125000000003,67.07812500000004,66.69250000000002,67.02250000000005
2015-11-23,67.31,67.58,66.78,66.88,11335340,67.23125000000003,67.07812500000004,66.69250000000002,67.02250000000005
2015-11-24,66.17,67.14,66.04,66.78,10852532,67.23125000000003,67.07812500000004,66.69250000000002,67.02250000000005
2015-11-25,66.93,67.12,66.55,66.86,7772026,67.23125000000003,67.07812500000004,66.69250000000002,67.02250000000005
2015-11-27,67.0,67.33,66.64,67.17,4052853,67.23125000000003,67.07812500000004,66.69250000000002,67.02250000000005
2015-11-30,67.28,67.52,66.68,66.68,15147536,67.23125000000003,67.07812500000004,66.69250000000002,67.02250000000005
2015-12-01,67.34,67.83,66.99,67.61,12708809,67.23125000000003,67.07812500000004,66.69250000000002,67.02250000000005
2015-12-02,67.83,67.88,66.48,66.66,13440883,67.23125000000003,67.07812500000004,66.69250000000002,67.02250000000005
2015-12-03,66.83,67.03,65.58,65.8,14626881,65.87750000000004,67.92062500000004,65.11750000000002,66.66250000000004
2015-12-04,66.1,68.0,66.03,67.89,17786043,65.87750000000004,67.92062500000004,65.11750000000002,66.66250000000004
2015-12-07,67.66,67.75,66.4,67.0,11686033,65.87750000000004,67.92062500000004,65.11750000000002,66.66250000000004
2015-12-08,66.25,66.96,65.7,65.96,13084484,65.87750000000004,67.92062500000004,65.11750000000002,66.66250000000004
2015-12-09,65.61,66.58,65.04,65.46,16770188,65.87750000000004,66.23562500000003,65.11750000000002,64.85250000000003
2015-12-10,65.54,66.5,65.08,65.61,12838986,65.87750000000004,66.23562500000003,65.11750000000002,64.85250000000003
2015-12-11,64.8,65.16,63.51,64.07,17889293,65.87750000000004,66.23562500000003,65.11750000000002,64.85250000000003
2015-12-14,64.23,64.76,63.6,64.27,17504146,65.87750000000004,66.23562500000003,65.11750000000002,64.85250000000003
2015-12-15,65.07,66.65,65.07,66.1,18126588,66.19125000000004,66.70750000000005,64.81312500000001,66.10750000000004
2015-12-16,66.91,67.74,65.91,67.53,21720024,66.19125000000004,66.70750000000005,64.81312500000001,66.10750000000004
2015-12-17,67.9,68.0,66.08,66.28,18122090,66.19125000000004,66.70750000000005,64.81312500000001,66.10750000000004
2015-12-18,65.97,65.97,64.4,64.4,23819643,66.19125000000004,66.70750000000005,64.81312500000001,66.10750000000004
2015-12-21,65.02,65.56,64.83,65.54,18869297,66.19125000000004,66.70750000000005,64.81312500000001,66.10750000000004
2015-12-22,65.92,66.0,64.98,65.68,12149529,66.19125000000004,66.70750000000005,64.81312500000001,66.10750000000004
2015-12-23,66.12,66.85,66.05,66.73,12524453,66.19125000000004,66.70750000000005,64.81312500000001,66.10750000000004
2015-12-24,66.62,66.89,66.32,66.6,4468242,66.19125000000004,66.70750000000005,64.81312500000001,66.10750000000004
2015-12-28,66.29,66.45,65.71,66.38,6610609,66.59000000000003,66.89500000000002,66.86687500000002,66.51750000000004
2015-12-29,66.84,67.3,66.74,67.07,9820830,66.59000000000003,66.89500000000002,66.86687500000002,66.51750000000004
2015-12-30,67.04,67.05,66.45,66.59,7190650,66.59000000000003,66.89500000000002,66.86687500000002,66.51750000000004
2015-12-31,66.19,66.78,66.0,66.03,14654329,66.59000000000003,66.89500000000002,66.86687500000002,66.51750000000004
2016-01-04,63.95,64.06,63.01,63.62,25271341,62.95750000000004,63.32750000000003,62.759375000000034,62.60750000000005
2016-01-05,63.7,64.13,63.04,63.73,16566703,62.95750000000004,63.32750000000003,62.759375000000034,62.60750000000005
2016-01-06,62.72,63.12,62.34,62.81,22961532,62.95750000000004,63.32750000000003,62.759375000000034,62.60750000000005
2016-01-07,61.46,62.0,60.08,60.27,27630867,62.95750000000004,63.32750000000003,62.759375000000034,62.60750000000005
2016-01-08,61.13,61.27,58.85,58.92,22373287,59.71750000000004,59.45000000000003,56.78062500000003,57.46437500000004
2016-01-11,58.83,59.22,58.04,58.83,20925529,59.71750000000004,59.45000000000003,56.78062500000003,57.46437500000004
2016-01-12,59.45,59.56,58.1,58.96,22971612,59.71750000000004,59.45000000000003,56.78062500000003,57.46437500000004
2016-01-13,59.46,59.68,56.91,57.34,28563254,59.71750000000004,59.45000000000003,56.78062500000003,57.46437500000004
2016-01-14,58.16,59.38,57.29,58.2,31234155,56.992500000000035,57.29250000000004,56.78062500000003,57.46437500000004
2016-01-15,56.45,57.57,56.22,57.04,37595606,56.992500000000035,57.29250000000004,56.78062500000003,57.46437500000004
2016-01-19,57.73,57.97,56.51,57.01,22776517,56.992500000000035,57.29250000000004,56.78062500000003,57.46437500000004
2016-01-20,55.63,56.18,54.66,55.51,34611020,56.992500000000035,57.29250000000004,56.78062500000003,57.46437500000004
2016-01-21,55.74,56.52,55.06,55.25,31244542,57.01250000000004,57.40250000000003,56.78062500000003,56.49687500000003
2016-01-22,56.44,57.16,56.3,56.95,22453115,57.01250000000004,57.40250000000003,56.78062500000003,56.49687500000003
2016-01-25,56.48,56.85,55.6,55.66,20892401,57.01250000000004,57.40250000000003,56.78062500000003,56.49687500000003
2016-01-26,55.85,57.15,55.81,57.08,17519535,57.01250000000004,57.40250000000003,56.78062500000003,56.49687500000003
2016-01-27,57.08,58.27,56.56,57.04,20499582,57.01250000000004,59.34000000000004,56.78062500000003,58.431875000000026
2016-01-28,57.52,57.97,56.63,57.28,15487278,57.01250000000004,59.34000000000004,56.78062500000003,58.431875000000026
2016-01-29,57.83,59.54,57.51,59.5,26727855,57.01250000000004,59.34000000000004,56.78062500000003,58.431875000000026
2016-02-01,59.16,59.65,58.44,58.86,16761416,57.01250000000004,59.34000000000004,56.78062500000003,58.431875000000026
2016-02-02,57.88,57.98,56.75,57.03,22269412,58.18125000000004,58.81375000000003,57.14625000000004,58.21937500000002
2016-02-03,57.37,57.8,55.02,57.41,31521731,58.18125000000004,58.81375000000003,57.14625000000004,58.21937500000002
2016-02-04,57.06,58.52,57.06,58.4,21570101,58.18125000000004,58.81375000000003,57.14625000000004,58.21937500000002
2016-02-05,58.58,59.14,57.42,57.75,21897326,58.18125000000004,58.81375000000003,57.14625000000004,58.21937500000002
2016-02-08,56.69,56.92,55.54,56.54,28229438,56.07125000000004,56.68625000000003,55.24375000000002,55.90437500000002
2016-02-09,55.29,56.69,55.13,56.2,26251534,56.07125000000004,56.68625000000003,55.24375000000002,55.90437500000002
2016-02-10,56.57,57.41,55.47,55.52,22360482,56.07125000000004,58.43625000000003,55.24375000000002,55.90437500000002
2016-02-11,53.9,53.91,52.5,53.07,43976046,56.07125000000004,54.93625000000003,55.24375000000002,55.90437500000002
2016-02-12,55.65,57.57,55.17,57.49,36905293,57.12625000000004,57.75000000000003,56.19500000000002,57.061875000000015
2016-02-16,58.23,58.6,57.64,58.35,23537318,57.12625000000004,57.75000000000003,56.19500000000002,57.061875000000015
2016-02-17,58.85,59.25,58.39,58.77,21185566,57.12625000000004,57.75000000000003,56.19500000000002,57.061875000000015
2016-02-18,58.84,58.86,57.25,57.81,16937282,57.12625000000004,57.75000000000003,56.19500000000002,57.061875000000015
2016-02-19,57.5,58.17,57.08,57.82,15595530,57.12625000000004,57.75000000000003,57.50000000000003,57.061875000000015
2016-02-22,58.51,58.88,58.42,58.57,14867122,57.12625000000004,57.75000000000003,57.50000000000003,57.061875000000015
2016-02-23,57.9,58.09,55.96,56.12,31533968,57.12625000000004,57.75000000000003,54.89000000000002,57.061875000000015
2016-02-24,55.2,56.21,54.32,56.14,25526826,57.12625000000004,57.75000000000003,54.89000000000002,57.061875000000015
2016-02-25,56.13,57.03,56.04,57.01,14453901,57.38625000000005,58.18625000000003,56.801250000000046,57.64250000000003
2016-02-26,57.64,58.11,57.14,57.54,20867827,57.38625000000005,58.18625000000003,56.801250000000046,57.64250000000003
2016-02-29,57.41,57.6,56.29,56.3,19504736,57.38625000000005,58.18625000000003,56.801250000000046,57.64250000000003
2016-03-01,56.76,59.2,56.67,59.2,23505176,57.38625000000005,58.18625000000003,56.801250000000046,57.64250000000003
2016-03-02,59.2,59.9,58.96,59.76,20922700,60.00625000000004,60.316250000000025,59.493750000000034,60.05750000000004
2016-03-03,59.58,59.96,59.1,59.96,15768403,60.00625000000004,60.316250000000025,59.493750000000034,60.05750000000004
2016-03-04,60.1,60.55,59.53,60.05,18420483,60.00625000000004,60.316250000000025,59.493750000000034,60.05750000000004
2016-03-07,59.54,60.05,59.32,59.94,12820229,60.00625000000004,60.316250000000025,59.493750000000034,60.05750000000004
2016-03-08,59.21,59.5,58.68,58.78,14050324,58.696250000000035,59.25125000000003,58.147500000000036,58.85000000000003
2016-03-09,59.15,59.54,58.68,59.12,13222794,58.696250000000035,59.25125000000003,58.147500000000036,58.85000000000003
2016-03-10,59.59,59.67,57.81,58.61,21108547,58.696250000000035,59.25125000000003,58.147500000000036,58.85000000000003
2016-03-11,59.39,59.51,58.65,59.34,21005331,58.696250000000035,59.25125000000003,58.147500000000036,58.85000000000003
2016-03-14,59.15,59.31,58.6,59.12,13412516,58.696250000000035,59.25125000000003,58.147500000000036,58.85000000000003
2016-03-15,58.54,59.21,58.43,59.2,10910468,58.696250000000035,59.25125000000003,58.147500000000036,58.85000000000003
2016-03-16,58.98,59.75,58.47,58.92,17039145,58.696250000000035,59.25125000000003,58.147500000000036,58.85000000000003
2016-03-17,58.77,59.13,57.99,58.75,19190218,58.696250000000035,59.25125000000003,58.147500000000036,58.85000000000003
2016-03-18,60.05,60.97,59.66,60.48,29494852,59.173750000000034,60.21250000000003,58.781875000000035,59.842500000000044
2016-03-21,60.22,60.82,59.96,60.46,12659604,59.173750000000034,60.21250000000003,58.781875000000035,59.842500000000044
2016-03-22,59.99,60.58,59.62,60.24,12012152,59.173750000000034,60.21250000000003,58.781875000000035,59.842500000000044
2016-03-23,60.34,60.51,59.86,59.94,11580873,59.173750000000034,60.21250000000003,58.781875000000035,59.842500000000044
2016-03-24,59.3,59.51,58.87,59.48,12887007,59.173750000000034,60.21250000000003,58.781875000000035,59.842500000000044
2016-03-28,59.53,59.75,59.18,59.4,11158977,59.173750000000034,60.21250000000003,58.781875000000035,59.842500000000044
2016-03-29,59.33,59.33,58.53,59.03,15855168,59.173750000000034,60.21250000000003,58.781875000000035,59.842500000000044
2016-03-30,59.46,60.23,59.38,59.71,13269003,59.173750000000034,60.21250000000003,58.781875000000035,59.842500000000044
2016-03-31,59.45,59.93,59.11,59.22,14780568,59.173750000000034,59.14375000000004,58.781875000000035,58.59000000000003
2016-04-01,59.02,60.06,58.56,59.87,15405515,59.173750000000034,59.14375000000004,58.781875000000035,58.59000000000003
2016-04-04,59.44,59.56,58.96,59.2,12277467,59.173750000000034,59.14375000000004,58.781875000000035,58.59000000000003
2016-04-05,58.59,58.83,58.21,58.36,12870771,59.173750000000034,59.14375000000004,58.781875000000035,58.59000000000003
2016-04-06,58.18,58.88,57.95,58.81,12156589,59.173750000000034,59.14375000000004,58.781875000000035,58.59000000000003
2016-04-07,58.26,58.43,57.06,57.32,19087683,59.173750000000034,59.14375000000004,58.781875000000035,58.59000000000003
2016-04-08,57.71,58.58,57.69,57.74,13535569,59.173750000000034,59.14375000000004,58.781875000000035,58.59000000000003
2016-04-11,57.91,58.88,57.91,58.2,17580857,59.173750000000034,59.14375000000004,58.781875000000035,58.59000000000003
2016-04-12,58.34,59.39,58.2,59.28,17651526,59.41000000000004,60.77500000000005,60.40750000000004,61.99500000000003
2016-04-13,60.48,62.16,60.38,61.79,37244076,59.41000000000004,60.77500000000005,60.40750000000004,61.99500000000003
2016-04-14,61.69,62.9,61.6,62.59,24234623,62.28500000000004,62.90000000000005,60.40750000000004,61.99500000000003
2016-04-15,62.88,62.9,61.45,61.87,19257257,62.28500000000004,62.90000000000005,60.40750000000004,61.99500000000003
2016-04-18,61.64,62.58,61.53,62.27,13805437,62.98250000000003,63.75750000000004,62.64000000000004,63.970000000000034
2016-04-19,62.55,63.48,62.55,63.32,18993076,62.98250000000003,63.75750000000004,62.64000000000004,63.970000000000034
2016-04-20,63.48,64.31,63.14,64.24,14579548,62.98250000000003,63.75750000000004,62.64000000000004,63.970000000000034
2016-04-21,64.26,64.66,63.34,63.6,15314757,62.98250000000003,63.75750000000004,62.64000000000004,63.970000000000034
2016-04-22,63.64,64.38,63.64,63.97,11970762,63.52875000000004,63.99750000000004,63.087500000000034,62.98250000000003
2016-04-25,63.6,63.95,63.14,63.6,10681635,63.52875000000004,63.99750000000004,63.087500000000034,62.98250000000003
2016-04-26,63.81,64.07,63.33,63.93,12030279,63.52875000000004,63.99750000000004,63.087500000000034,62.98250000000003
2016-04-27,63.86,64.64,63.6,64.11,14850477,63.52875000000004,63.99750000000004,63.087500000000034,62.98250000000003
2016-04-28,63.64,64.42,63.35,63.6,12841555,63.52875000000004,63.99750000000004,63.087500000000034,62.98250000000003
2016-04-29,63.09,63.61,62.7,63.2,16297433,63.52875000000004,63.99750000000004,63.087500000000034,62.98250000000003
2016-05-02,63.69,64.0,63.14,63.79,10228650,63.52875000000004,63.99750000000004,63.087500000000034,62.98250000000003
2016-05-03,62.9,62.91,61.8,62.56,18993276,63.52875000000004,63.99750000000004,63.087500000000034,62.98250000000003
2016-05-04,61.75,62.26,61.27,61.57,16955039,61.613750000000024,62.20625000000004,61.19000000000003,61.55500000000004
2016-05-05,61.6,62.0,61.06,61.24,14029562,61.613750000000024,62.20625000000004,61.19000000000003,61.55500000000004
2016-05-06,60.7,61.68,60.59,61.6,11047364,61.613750000000024,62.20625000000004,61.19000000000003,61.55500000000004
2016-05-09,61.37,61.89,61.05,61.21,11192527,61.613750000000024,62.20625000000004,61.19000000000003,61.55500000000004
2016-05-10,61.55,62.26,61.35,62.04,11884732,61.613750000000024,62.20625000000004,61.19000000000003,61.55500000000004
2016-05-11,61.97,62.6,61.81,61.81,11201777,61.613750000000024,62.20625000000004,61.19000000000003,61.55500000000004
2016-05-12,62.27,62.56,61.37,61.77,10996165,61.613750000000024,62.20625000000004,61.19000000000003,61.55500000000004
2016-05-13,61.7,62.4,61.02,61.2,14397207,61.613750000000024,62.20625000000004,61.19000000000003,61.55500000000004
2016-05-16,61.21,61.98,61.0,61.66,10943684,61.96750000000004,62.07000000000004,61.68500000000001,63.47250000000003
2016-05-17,61.43,62.16,61.15,61.66,12164730,61.96750000000004,62.07000000000004,61.68500000000001,63.47250000000003
2016-05-18,61.7,64.17,61.69,64.04,24008793,61.96750000000004,64.19500000000004,61.68500000000001,63.47250000000003
2016-05-19,63.53,64.22,62.9,63.39,15882976,61.96750000000004,64.19500000000004,61.68500000000001,63.47250000000003
2016-05-20,63.86,64.19,63.37,63.51,11755544,64.04750000000003,64.75750000000005,63.81500000000002,63.47250000000003
2016-05-23,63.45,63.87,63.16,63.46,9328181,64.04750000000003,64.75750000000005,63.81500000000002,63.47250000000003
2016-05-24,63.94,64.77,63.81,64.54,13816086,64.04750000000003,64.75750000000005,63.81500000000002,63.47250000000003
2016-05-25,64.94,66.2,64.92,65.52,18921428,64.04750000000003,64.75750000000005,63.81500000000002,63.47250000000003
2016-05-26,65.57,65.58,64.91,65.03,9418636,65.14125000000004,65.61875000000003,64.69125000000004,65.27625000000002
2016-05-27,65.21,65.46,65.05,65.43,10112767,65.14125000000004,65.61875000000003,64.69125000000004,65.27625000000002
2016-05-31,65.73,65.82,64.96,65.27,15139407,65.14125000000004,65.61875000000003,64.69125000000004,65.27625000000002
2016-06-01,64.76,65.92,64.26,65.69,14031018,65.14125000000004,65.61875000000003,64.69125000000004,65.27625000000002
2016-06-02,65.52,65.81,65.16,65.81,10637550,65.14125000000004,65.61875000000003,64.69125000000004,65.27625000000002
2016-06-03,64.25,64.86,63.55,64.64,20261681,65.14125000000004,65.61875000000003,64.69125000000004,65.27625000000002
2016-06-06,64.64,65.76,64.6,65.28,13193497,65.14125000000004,65.61875000000003,64.69125000000004,65.27625000000002
2016-06-07,65.45,65.74,65.04,65.06,9924106,65.14125000000004,65.61875000000003,64.69125000000004,65.27625000000002
2016-06-08,64.93,65.48,64.92,65.25,9428013,64.28250000000004,64.69750000000005,64.00750000000002,64.27750000000003
2016-06-09,64.79,64.9,64.27,64.75,10817761,64.28250000000004,64.69750000000005,64.00750000000002,64.27750000000003
2016-06-10,63.93,64.07,63.58,63.84,16678358,64.28250000000004,64.69750000000005,64.00750000000002,64.27750000000003
2016-06-13,63.48,64.34,63.26,63.27,14382759,64.28250000000004,64.69750000000005,64.00750000000002,64.27750000000003
2016-06-14,62.68,63.47,61.68,62.08,19509322,62.21000000000004,62.86500000000002,61.60500000000004,62.13750000000004
2016-06-15,62.41,62.98,61.91,61.97,16982140,62.21000000000004,62.86500000000002,61.60500000000004,62.13750000000004
2016-06-16,61.45,62.3,60.9,62.22,16791228,62.21000000000004,62.86500000000002,61.60500000000004,62.13750000000004
2016-06-17,62.3,62.71,61.93,62.28,15751497,62.21000000000004,62.86500000000002,61.60500000000004,62.13750000000004
2016-06-20,63.45,63.85,62.34,62.37,12213239,63.10375000000003,63.614375000000045,62.74875000000003,63.083125000000024
2016-06-21,62.73,63.0,62.14,62.95,11611632,63.10375000000003,63.614375000000045,62.74875000000003,63.083125000000024
2016-06-22,62.95,63.71,62.68,62.71,12643492,63.10375000000003,63.614375000000045,62.74875000000003,63.083125000000024
2016-06-23,63.7,64.15,63.53,64.05,16583609,63.10375000000003,63.614375000000045,62.74875000000003,63.083125000000024
2016-06-24,60.48,61.7,59.34,59.6,44108712,59.58125000000003,61.71437500000004,58.73875000000003,59.545625000000044
2016-06-27,58.71,58.75,57.05,57.61,37925291,59.58125000000003,58.76437500000004,58.73875000000003,59.545625000000044
2016-06-28,59.19,59.55,58.26,59.52,29088741,59.58125000000003,60.23937500000004,58.73875000000003,59.545625000000044
2016-06-29,60.36,61.21,60.0,61.2,21483012,59.58125000000003,60.23937500000004,58.73875000000003,59.545625000000044
2016-06-30,61.63,62.19,61.02,62.14,21343616,61.34250000000003,61.92687500000004,60.74375000000002,61.314375000000034
2016-07-01,61.52,62.01,61.16,61.26,14217796,61.34250000000003,61.92687500000004,60.74375000000002,61.314375000000034
2016-07-05,60.45,60.6,59.1,59.55,23357694,61.34250000000003,61.92687500000004,60.74375000000002,61.314375000000034
2016-07-06,59.01,60.29,58.76,60.19,20429800,61.34250000000003,61.92687500000004,60.74375000000002,61.314375000000034
2016-07-07,60.52,61.14,60.16,60.58,13771417,61.34250000000003,61.92687500000004,60.74375000000002,61.314375000000034
2016-07-08,61.33,62.17,61.33,61.83,16998814,61.34250000000003,61.92687500000004,60.74375000000002,61.314375000000034
2016-07-11,62.42,62.95,62.14,62.27,13151438,61.34250000000003,61.92687500000004,60.74375000000002,61.314375000000034
2016-07-12,63.03,63.56,62.89,63.2,16588124,61.34250000000003,61.92687500000004,60.74375000000002,61.314375000000034
2016-07-13,63.08,63.43,62.64,63.16,18526932,63.97437500000004,64.29937500000005,63.63500000000003,63.96562500000004
2016-07-14,64.74,64.98,64.05,64.12,28985935,63.97437500000004,64.29937500000005,63.63500000000003,63.96562500000004
2016-07-15,64.75,64.8,63.61,64.18,17607090,63.97437500000004,64.29937500000005,63.63500000000003,63.96562500000004
2016-07-18,64.13,64.4,63.9,63.96,10824364,63.97437500000004,64.29937500000005,63.63500000000003,63.96562500000004
2016-07-19,63.61,64.1,63.46,63.86,9737390,63.97437500000004,64.29937500000005,63.63500000000003,63.96562500000004
2016-07-20,64.11,64.23,63.71,63.93,10411068,63.97437500000004,64.29937500000005,63.63500000000003,63.96562500000004
2016-07-21,64.0,64.18,63.63,63.69,9952750,63.97437500000004,64.29937500000005,63.63500000000003,63.96562500000004
2016-07-22,63.9,64.09,63.6,64.04,8195688,63.97437500000004,64.29937500000005,63.63500000000003,63.96562500000004
2016-07-25,63.98,64.17,63.68,63.87,8168252,63.97437500000004,64.29937500000005,63.63500000000003,63.96562500000004
2016-07-26,63.98,64.26,63.71,64.13,8067766,63.97437500000004,64.29937500000005,63.63500000000003,63.96562500000004
2016-07-27,64.08,64.68,64.06,64.33,11806756,63.97437500000004,64.29937500000005,63.63500000000003,63.96562500000004
2016-07-28,64.0,64.19,63.72,64.1,10013424,63.97437500000004,64.29937500000005,63.63500000000003,63.96562500000004
2016-07-29,63.8,64.29,63.75,63.97,13210412,63.97437500000004,64.29937500000005,63.63500000000003,63.96562500000004
2016-08-01,64.15,64.31,63.61,63.8,11422601,63.97437500000004,64.29937500000005,63.63500000000003,63.96562500000004
2016-08-02,63.59,64.01,63.38,63.65,13550022,63.97437500000004,64.29937500000005,63.63500000000003,63.96562500000004
2016-08-03,63.69,64.67,63.65,64.66,13122345,63.97437500000004,64.29937500000005,63.63500000000003,63.96562500000004
2016-08-04,64.49,64.82,64.27,64.56,9873007,65.61375000000004,65.95750000000002,65.35187500000004,65.72562500000004
2016-08-05,65.14,66.37,65.07,66.3,20752730,65.61375000000004,65.95750000000002,65.35187500000004,65.72562500000004
2016-08-08,66.07,66.48,65.84,66.1,11359174,65.61375000000004,65.95750000000002,65.35187500000004,65.72562500000004
2016-08-09,66.18,66.28,65.69,65.87,10096971,65.61375000000004,65.95750000000002,65.35187500000004,65.72562500000004
2016-08-10,65.92,66.07,65.16,65.28,11556086,65.61375000000004,65.95750000000002,65.35187500000004,65.72562500000004
2016-08-11,65.27,65.69,65.02,65.46,9604549,65.61375000000004,65.95750000000002,65.35187500000004,65.72562500000004
2016-08-12,64.97,65.35,64.86,65.32,7685383,65.61375000000004,65.95750000000002,65.35187500000004,65.72562500000004
2016-08-15,65.56,65.83,65.46,65.72,8371557,65.61375000000004,65.95750000000002,65.35187500000004,65.72562500000004
2016-08-16,65.36,65.96,65.24,65.71,10128856,65.61375000000004,65.95750000000002,65.35187500000004,65.72562500000004
2016-08-17,65.8,65.98,65.54,65.89,11868065,65.61375000000004,65.95750000000002,65.35187500000004,65.72562500000004
2016-08-18,65.62,65.99,65.53,65.95,9313621,65.61375000000004,65.95750000000002,65.35187500000004,65.72562500000004
2016-08-19,65.72,65.91,65.22,65.86,9084877,65.61375000000004,65.95750000000002,65.35187500000004,65.72562500000004
2016-08-22,65.75,65.88,65.41,65.8,9055631,65.61375000000004,65.95750000000002,65.35187500000004,65.72562500000004
2016-08-23,66.07,66.34,65.76,65.77,8949607,65.61375000000004,65.95750000000002,65.35187500000004,65.72562500000004
2016-08-24,65.99,66.23,65.77,65.95,10167204,65.61375000000004,65.95750000000002,65.35187500000004,65.72562500000004
2016-08-25,65.91,66.14,65.79,66.07,9978651,65.61375000000004,65.95750000000002,65.35187500000004,65.72562500000004
2016-08-26,66.33,66.88,65.84,66.22,14038597,66.76500000000004,67.25812500000006,66.38875000000003,66.87562500000004
2016-08-29,66.49,67.1,66.46,66.95,14583145,66.76500000000004,67.25812500000006,66.38875000000003,66.87562500000004
2016-08-30,66.96,67.6,66.95,67.5,13791151,66.76500000000004,67.25812500000006,66.38875000000003,66.87562500000004
2016-08-31,67.46,67.77,66.86,67.5,14952329,66.76500000000004,67.25812500000006,66.38875000000003,66.87562500000004
2016-09-01,67.64,67.72,66.65,67.21,12226517,66.76500000000004,67.25812500000006,66.38875000000003,66.87562500000004
2016-09-02,67.4,67.58,66.98,67.49,13720662,66.76500000000004,67.25812500000006,66.38875000000003,66.87562500000004
2016-09-06,67.5,67.55,66.71,67.44,16649371,66.76500000000004,67.25812500000006,66.38875000000003,66.87562500000004
2016-09-07,67.16,67.59,66.96,67.16,10070407,66.76500000000004,67.25812500000006,66.38875000000003,66.87562500000004
2016-09-08,67.22,67.68,67.0,67.25,12252961,66.76500000000004,67.25812500000006,66.38875000000003,66.87562500000004
2016-09-09,67.03,67.43,66.64,66.65,19686877,66.76500000000004,67.25812500000006,66.38875000000003,66.87562500000004
2016-09-12,66.14,67.3,65.76,67.06,16452983,66.76500000000004,67.25812500000006,66.38875000000003,66.87562500000004
2016-09-13,66.11,66.86,65.82,66.53,18876069,66.76500000000004,67.25812500000006,66.38875000000003,66.87562500000004
2016-09-14,66.27,67.24,66.21,66.4,12648595,66.76500000000004,67.25812500000006,66.38875000000003,66.87562500000004
2016-09-15,66.29,66.93,66.09,66.64,12639749,66.76500000000004,67.25812500000006,66.38875000000003,66.87562500000004
2016-09-16,66.09,66.26,65.44,65.82,25161488,66.76500000000004,67.25812500000006,66.38875000000003,66.87562500000004
2016-09-19,66.15,66.64,65.85,66.19,13466874,66.76500000000004,67.25812500000006,66.38875000000003,66.87562500000004
2016-09-20,66.75,66.85,66.24,66.46,10092157,66.94687500000002,67.48375000000001,66.52562500000003,67.04750000000004
2016-09-21,66.84,67.13,66.31,66.84,14116774,66.94687500000002,67.48375000000001,66.52562500000003,67.04750000000004
2016-09-22,66.99,67.42,66.84,67.39,12781744,66.94687500000002,67.48375000000001,66.52562500000003,67.04750000000004
2016-09-23,67.39,67.9,67.18,67.25,13967357,66.94687500000002,67.48375000000001,66.52562500000003,67.04750000000004
2016-09-26,66.6,66.8,65.54,65.78,16408130,66.94687500000002,67.48375000000001,66.52562500000003,67.04750000000004
2016-09-27,65.41,66.4,65.11,66.36,13711386,66.94687500000002,67.48375000000001,66.52562500000003,67.04750000000004
2016-09-28,66.58,66.77,65.99,66.71,11278036,66.94687500000002,67.48375000000001,66.52562500000003,67.04750000000004
2016-09-29,66.7,67.21,65.35,65.65,18727192,66.94687500000002,67.48375000000001,66.52562500000003,67.04750000000004
2016-09-30,66.08,67.06,66.08,66.59,21680093,66.94687500000002,67.48375000000001,66.52562500000003,67.04750000000004
2016-10-03,66.35,66.92,66.26,66.51,14901651,66.94687500000002,67.48375000000001,66.52562500000003,67.04750000000004
2016-10-04,66.21,67.18,66.1,66.6,17226890,66.94687500000002,67.48375000000001,66.52562500000003,67.04750000000004
2016-10-05,66.89,68.07,66.8,67.69,16279971,66.94687500000002,67.48375000000001,66.52562500000003,67.04750000000004
2016-10-06,67.73,67.97,67.05,67.87,17484978,66.94687500000002,67.48375000000001,66.52562500000003,67.04750000000004
2016-10-07,67.79,68.18,67.4,68.11,18497019,66.94687500000002,67.48375000000001,66.52562500000003,67.04750000000004
2016-10-10,68.34,69.06,68.23,68.64,13027466,66.94687500000002,67.48375000000001,66.52562500000003,67.04750000000004
2016-10-11,68.5,68.82,67.93,68.31,15657104,66.94687500000002,67.48375000000001,66.52562500000003,67.04750000000004
2016-10-12,68.26,68.59,68.05,68.13,11899831,68.51812500000005,68.87250000000006,68.01750000000001,68.46312500000002
2016-10-13,67.46,67.87,66.82,67.74,17890046,68.51812500000005,68.87250000000006,68.01750000000001,68.46312500000002
2016-10-14,68.8,69.03,67.3,67.52,24163776,68.51812500000005,68.87250000000006,68.01750000000001,68.46312500000002
2016-10-17,67.42,67.79,66.74,67.17,14963411,68.51812500000005,68.87250000000006,68.01750000000001,68.46312500000002
2016-10-18,67.85,68.21,67.54,67.7,11870286,68.51812500000005,68.87250000000006,68.01750000000001,68.46312500000002
2016-10-19,67.81,68.5,67.81,68.35,12705774,68.51812500000005,68.87250000000006,68.01750000000001,68.46312500000002
2016-10-20,68.08,68.68,67.94,68.26,14122005,68.51812500000005,68.87250000000006,68.01750000000001,68.46312500000002
2016-10-21,67.81,68.53,67.7,68.49,12175674,68.51812500000005,68.87250000000006,68.01750000000001,68.46312500000002
2016-10-24,68.97,69.05,68.5,68.87,10197123,68.51812500000005,68.87250000000006,68.01750000000001,68.46312500000002
2016-10-25,68.88,68.93,68.38,68.8,9945050,68.51812500000005,68.87250000000006,68.01750000000001,68.46312500000002
2016-10-26,68.37,69.25,68.37,69.13,9801266,68.51812500000005,68.87250000000006,68.01750000000001,68.46312500000002
2016-10-27,69.49,69.77,69.1,69.23,14210699,68.51812500000005,68.87250000000006,68.01750000000001,68.46312500000002
2016-10-28,69.53,69.55,68.46,69.11,12766498,68.51812500000005,68.87250000000006,68.01750000000001,68.46312500000002
2016-10-31,69.43,69.58,69.23,69.26,14336299,68.51812500000005,68.87250000000006,68.01750000000001,68.46312500000002
2016-11-01,69.48,69.78,68.33,68.97,15564491,68.51812500000005,68.87250000000006,68.01750000000001,68.46312500000002
2016-11-02,68.65,68.85,68.01,68.68,12449788,68.51812500000005,68.87250000000006,68.01750000000001,68.46312500000002
2016-11-03,68.86,69.19,68.22,68.38,10369670,69.03250000000004,69.56500000000005,68.52500000000003,69.01250000000006
2016-11-04,68.49,68.56,67.64,67.76,13571306,69.03250000000004,69.56500000000005,68.52500000000003,69.01250000000006
2016-11-07,69.08,69.97,69.0,69.88,16515137,69.03250000000004,69.56500000000005,68.52500000000003,69.01250000000006
2016-11-08,69.7,70.54,69.24,70.03,17531748,69.03250000000004,69.56500000000005,68.52500000000003,69.01250000000006
2016-11-09,71.46,74.15,71.32,73.25,50948378,72.84000000000005,74.15000000000005,72.77000000000005,74.95000000000005
2016-11-10,74.22,77.25,74.22,76.65,56192320,72.84000000000005,77.25000000000004,72.77000000000005,74.95000000000005
2016-11-11,76.3,76.72,75.77,76.69,27574323,76.77500000000005,76.72000000000004,76.51000000000003,78.10000000000005
2016-11-14,77.25,80.44,77.25,79.51,46130653,76.77500000000005,80.44000000000004,76.51000000000003,78.10000000000005
2016-11-15,78.37,79.41,77.78,79.36,28126307,78.34875000000005,78.75750000000004,77.65250000000006,78.34500000000001
2016-11-16,78.22,78.35,76.88,77.4,26054926,78.34875000000005,78.75750000000004,77.65250000000006,78.34500000000001
2016-11-17,77.93,78.46,77.6,78.02,19226190,78.34875000000005,78.75750000000004,77.65250000000006,78.34500000000001
2016-11-18,77.96,78.42,77.55,77.71,19769965,78.34875000000005,78.75750000000004,77.65250000000006,78.34500000000001
2016-11-21,78.0,78.17,77.29,78.05,11983529,78.34875000000005,78.75750000000004,77.65250000000006,78.34500000000001
2016-11-22,78.34,78.56,77.76,78.53,14410100,78.34875000000005,78.75750000000004,77.65250000000006,78.34500000000001
2016-11-23,78.87,79.24,77.89,78.86,13401387,78.34875000000005,78.75750000000004,77.65250000000006,78.34500000000001
2016-11-25,79.1,79.45,78.47,78.83,6185719,78.34875000000005,78.75750000000004,77.65250000000006,78.34500000000001
2016-11-28,78.18,78.87,78.02,78.32,13007242,79.28500000000004,79.01500000000004,79.19000000000005,79.80000000000005
2016-11-29,78.39,79.16,78.39,78.92,14144062,79.28500000000004,79.01500000000004,79.19000000000005,79.80000000000005
2016-11-30,79.92,80.53,79.7,80.17,25351899,79.28500000000004,81.40500000000003,79.19000000000005,79.80000000000005
2016-12-01,80.65,82.28,80.65,81.79,23823632,79.28500000000004,81.40500000000003,79.19000000000005,79.80000000000005
2016-12-02,81.8,81.83,80.9,81.6,16931504,82.81250000000004,83.25500000000005,82.11750000000004,83.15500000000004
2016-12-05,82.3,83.29,82.29,83.26,18529840,82.81250000000004,83.25500000000005,82.11750000000004,83.15500000000004
2016-12-06,83.6,83.81,82.43,83.69,16130043,82.81250000000004,83.25500000000005,82.11750000000004,83.15500000000004
2016-12-07,83.55,84.09,82.85,84.07,18996905,82.81250000000004,83.25500000000005,82.11750000000004,83.15500000000004
2016-12-08,84.23,85.5,83.94,85.12,20844853,84.99500000000003,85.85000000000005,84.24125000000004,85.15000000000005
2016-12-09,85.02,85.5,84.14,85.49,14567202,84.99500000000003,85.85000000000005,84.24125000000004,85.15000000000005
2016-12-12,85.36,85.79,84.29,84.73,14511332,84.99500000000003,85.85000000000005,84.24125000000004,85.15000000000005
2016-12-13,84.98,85.67,83.82,84.76,16669046,84.99500000000003,85.85000000000005,84.24125000000004,85.15000000000005
2016-12-14,83.88,86.12,83.76,84.73,22622633,84.99500000000003,85.85000000000005,84.24125000000004,85.15000000000005
2016-12-15,85.4,86.49,84.9,86.0,19438924,84.99500000000003,85.85000000000005,84.24125000000004,85.15000000000005
2016-12-16,86.29,86.29,84.89,84.94,23008520,84.99500000000003,85.85000000000005,84.24125000000004,85.15000000000005
2016-12-19,84.8,85.44,84.19,85.43,21685098,84.99500000000003,85.85000000000005,84.24125000000004,85.15000000000005
2016-12-20,85.79,86.54,85.54,86.53,14587310,86.56500000000005,87.00000000000006,85.92062500000006,86.58312500000005
2016-12-21,86.43,86.81,86.03,86.75,11400484,86.56500000000005,87.00000000000006,85.92062500000006,86.58312500000005
2016-12-22,86.44,87.17,86.21,86.89,13924219,86.56500000000005,87.00000000000006,85.92062500000006,86.58312500000005
2016-12-23,87.0,87.15,86.4,87.05,10759433,86.56500000000005,87.00000000000006,85.92062500000006,86.58312500000005
2016-12-27,87.05,87.16,86.75,87.13,6946360,86.56500000000005,87.00000000000006,85.92062500000006,86.58312500000005
2016-12-28,87.16,87.39,86.35,86.5,9455586,86.56500000000005,87.00000000000006,85.92062500000006,86.58312500000005
2016-12-29,86.58,86.67,85.04,85.89,14689042,86.56500000000005,87.00000000000006,85.92062500000006,86.58312500000005
2016-12-30,86.1,86.42,85.66,86.29,13617776,86.56500000000005,87.00000000000006,85.92062500000006,86.58312500000005
2017-01-03,87.34,87.76,85.98,87.23,20550714,86.56500000000005,87.00000000000006,85.92062500000006,86.58312500000005
2017-01-04,86.96,87.18,86.4,86.91,15266596,86.56500000000005,87.00000000000006,85.92062500000006,86.58312500000005
2017-01-05,86.81,87.11,85.26,86.11,14300816,86.56500000000005,87.00000000000006,85.92062500000006,86.58312500000005
2017-01-06,86.39,86.62,85.94,86.12,12893298,86.56500000000005,87.00000000000006,85.92062500000006,86.58312500000005
2017-01-09,85.73,86.77,85.52,86.18,12806609,86.56500000000005,87.00000000000006,85.92062500000006,86.58312500000005
2017-01-10,86.07,86.9,85.72,86.43,13989033,86.56500000000005,87.00000000000006,85.92062500000006,86.58312500000005
2017-01-11,86.43,87.08,85.91,87.08,14713067,86.56500000000005,87.00000000000006,85.92062500000006,86.58312500000005
2017-01-12,86.76,87.27,86.02,86.24,21337435,86.56500000000005,87.00000000000006,85.92062500000006,86.58312500000005
2017-01-13,87.11,88.17,86.1,86.7,28295985,84.52750000000005,87.75875000000008,83.84250000000004,84.45250000000004
2017-01-17,84.93,85.22,83.28,83.55,30024625,84.52750000000005,84.80875000000006,83.84250000000004,84.45250000000004
2017-01-18,83.63,84.23,83.03,83.94,21270134,84.52750000000005,84.03875000000006,83.84250000000004,84.45250000000004
2017-01-19,84.06,84.67,83.12,83.3,16555554,84.52750000000005,84.03875000000006,83.84250000000004,84.45250000000004
2017-01-20,83.43,83.83,83.28,83.67,18436790,84.52750000000005,85.16125000000007,83.84250000000004,84.45250000000004
2017-01-23,83.3,84.0,83.2,83.71,12179161,84.52750000000005,85.16125000000007,83.84250000000004,84.45250000000004
2017-01-24,83.92,85.0,83.56,84.72,15175319,84.52750000000005,85.16125000000007,83.84250000000004,84.45250000000004
2017-01-25,85.84,86.17,85.17,86.03,17550952,84.52750000000005,85.16125000000007,83.84250000000004,84.45250000000004
2017-01-26,85.95,86.95,85.95,86.75,15962835,85.90750000000004,86.54375000000006,85.36750000000006,85.97875000000003
2017-01-27,86.66,86.98,86.27,86.93,12535420,85.90750000000004,86.54375000000006,85.36750000000006,85.97875000000003
2017-01-30,86.19,86.5,85.32,86.03,13661859,85.90750000000004,86.54375000000006,85.36750000000006,85.97875000000003
2017-01-31,85.6,86.15,84.09,84.63,15655126,85.90750000000004,86.54375000000006,85.36750000000006,85.97875000000003
2017-02-01,85.54,86.1,84.68,84.95,15430940,85.90750000000004,86.54375000000006,85.36750000000006,85.97875000000003
2017-02-02,84.34,84.91,84.16,84.59,11081359,85.90750000000004,86.54375000000006,85.36750000000006,85.97875000000003
2017-02-03,86.19,87.31,85.86,87.18,17885244,85.90750000000004,86.54375000000006,85.36750000000006,85.97875000000003
2017-02-06,86.79,87.45,86.61,86.77,11828416,85.90750000000004,86.54375000000006,85.36750000000006,85.97875000000003
2017-02-07,87.14,87.4,86.48,86.72,9392832,86.80500000000006,87.13000000000005,86.21750000000004,86.72000000000003
2017-02-08,86.18,86.31,85.37,85.96,13970870,86.80500000000006,87.13000000000005,86.21750000000004,86.72000000000003
2017-02-09,86.42,87.33,86.13,87.2,13749123,86.80500000000006,87.13000000000005,86.21750000000004,86.72000000000003
2017-02-10,87.48,87.48,86.89,87.0,10992466,86.80500000000006,87.13000000000005,86.21750000000004,86.72000000000003
2017-02-13,87.44,88.74,87.43,88.15,18739103,89.05500000000006,90.08750000000006,88.66500000000006,89.70750000000004
2017-02-14,88.3,89.7,88.11,89.56,17932086,89.05500000000006,90.08750000000006,88.66500000000006,89.70750000000004
2017-02-15,90.08,90.87,89.35,90.59,17381807,89.05500000000006,90.08750000000006,88.66500000000006,89.70750000000004
2017-02-16,90.4,91.04,89.77,90.53,17672724,89.05500000000006,90.08750000000006,88.66500000000006,89.70750000000004
2017-02-17,89.82,90.46,89.69,90.23,15776589,90.64500000000005,91.28875000000005,90.37875000000004,91.05125000000007
2017-02-21,90.51,91.15,90.46,91.01,14068315,90.64500000000005,91.28875000000005,90.37875000000004,91.05125000000007
2017-02-22,90.52,91.3,90.42,91.06,11838980,90.64500000000005,91.28875000000005,90.37875000000004,91.05125000000007
2017-02-23,91.18,91.34,90.52,91.13,11066952,90.64500000000005,91.28875000000005,90.37875000000004,91.05125000000007
2017-02-24,90.18,90.54,89.73,90.33,15062298,90.64500000000005,91.28875000000005,90.37875000000004,91.05125000000007
2017-02-27,90.32,90.72,90.02,90.43,12360988,90.64500000000005,91.28875000000005,90.37875000000004,91.05125000000007
2017-02-28,89.84,90.82,89.58,90.62,15183542,90.64500000000005,89.70875000000004,90.37875000000004,91.05125000000007
2017-03-01,92.79,93.98,92.61,93.6,24451380,90.64500000000005,92.86875000000006,90.37875000000004,91.05125000000007
2017-03-02,93.87,93.92,92.03,92.14,16862487,92.19125000000005,92.52625000000003,91.28000000000003,91.71125000000004
2017-03-03,92.23,93.11,92.19,92.8,12861607,92.19125000000005,92.52625000000003,91.28000000000003,91.71125000000004
2017-03-06,92.25,92.32,91.1,91.92,15059178,92.19125000000005,92.52625000000003,91.28000000000003,91.71125000000004
2017-03-07,91.64,92.09,91.21,91.41,11156845,92.19125000000005,92.52625000000003,91.28000000000003,91.71125000000004
2017-03-08,92.68,92.85,91.1,91.21,17378401,92.19125000000005,92.52625000000003,91.28000000000003,91.71125000000004
2017-03-09,91.6,92.14,91.15,91.57,13726237,92.19125000000005,92.52625000000003,91.28000000000003,91.71125000000004
2017-03-10,91.95,92.0,90.53,91.28,13729948,92.19125000000005,92.52625000000003,91.28000000000003,91.71125000000004
2017-03-13,91.31,91.78,90.93,91.36,10004297,92.19125000000005,92.52625000000003,91.28000000000003,91.71125000000004
2017-03-14,91.02,91.65,90.76,91.51,10237702,91.67000000000007,92.26250000000005,91.02750000000003,91.39000000000004
2017-03-15,91.8,92.55,91.13,91.73,16601394,91.67000000000007,92.26250000000005,91.02750000000003,91.39000000000004
2017-03-16,92.03,92.81,91.57,91.64,14492039,91.67000000000007,92.26250000000005,91.02750000000003,91.39000000000004
2017-03-17,91.83,92.04,90.65,90.68,21734743,91.67000000000007,92.26250000000005,91.02750000000003,91.39000000000004
2017-03-20,90.27,91.17,89.79,90.03,14623597,90.31500000000007,90.90500000000003,87.48750000000004,88.08500000000006
2017-03-21,90.36,90.64,87.06,87.39,33089241,90.31500000000007,90.90500000000003,87.48750000000004,88.08500000000006
2017-03-22,86.89,88.07,86.01,87.53,21741025,87.05000000000005,88.28500000000003,87.48750000000004,88.08500000000006
2017-03-23,87.21,88.5,87.09,87.39,16090092,87.05000000000005,88.28500000000003,87.48750000000004,88.08500000000006
2017-03-24,87.79,88.09,86.77,87.29,16093237,87.59125000000006,88.42125000000006,87.03125000000004,87.88750000000005
2017-03-27,85.53,87.4,85.23,87.24,16689294,87.59125000000006,88.42125000000006,87.03125000000004,87.88750000000005
2017-03-28,87.02,89.02,86.98,88.6,16264403,87.59125000000006,88.42125000000006,87.03125000000004,87.88750000000005
2017-03-29,88.6,88.82,88.08,88.27,10207578,87.59125000000006,88.42125000000006,87.03125000000004,87.88750000000005
2017-03-30,88.2,89.46,88.12,89.03,11630996,87.59125000000006,88.42125000000006,87.03125000000004,87.88750000000005
2017-03-31,88.71,88.74,87.75,87.84,16987605,87.59125000000006,88.42125000000006,87.03125000000004,87.88750000000005
2017-04-03,87.99,88.17,86.6,87.52,19831778,87.59125000000006,88.42125000000006,87.03125000000004,87.88750000000005
2017-04-04,86.89,87.67,86.72,87.31,14280832,87.59125000000006,88.42125000000006,87.03125000000004,87.88750000000005
2017-04-05,88.42,88.54,86.13,86.19,17635486,85.90000000000006,86.56000000000004,85.07250000000005,85.60000000000005
2017-04-07,85.93,86.81,85.71,86.18,13097108,85.90000000000006,86.56000000000004,85.07250000000005,85.60000000000005
2017-04-10,86.08,86.69,85.4,85.88,15081616,85.90000000000006,86.56000000000004,85.07250000000005,85.60000000000005
2017-04-11,85.54,85.79,84.8,85.73,14690492,85.90000000000006,86.56000000000004,85.07250000000005,85.60000000000005
2017-04-12,85.93,85.95,85.03,85.4,14730636,85.90000000000006,86.56000000000004,85.07250000000005,85.60000000000005
2017-04-13,85.5,86.99,84.4,84.4,30529763,85.90000000000006,86.56000000000004,85.07250000000005,85.60000000000005
2017-04-17,84.44,86.08,84.37,85.86,19071650,85.90000000000006,86.56000000000004,85.07250000000005,85.60000000000005
2017-04-18,85.36,85.63,84.74,85.16,14127049,85.90000000000006,86.56000000000004,85.07250000000005,85.60000000000005
2017-04-19,85.5,85.92,84.36,84.46,17588506,85.66375000000005,86.33250000000004,85.02312500000005,85.67062500000006
2017-04-20,84.98,85.78,84.55,85.55,15635808,85.66375000000005,86.33250000000004,85.02312500000005,85.67062500000006
2017-04-21,85.5,85.68,84.51,84.52,19820592,85.66375000000005,86.33250000000004,85.02312500000005,85.67062500000006
2017-04-24,86.55,88.05,86.42,87.5,25468285,85.66375000000005,86.33250000000004,85.02312500000005,85.67062500000006
2017-04-25,88.55,89.13,88.26,88.26,18253752,88.24875000000003,88.57500000000005,87.65312500000005,87.98812500000005
2017-04-26,88.35,89.05,88.14,88.43,12832154,88.24875000000003,88.57500000000005,87.65312500000005,87.98812500000005
2017-04-27,88.37,88.37,87.01,87.61,13329025,88.24875000000003,88.57500000000005,87.65312500000005,87.98812500000005
2017-04-28,87.6,87.85,86.95,87.0,10755629,88.24875000000003,88.57500000000005,87.65312500000005,87.98812500000005
2017-05-01,87.36,87.74,86.56,87.06,15712266,86.95625000000004,87.45375000000004,86.33812500000005,86.82937500000006
2017-05-02,86.71,86.88,86.02,86.5,14414164,86.95625000000004,87.45375000000004,86.33812500000005,86.82937500000006
2017-05-03,86.06,87.1,86.02,87.0,11540536,86.95625000000004,87.45375000000004,86.33812500000005,86.82937500000006
2017-05-04,87.69,87.73,86.57,87.1,11540103,86.95625000000004,87.45375000000004,86.33812500000005,86.82937500000006
2017-05-05,87.25,87.34,86.42,87.0,9436036,86.95625000000004,87.45375000000004,86.33812500000005,86.82937500000006
2017-05-08,87.04,87.32,86.65,87.1,8162209,86.95625000000004,87.45375000000004,86.33812500000005,86.82937500000006
2017-05-09,87.26,87.84,86.5,86.75,10273937,86.95625000000004,87.45375000000004,86.33812500000005,86.82937500000006
2017-05-10,86.53,87.48,86.47,87.43,8334867,86.95625000000004,87.45375000000004,86.33812500000005,86.82937500000006
2017-05-11,87.09,87.48,86.35,87.16,10907382,87.05750000000005,87.52750000000005,86.72250000000004,87.25750000000004
2017-05-12,86.68,87.05,86.34,86.92,8738802,87.05750000000005,87.52750000000005,86.72250000000004,87.25750000000004
2017-05-15,87.1,87.49,86.86,87.34,8835631,87.05750000000005,87.52750000000005,86.72250000000004,87.25750000000004
2017-05-16,87.36,88.09,87.34,87.61,9794968,87.05750000000005,87.52750000000005,86.72250000000004,87.25750000000004
2017-05-17,86.11,86.39,83.97,84.27,24679728,84.89250000000006,85.45500000000006,83.92250000000006,84.42750000000001
2017-05-18,84.07,84.8,83.36,83.96,23350068,84.89250000000006,85.45500000000006,83.92250000000006,84.42750000000001
2017-05-19,84.21,85.34,84.15,84.78,13412878,84.89250000000006,85.45500000000006,83.92250000000006,84.42750000000001
2017-05-22,85.18,85.29,84.21,84.7,11635998,84.89250000000006,85.45500000000006,83.92250000000006,84.42750000000001
2017-05-23,84.75,86.07,84.51,85.76,11753016,85.24750000000004,86.21625000000006,83.60250000000003,85.97000000000006
2017-05-24,85.88,85.97,85.24,85.71,9923251,85.24750000000004,86.21625000000006,83.60250000000003,85.97000000000006
2017-06-02,82.29,82.99,81.98,82.64,14998489,82.39750000000006,83.44625000000005,83.60250000000003,82.95000000000005
2017-06-05,82.64,83.51,82.58,82.79,9080165,82.39750000000006,83.44625000000005,83.60250000000003,82.95000000000005
2017-06-06,82.29,83.22,82.13,82.96,12196816,83.82250000000006,83.46875000000006,83.60250000000003,83.20000000000005
2017-06-07,83.31,84.11,83.1,83.91,13711071,83.82250000000006,83.46875000000006,83.60250000000003,83.20000000000005
2017-06-08,83.91,85.73,83.89,84.95,17950964,83.82250000000006,86.19375000000005,83.60250000000003,85.72000000000006
2017-06-09,85.51,87.05,85.39,86.96,18767497,83.82250000000006,86.19375000000005,83.60250000000003,85.72000000000006
