datetime,open,high,low,close,volume,openinterest,signal
2014-09-10,24969.39,24969.39,24681.19,24705.36,0,0,-1
2014-09-11,24701.73,24782.95,24589.9,24662.64,0,0,-1
2014-09-12,24620.19,24701.43,24487.94,24595.32,0,0,-1
2014-09-15,24410.38,24471.8,24300.57,24356.99,0,0,-1
2014-09-16,24318.82,24405.98,24117.6,24136.01,0,0,-1
2014-09-17,24380.28,24470.26,24339.53,24376.41,0,0,-1
2014-09-18,24294.64,24294.64,24103.53,24168.72,0,0,-1
2014-09-19,24334.65,24419.85,24155.62,24306.16,0,0,-1
2014-09-22,24072.18,24082.62,23949.29,23955.49,0,0,-1
2014-09-23,23882.59,24012.06,23825.96,23837.07,0,0,-1
2014-09-24,23788.98,24016.41,23788.98,23921.61,0,0,-1
2014-09-25,24048.38,24058.02,23754.33,23768.13,0,0,-1
2014-09-26,23581.56,23717.08,23555.62,23678.41,0,0,-1
2014-09-29,23399.51,23399.51,23095.78,23229.21,0,0,-1
2014-09-30,23137.26,23137.26,22855.04,22932.98,0,0,-1
2014-10-03,22691.59,23147.85,22565.6,23064.56,0,0,-1
2014-10-06,23053.79,23441.27,22988.64,23315.04,0,0,-1
2014-10-07,23224.22,23517.85,23209.77,23422.52,0,0,-1
2014-10-08,23221.76,23369.39,23184.15,23263.33,0,0,-1
2014-10-09,23461.35,23581.35,23437.87,23534.53,0,0,-1
2014-10-10,23198.8,23237.4,23071.27,23088.54,0,0,-1
2014-10-13,22884.0,23273.04,22871.27,23143.38,0,0,-1
2014-10-14,23064.92,23409.96,23040.8,23047.97,0,0,-1
2014-10-15,23087.5,23238.04,22992.93,23140.05,0,0,-1
2014-10-16,22913.5,23040.31,22868.02,22900.94,0,0,-1
2014-10-17,22904.11,23148.96,22888.76,23023.21,0,0,-1
2014-10-20,23239.78,23290.42,23052.31,23070.26,0,0,-1
2014-10-21,23073.36,23231.52,22964.92,23088.58,0,0,-1
2014-10-22,23300.45,23460.77,23193.48,23403.97,0,0,-1
2014-10-23,23296.0,23397.17,23221.69,23333.18,0,0,-1
2014-10-24,23311.88,23352.59,23157.48,23302.2,0,0,-1
2014-10-27,23275.4,23275.4,23012.8,23143.23,0,0,-1
2014-10-28,23189.83,23570.92,23189.83,23520.36,0,0,-1
2014-10-29,23703.95,23855.67,23699.56,23819.87,0,0,-1
2014-10-30,23841.74,23841.74,23615.1,23702.04,0,0,-1
2014-10-31,23913.69,24046.4,23850.7,23998.06,0,0,-1
2014-11-03,24133.45,24133.45,23875.09,23915.97,0,0,-1
2014-11-04,23849.72,24016.42,23815.85,23845.66,0,0,-1
2014-11-05,23846.84,23846.84,23623.14,23695.62,0,0,-1
2014-11-06,23737.76,23775.73,23623.41,23649.31,0,0,-1
2014-11-07,23607.65,23831.25,23430.2,23550.24,0,0,-1
2014-11-10,24074.85,24110.24,23703.72,23744.7,0,0,-1
2014-11-11,23809.41,23931.45,23760.53,23808.28,0,0,-1
2014-11-12,23883.31,23999.97,23801.73,23938.18,0,0,-1
2014-11-13,23854.33,24097.92,23850.39,24019.94,0,0,-1
2014-11-14,24048.36,24102.7,23966.8,24087.38,0,0,-1
2014-11-17,24313.06,24313.06,23787.28,23797.08,0,0,-1
2014-11-18,23868.9,23881.01,23483.19,23529.17,0,0,-1
2014-11-19,23466.07,23572.21,23341.16,23373.31,0,0,-1
2014-11-20,23401.0,23461.02,23252.63,23349.64,0,0,-1
2014-11-21,23353.72,23508.02,23301.48,23437.12,0,0,-1
2014-11-24,23883.32,23936.34,23823.56,23893.14,0,0,-1
2014-11-25,23841.16,23935.07,23809.51,23843.91,0,0,-1
2014-11-26,23833.19,24176.64,23799.42,24111.98,0,0,-1
2014-11-27,24169.85,24228.11,23962.44,24004.28,0,0,-1
2014-11-28,23982.29,24117.16,23887.63,23987.45,0,0,-1
2014-12-01,23678.0,23731.76,23318.48,23367.45,0,0,-1
2014-12-02,23400.11,23784.95,23293.81,23654.3,0,0,-1
2014-12-03,23756.05,23921.76,23378.81,23428.62,0,0,-1
2014-12-04,23554.81,23844.24,23456.71,23832.56,0,0,-1
2014-12-05,23907.78,24170.05,23772.84,24002.64,0,0,-1
2014-12-08,24113.14,24189.59,24012.15,24047.67,0,0,-1
2014-12-09,23910.41,23934.02,23399.87,23485.83,0,0,-1
2014-12-10,23442.69,23656.51,23345.89,23524.52,0,0,-1
2014-12-11,23269.51,23382.83,23169.67,23312.54,0,0,-1
2014-12-12,23328.99,23445.96,23230.03,23249.2,0,0,-1
2014-12-15,22977.84,23067.67,22856.02,23027.85,0,0,-1
2014-12-16,22877.3,22944.28,22641.06,22670.5,0,0,-1
2014-12-17,22697.68,22726.56,22529.75,22585.84,0,0,-1
2014-12-18,22878.34,22935.05,22736.89,22832.21,0,0,-1
2014-12-19,23158.27,23189.6,23041.37,23116.63,0,0,-1
2014-12-22,23264.05,23478.9,23264.05,23408.57,0,0,-1
2014-12-23,23423.33,23495.62,23269.43,23333.69,0,0,-1
2014-12-24,23290.42,23421.1,23290.42,23349.34,0,0,-1
2014-12-29,23694.53,23867.46,23694.53,23773.18,0,0,-1
2014-12-30,23853.13,23853.13,23442.55,23501.1,0,0,-1
2014-12-31,23480.81,23632.35,23464.25,23605.04,0,0,-1
2015-01-02,23683.63,23867.46,23635.6,23857.82,0,0,-1
2015-01-05,23699.19,23998.87,23655.52,23721.32,0,0,-1
2015-01-06,23515.13,23611.0,23312.5,23485.41,0,0,-1
2015-01-07,23396.7,23715.71,23332.03,23681.26,0,0,-1
2015-01-08,23920.35,23941.64,23719.05,23835.53,0,0,-1
2015-01-09,24049.7,24169.06,23859.49,23919.95,0,0,-1
2015-01-12,24118.59,24118.59,23905.01,24026.46,0,0,-1
2015-01-13,23908.23,24254.11,23908.23,24215.97,0,0,-1
2015-01-14,24276.33,24326.7,24056.22,24112.6,0,0,-1
2015-01-15,24169.35,24369.0,24070.39,24350.91,0,0,-1
2015-01-16,24196.85,24253.09,24086.21,24103.52,0,0,-1
2015-01-19,23971.23,24049.55,23590.05,23738.49,0,0,-1
2015-01-20,23798.46,23997.31,23747.92,23951.16,0,0,-1
2015-01-21,24036.41,24373.28,24016.63,24352.58,0,0,-1
2015-01-22,24480.02,24589.62,24438.98,24522.63,0,0,-1
2015-01-23,24807.36,24896.22,24726.77,24850.45,0,0,-1
2015-01-26,24907.19,24916.49,24761.55,24909.9,0,0,-1
2015-01-27,24995.08,24995.08,24672.76,24807.28,0,0,-1
2015-01-28,24799.98,24983.89,24716.68,24861.81,0,0,-1
2015-01-29,24645.2,24739.22,24524.18,24595.85,0,0,-1
2015-01-30,24771.37,24771.37,24450.05,24507.05,0,0,-1
2015-02-02,24347.27,24506.81,24324.37,24484.74,0,0,-1
2015-02-03,24542.49,24602.6,24327.51,24554.78,0,0,-1
2015-02-04,24750.76,24824.58,24642.5,24679.76,0,0,-1
2015-02-05,25048.26,25048.26,24642.81,24765.49,0,0,-1
2015-02-06,24843.2,24843.2,24645.76,24679.39,0,0,-1
2015-02-09,24529.55,24657.87,24449.48,24521.0,0,0,-1
2015-02-10,24475.04,24583.79,24422.85,24528.1,0,0,-1
2015-02-11,24512.62,24551.74,24266.68,24315.02,0,0,-1
2015-02-12,24377.59,24514.49,24226.29,24422.15,0,0,-1
2015-02-13,24535.66,24702.54,24521.13,24682.54,0,0,-1
2015-02-16,24717.49,24771.6,24687.15,24726.53,0,0,-1
2015-02-17,24653.88,24855.75,24653.88,24784.88,0,0,-1
2015-02-18,24836.05,24871.79,24806.06,24832.08,0,0,-1
2015-02-23,24916.24,24916.24,24664.68,24836.76,0,0,-1
2015-02-24,24776.72,24808.3,24673.93,24750.07,0,0,-1
2015-02-25,24822.28,24869.37,24691.78,24778.28,0,0,-1
2015-02-26,24718.28,24998.64,24709.56,24902.06,0,0,-1
2015-02-27,24902.61,25101.96,24815.03,24823.29,0,0,-1
2015-03-02,24996.76,24997.83,24715.38,24887.44,0,0,-1
2015-03-03,24984.62,24984.62,24663.43,24702.78,0,0,-1
2015-03-04,24656.94,24705.96,24439.29,24465.38,0,0,-1
2015-03-05,24274.9,24393.85,24133.71,24193.04,0,0,-1
2015-03-06,24235.76,24294.36,24126.09,24164.0,0,0,-1
2015-03-09,23982.5,24205.86,23910.16,24123.05,0,0,-1
2015-03-10,24150.68,24152.4,23869.82,23896.98,0,0,-1
2015-03-11,23807.1,23899.86,23703.84,23717.97,0,0,-1
2015-03-12,23709.17,23880.25,23677.06,23797.96,0,0,-1
2015-03-13,23808.97,23918.71,23790.83,23823.21,0,0,-1
2015-03-16,23771.4,23970.05,23711.27,23949.55,0,0,-1
2015-03-17,24106.47,24106.47,23822.78,23901.49,0,0,-1
2015-03-18,23938.63,24210.75,23938.63,24120.08,0,0,-1
2015-03-19,24325.56,24500.23,24248.84,24468.89,0,0,-1
2015-03-20,24417.53,24524.55,24351.5,24375.24,0,0,-1
2015-03-23,24538.34,24559.77,24436.42,24494.51,0,0,-1
2015-03-24,24484.68,24490.15,24294.95,24399.6,0,0,-1
2015-03-25,24410.53,24613.69,24377.92,24528.23,0,0,-1
2015-03-26,24442.51,24592.01,24399.84,24497.08,0,0,-1
2015-03-27,24541.44,24549.88,24420.47,24486.2,0,0,-1
2015-03-30,24727.46,24949.35,24725.52,24855.12,0,0,-1
2015-03-31,25113.2,25113.2,24876.37,24900.89,0,0,-1
2015-04-01,24955.2,25099.06,24926.11,25082.75,0,0,-1
2015-04-02,25214.33,25297.8,25152.57,25275.64,0,0,-1
2015-04-08,25708.24,26247.63,25640.04,26236.86,0,0,-1
2015-04-09,26913.28,27922.67,26732.23,26944.39,0,0,-1
2015-04-10,27373.68,27373.68,26812.75,27272.39,0,0,-1
2015-04-13,27374.33,28031.96,27304.12,28016.34,0,0,-1
2015-04-14,27688.26,27915.01,27483.45,27561.49,0,0,-1
2015-04-15,27693.25,27807.98,27442.52,27618.82,0,0,-1
2015-04-16,27557.29,27787.98,27470.1,27739.71,0,0,-1
2015-04-17,27808.24,27969.41,27597.68,27653.12,0,0,-1
2015-04-20,27770.79,27770.79,26959.77,27094.93,0,0,-1
2015-04-21,27404.15,27925.36,27404.15,27850.49,0,0,-1
2015-04-22,27821.32,28048.46,27727.86,27933.85,0,0,-1
2015-04-23,28112.38,28213.63,27804.03,27827.7,0,0,-1
2015-04-24,27978.39,28089.37,27591.57,28060.98,0,0,-1
2015-04-27,28245.14,28588.52,28245.14,28433.59,0,0,-1
2015-04-28,28448.22,28548.45,28251.99,28442.75,0,0,-1
2015-04-29,28453.1,28453.1,28201.76,28400.34,0,0,-1
2015-04-30,28289.14,28317.87,27997.9,28133.0,0,0,-1
2015-05-04,28231.26,28343.74,28017.2,28123.82,0,0,-1
2015-05-05,28295.72,28316.63,27598.17,27755.54,0,0,-1
2015-05-06,27698.1,28054.68,27570.41,27640.91,0,0,-1
2015-05-07,27567.62,27604.49,27207.28,27289.97,0,0,-1
2015-05-08,27557.52,27652.62,27367.11,27577.34,0,0,-1
2015-05-11,27837.04,27837.28,27582.23,27718.2,0,0,-1
2015-05-12,27664.18,27693.63,27395.91,27407.18,0,0,-1
2015-05-13,27473.5,27524.82,27191.03,27249.28,0,0,-1
2015-05-14,27395.92,27397.67,27192.93,27286.55,0,0,-1
2015-05-15,27459.58,27928.6,27315.1,27822.28,0,0,-1
2015-05-18,27792.44,27792.44,27435.57,27591.25,0,0,-1
2015-05-19,27597.07,27765.55,27500.76,27693.54,0,0,-1
2015-05-20,27751.44,27751.44,27490.33,27585.05,0,0,-1
2015-05-21,27507.32,27611.72,27393.31,27523.72,0,0,-1
2015-05-22,27723.67,28041.32,27696.97,27992.83,0,0,-1
2015-05-26,28462.32,28524.6,28237.49,28249.86,0,0,-1
2015-05-27,28214.66,28214.66,27982.14,28081.21,0,0,-1
2015-05-28,28162.25,28162.25,27242.11,27454.31,0,0,-1
2015-05-29,27398.28,27604.27,27255.89,27424.19,0,0,-1
2015-06-01,27373.06,27766.32,27241.95,27597.16,0,0,-1
2015-06-02,27473.45,27602.88,27348.13,27466.72,0,0,-1
2015-06-03,27716.34,27767.23,27508.84,27657.47,0,0,-1
2015-06-04,27645.36,27854.74,27094.5,27551.89,0,0,-1
2015-06-05,27538.06,27646.72,27211.36,27260.16,0,0,-1
2015-06-08,27147.24,27428.59,27060.24,27316.28,0,0,-1
2015-06-09,27295.88,27322.14,26971.57,26989.52,0,0,-1
2015-06-10,27052.79,27116.92,26573.96,26687.64,0,0,-1
2015-06-11,26938.15,26991.51,26839.43,26907.85,0,0,-1
2015-06-12,27082.6,27356.51,26987.52,27280.54,0,0,-1
2015-06-15,27095.18,27131.36,26841.52,26861.81,0,0,-1
2015-06-16,26807.67,26892.88,26553.04,26566.7,0,0,-1
2015-06-17,26671.2,26880.79,26555.96,26753.79,0,0,-1
2015-06-18,26786.53,26873.67,26595.96,26694.66,0,0,-1
2015-06-19,26885.73,27011.95,26701.72,26760.53,0,0,-1
2015-06-22,26854.32,27166.52,26811.66,27080.85,0,0,-1
2015-06-23,27126.47,27406.41,27008.51,27333.46,0,0,-1
2015-06-24,27397.37,27470.5,27292.85,27404.97,0,0,-1
2015-06-25,27329.17,27350.49,27120.72,27145.75,0,0,-1
2015-06-26,27016.09,27016.09,26522.45,26663.87,0,0,-1
2015-06-29,26560.13,26631.51,25617.78,25966.98,0,0,-1
2015-06-30,25944.03,26470.44,25885.66,26250.03,0,0,-1
2015-07-02,26459.43,26459.43,26135.62,26282.32,0,0,-1
2015-07-03,26349.84,26402.85,25933.12,26064.11,0,0,-1
2015-07-06,26083.99,26261.53,24750.31,25236.28,0,0,-1
2015-07-07,25391.76,25439.34,24819.26,24975.31,0,0,-1
2015-07-08,24411.3,24411.3,22836.82,23516.56,0,0,-1
2015-07-09,23435.5,24695.75,23332.9,24392.79,0,0,-1
2015-07-10,24567.92,25015.17,24567.92,24901.28,0,0,-1
2015-07-13,24709.58,25275.76,24596.44,25224.01,0,0,-1
2015-07-14,25184.06,25250.95,24906.47,25120.91,0,0,-1
2015-07-15,25219.5,25219.45,24862.65,25055.76,0,0,-1
2015-07-16,24976.08,25170.35,24841.14,25162.78,0,0,-1
2015-07-17,25246.64,25517.45,25183.86,25415.27,0,0,-1
2015-07-20,25540.31,25540.31,25298.96,25404.81,0,0,-1
2015-07-21,25428.88,25634.32,25342.69,25536.43,0,0,-1
2015-07-22,25401.79,25401.79,25177.6,25282.62,0,0,-1
2015-07-23,25308.55,25500.99,25250.36,25398.85,0,0,-1
2015-07-24,25279.95,25279.95,25073.2,25128.51,0,0,-1
2015-07-27,24906.78,24908.58,24282.21,24351.96,0,0,-1
2015-07-28,24269.9,24947.35,24140.62,24503.94,0,0,-1
2015-07-29,24630.44,24718.64,24444.47,24619.45,0,0,-1
2015-07-30,24822.42,24872.7,24478.07,24497.98,0,0,-1
2015-07-31,24650.93,24661.19,24467.83,24636.28,0,0,-1
2015-08-03,24533.14,24533.14,24232.6,24411.42,0,0,-1
2015-08-04,24364.41,24519.35,24217.78,24406.12,0,0,-1
2015-08-05,24466.3,24582.19,24420.95,24514.16,0,0,-1
2015-08-06,24527.74,24527.74,24320.75,24375.28,0,0,-1
2015-08-07,24327.56,24641.93,24327.56,24552.47,0,0,-1
2015-08-10,24433.66,24602.67,24135.64,24521.12,0,0,-1
2015-08-11,24694.78,24924.07,24420.71,24498.21,0,0,-1
2015-08-12,24269.11,24324.19,23826.96,23916.02,0,0,-1
2015-08-13,23935.48,24133.87,23860.82,24018.8,0,0,-1
2015-08-14,24055.02,24126.3,23957.36,23991.03,0,0,-1
2015-08-17,23945.6,23950.57,23699.84,23814.65,0,0,-1
2015-08-18,23956.86,24024.37,23464.35,23474.97,0,0,-1
2015-08-19,23555.02,23586.79,23138.73,23167.85,0,0,-1
2015-08-20,22973.87,23033.97,22610.53,22757.47,0,0,-1
2015-08-21,22343.25,22492.79,22185.85,22409.62,0,0,-1
2015-08-24,21605.97,21679.45,21136.48,21251.57,0,0,-1
2015-08-25,21119.53,21871.4,20865.26,21404.96,0,0,-1
2015-08-26,21434.25,21686.45,21060.09,21080.39,0,0,-1
2015-08-27,21758.62,21963.43,21407.59,21838.54,0,0,-1
2015-08-28,22424.4,22424.4,21585.33,21612.39,0,0,-1
2015-08-31,21793.02,21793.02,21399.62,21670.58,0,0,-1
2015-09-01,21692.78,21692.78,21170.86,21185.43,0,0,-1
2015-09-02,21101.42,21288.53,20771.77,20934.94,0,0,-1
2015-09-04,21158.93,21174.86,20715.02,20840.61,0,0,-1
2015-09-07,20683.31,21056.39,20579.93,20583.52,0,0,-1
2015-09-08,20636.83,21431.99,20524.88,21259.04,0,0,-1
2015-09-09,21632.69,22228.59,21529.81,22131.31,0,0,-1
2015-09-10,21667.86,21771.57,21492.09,21562.5,0,0,-1
2015-09-11,21710.13,21909.82,21472.16,21504.37,0,0,-1
2015-09-14,21678.88,21762.15,21441.71,21561.9,0,0,-1
2015-09-15,21527.53,21634.48,21411.17,21455.23,0,0,-1
2015-09-16,21731.34,22103.06,21608.5,21966.66,0,0,-1
2015-09-17,22172.68,22203.36,21718.71,21854.63,0,0,-1
2015-09-18,21807.25,22052.11,21807.25,21920.83,0,0,-1
2015-09-21,21614.43,21778.06,21590.7,21756.93,0,0,-1
2015-09-22,21794.34,22111.67,21768.98,21796.58,0,0,-1
2015-09-23,21529.47,21577.45,21008.61,21302.91,0,0,-1
2015-09-24,21304.9,21363.21,21053.5,21095.98,0,0,-1
2015-09-25,21070.39,21318.33,20957.99,21186.32,0,0,-1
2015-09-29,20579.22,20579.22,20368.12,20556.6,0,0,-1
2015-09-30,20795.93,20939.39,20683.11,20846.3,0,0,-1
2015-10-02,21172.94,21530.8,21130.11,21506.09,0,0,-1
2015-10-05,21930.97,21980.84,21739.9,21854.5,0,0,-1
2015-10-06,22169.1,22169.1,21719.29,21831.62,0,0,-1
2015-10-07,21884.73,22527.79,21817.42,22515.76,0,0,-1
2015-10-08,22588.69,22588.69,22201.11,22354.91,0,0,-1
2015-10-09,22615.94,22807.86,22440.88,22458.8,0,0,-1
2015-10-12,22614.33,22779.5,22562.26,22730.93,0,0,-1
2015-10-13,22677.6,22798.9,22515.73,22600.46,0,0,-1
2015-10-14,22398.82,22576.5,22356.56,22439.91,0,0,-1
2015-10-15,22667.42,22940.25,22567.65,22888.17,0,0,-1
2015-10-16,23133.59,23178.14,22953.56,23067.37,0,0,-1
2015-10-19,23085.61,23100.66,22913.6,23075.61,0,0,-1
2015-10-20,22991.6,23057.93,22843.04,22989.22,0,0,-1
2015-10-22,22795.58,22869.59,22727.59,22845.37,0,0,-1
2015-10-23,23220.38,23220.38,23088.03,23151.94,0,0,-1
2015-10-26,23423.64,23423.64,23066.94,23116.25,0,0,-1
2015-10-27,23053.12,23143.88,22885.22,23142.73,0,0,-1
2015-10-28,23070.7,23120.25,22923.66,22956.57,0,0,-1
2015-10-29,23054.53,23054.53,22811.32,22819.94,0,0,-1
2015-10-30,22785.86,22847.16,22612.56,22640.04,0,0,-1
2015-11-02,22502.28,22605.8,22332.71,22370.04,0,0,-1
2015-11-03,22603.15,22697.0,22560.17,22568.43,0,0,-1
2015-11-04,22737.44,23342.07,22737.44,23053.57,0,0,-1
2015-11-05,23045.1,23180.27,22960.62,23051.04,0,0,-1
2015-11-06,22914.2,22922.79,22791.91,22867.33,0,0,-1
2015-11-09,22753.51,22970.83,22689.26,22726.77,0,0,-1
2015-11-10,22505.7,22534.92,22339.69,22401.7,0,0,-1
2015-11-11,22394.15,22479.46,22324.41,22352.17,0,0,-1
2015-11-12,22477.6,22980.97,22454.96,22888.92,0,0,-1
2015-11-13,22494.09,22519.33,22318.62,22396.14,0,0,-1
2015-11-16,21958.28,22127.38,21958.28,22010.82,0,0,-1
2015-11-17,22315.18,22497.33,22243.96,22264.25,0,0,-1
2015-11-18,22331.77,22349.73,22163.28,22188.26,0,0,-1
2015-11-19,22423.88,22559.06,22416.0,22500.22,0,0,-1
2015-11-20,22510.45,22790.07,22412.03,22754.72,0,0,-1
2015-11-23,22760.05,22802.71,22619.68,22665.9,0,0,-1
2015-11-24,22593.09,22629.75,22433.51,22587.63,0,0,-1
2015-11-25,22533.53,22617.21,22436.01,22498.0,0,0,-1
2015-11-26,22749.6,22787.5,22453.69,22488.94,0,0,-1
2015-11-27,22555.42,22555.42,22051.01,22068.32,0,0,-1
2015-11-30,21974.81,22195.25,21907.35,21996.42,0,0,-1
2015-12-01,22197.81,22477.51,22143.57,22381.35,0,0,-1
2015-12-02,22471.35,22563.47,22368.66,22479.69,0,0,-1
2015-12-03,22327.04,22485.25,22327.04,22417.01,0,0,-1
2015-12-04,22142.11,22242.49,22108.46,22235.89,0,0,-1
2015-12-07,22336.32,22352.25,22200.55,22203.22,0,0,-1
2015-12-08,22058.55,22058.55,21765.62,21905.13,0,0,-1
2015-12-09,21773.77,21872.33,21755.69,21803.76,0,0,-1
2015-12-10,21714.23,21880.19,21668.12,21704.61,0,0,-1
2015-12-11,21719.17,21731.39,21440.7,21464.05,0,0,-1
2015-12-14,21063.28,21378.19,21010.26,21309.85,0,0,-1
2015-12-15,21215.54,21442.21,21215.54,21274.37,0,0,-1
2015-12-16,21557.73,21772.79,21557.73,21701.21,0,0,-1
2015-12-17,21841.09,22005.19,21763.76,21872.06,0,0,-1
2015-12-18,21656.56,21956.49,21625.82,21755.56,0,0,-1
2015-12-21,21641.17,21871.22,21641.17,21791.68,0,0,-1
2015-12-22,21846.9,21870.31,21750.74,21830.02,0,0,-1
2015-12-23,21869.4,22103.63,21846.48,22040.59,0,0,-1
2015-12-24,22207.82,22217.45,22128.72,22138.13,0,0,-1
2015-12-28,22151.73,22151.73,21880.51,21919.62,0,0,-1
2015-12-29,21923.27,22024.28,21881.71,21999.62,0,0,-1
2015-12-30,22094.59,22114.56,21868.03,21882.15,0,0,-1
2015-12-31,21892.25,21970.33,21864.12,21914.4,0,0,-1
2016-01-04,21782.62,21794.84,21227.61,21327.12,0,0,-1
2016-01-05,21318.69,21452.74,21095.9,21188.72,0,0,-1
2016-01-06,21142.63,21199.62,20947.3,20980.81,0,0,-1
2016-01-07,20772.6,20826.44,20323.97,20333.34,0,0,-1
2016-01-08,20491.88,20596.42,20324.62,20453.71,0,0,-1
2016-01-11,19997.42,20068.78,19865.18,19888.5,0,0,-1
2016-01-12,20030.03,20130.8,19694.99,19711.76,0,0,-1
2016-01-13,20028.86,20234.78,19850.73,19934.88,0,0,-1
2016-01-14,19578.92,19893.88,19509.08,19817.41,0,0,-1
2016-01-15,19781.46,19828.93,19500.38,19520.77,0,0,-1
2016-01-18,19287.38,19439.49,19195.56,19237.45,0,0,-1
2016-01-19,19283.57,19647.75,19204.22,19635.81,0,0,-1
2016-01-20,19332.22,19332.22,18833.88,18886.3,0,0,-1
2016-01-21,19079.13,19238.27,18534.3,18542.15,0,0,-1
2016-01-22,19000.79,19152.8,18769.61,19080.51,0,0,-1
2016-01-25,19341.41,19490.27,19291.91,19340.14,0,0,-1
2016-01-26,19068.84,19098.07,18811.83,18860.8,0,0,-1
2016-01-27,19211.86,19216.99,18931.34,19052.45,0,0,-1
2016-01-28,19093.77,19223.59,18982.22,19195.83,0,0,-1
2016-01-29,19138.42,19709.99,19130.59,19683.11,0,0,-1
2016-02-01,19770.96,19770.96,19444.26,19595.5,0,0,-1
2016-02-02,19474.87,19628.57,19403.49,19446.84,0,0,-1
2016-02-03,18910.88,19032.71,18764.82,18991.59,0,0,-1
2016-02-04,19190.36,19338.37,19166.18,19183.09,0,0,-1
2016-02-05,19287.36,19397.88,19230.0,19288.17,0,0,-1
2016-02-11,18486.93,18627.51,18446.56,18545.8,0,0,-1
2016-02-12,18278.8,18482.33,18278.8,18319.58,0,0,-1
2016-02-15,18668.87,18937.06,18668.87,18918.14,0,0,-1
2016-02-16,19013.74,19260.67,18974.6,19122.08,0,0,-1
2016-02-17,19198.18,19308.54,18909.06,18924.57,0,0,-1
2016-02-18,19409.21,19436.39,19266.22,19363.08,0,0,-1
2016-02-19,19238.43,19342.03,19210.65,19285.5,0,0,-1
2016-02-22,19374.24,19524.97,19374.24,19464.09,0,0,-1
2016-02-23,19506.94,19519.85,19328.26,19414.78,0,0,-1
2016-02-24,19282.34,19360.8,19060.16,19192.45,0,0,-1
2016-02-25,19215.49,19215.49,18867.7,18888.75,0,0,-1
2016-02-26,19179.95,19436.71,19122.56,19364.15,0,0,-1
2016-02-29,19366.17,19377.72,19053.78,19111.93,0,0,-1
2016-03-01,19259.99,19420.0,19108.3,19407.46,0,0,-1
2016-03-02,19788.17,20058.12,19783.92,20003.49,0,0,-1
2016-03-03,20082.01,20082.01,19791.6,19941.76,0,0,-1
2016-03-04,20052.1,20200.38,19977.43,20176.7,0,0,-1
2016-03-07,20306.09,20331.69,20095.63,20159.72,0,0,-1
2016-03-08,20132.1,20137.73,19902.75,20011.58,0,0,-1
2016-03-09,19898.74,20005.41,19818.42,19996.26,0,0,-1
2016-03-10,20055.42,20184.23,19923.54,19984.42,0,0,-1
2016-03-11,19900.67,20238.72,19853.63,20199.6,0,0,-1
2016-03-14,20371.59,20512.03,20328.88,20435.34,0,0,-1
2016-03-15,20298.15,20366.56,20254.59,20288.77,0,0,-1
2016-03-16,20339.9,20383.2,20168.74,20257.7,0,0,-1
2016-03-17,20580.06,20619.34,20435.65,20503.81,0,0,-1
2016-03-18,20599.19,20687.97,20514.97,20671.63,0,0,-1
2016-03-21,20738.25,20772.46,20618.56,20684.15,0,0,-1
2016-03-22,20765.07,20765.07,20576.8,20666.75,0,0,-1
2016-03-23,20629.4,20693.48,20513.61,20615.23,0,0,-1
2016-03-24,20450.69,20499.4,20268.53,20345.61,0,0,-1
2016-03-29,20386.32,20386.32,20250.15,20366.3,0,0,-1
2016-03-30,20545.44,20820.73,20541.07,20803.39,0,0,-1
2016-03-31,20811.46,20872.55,20689.22,20776.7,0,0,-1
2016-04-01,20786.18,20786.18,20455.41,20498.92,0,0,-1
2016-04-05,20311.86,20311.86,20116.87,20177.0,0,0,-1
2016-04-06,20100.0,20249.84,20100.0,20206.67,0,0,-1
2016-04-07,20297.82,20370.52,20165.76,20266.05,0,0,-1
2016-04-08,20061.6,20370.44,20045.47,20370.4,0,0,-1
2016-04-11,20255.84,20550.95,20240.69,20440.81,0,0,-1
2016-04-12,20440.72,20546.43,20407.82,20504.44,0,0,-1
2016-04-13,20739.34,21171.29,20716.91,21158.71,0,0,-1
2016-04-14,21456.61,21511.08,21266.21,21337.81,0,0,-1
2016-04-15,21374.65,21423.06,21234.12,21316.47,0,0,-1
2016-04-18,21129.68,21172.0,21002.77,21161.5,0,0,-1
2016-04-19,21438.13,21459.04,21259.17,21436.21,0,0,-1
2016-04-20,21452.82,21452.82,21103.34,21236.31,0,0,-1
2016-04-21,21406.4,21634.74,21331.59,21622.25,0,0,-1
2016-04-22,21448.15,21495.79,21358.53,21467.04,0,0,-1
2016-04-25,21408.56,21430.57,21254.46,21304.44,0,0,-1
2016-04-26,21380.02,21419.92,21080.88,21407.27,0,0,-1
2016-04-27,21372.33,21442.51,21277.04,21361.6,0,0,-1
2016-04-28,21488.96,21654.07,21255.42,21388.03,0,0,-1
2016-04-29,21215.2,21235.39,21023.77,21067.05,0,0,-1
2016-05-03,21061.77,21061.77,20668.37,20676.94,0,0,-1
2016-05-04,20556.5,20580.38,20411.41,20525.83,0,0,-1
2016-05-05,20363.86,20534.76,20342.75,20449.82,0,0,-1
2016-05-06,20357.45,20377.94,20058.77,20109.87,0,0,-1
2016-05-09,20279.9,20303.19,20125.78,20156.81,0,0,-1
2016-05-10,19962.43,20294.46,19962.43,20242.68,0,0,-1
2016-05-11,20347.76,20347.76,20008.92,20055.29,0,0,-1
2016-05-12,20100.5,20100.5,19863.62,19915.46,0,0,-1
2016-05-13,19843.49,19881.91,19594.61,19719.29,0,0,-1
2016-05-16,19711.77,19998.76,19705.91,19883.95,0,0,-1
2016-05-17,19987.24,20145.77,19847.7,20118.8,0,0,-1
2016-05-18,19862.42,19923.83,19749.29,19826.41,0,0,-1
2016-05-19,19729.63,19793.46,19646.35,19694.33,0,0,-1
2016-05-20,19631.71,19954.33,19631.71,19852.2,0,0,-1
2016-05-23,19788.13,19955.03,19750.62,19809.03,0,0,-1
2016-05-24,19828.02,19870.16,19712.67,19830.43,0,0,-1
2016-05-25,20156.76,20379.66,20156.76,20368.05,0,0,-1
2016-05-26,20373.48,20404.73,20249.96,20397.11,0,0,-1
2016-05-27,20425.0,20620.15,20290.84,20576.77,0,0,-1
2016-05-30,20523.67,20765.61,20465.84,20629.39,0,0,-1
2016-05-31,20617.33,20974.71,20617.33,20815.09,0,0,-1
2016-06-01,20726.53,20898.45,20713.29,20760.98,0,0,-1
2016-06-02,20769.81,20878.21,20680.65,20859.22,0,0,-1
2016-06-03,20956.08,21049.2,20887.79,20947.24,0,0,-1
2016-06-06,20971.13,21039.87,20840.95,21030.22,0,0,-1
2016-06-07,21218.96,21351.33,21153.68,21328.24,0,0,-1
2016-06-08,21294.27,21352.37,21179.95,21297.88,0,0,-1
2016-06-10,21240.08,21270.62,21017.98,21042.64,0,0,-1
2016-06-13,20647.51,20664.59,20430.81,20512.99,0,0,-1
2016-06-14,20476.75,20537.92,20358.94,20387.53,0,0,-1
2016-06-15,20161.01,20553.58,20161.01,20467.52,0,0,-1
2016-06-16,20284.91,20297.4,19964.37,20038.42,0,0,-1
2016-06-17,20244.23,20282.04,20090.8,20169.98,0,0,-1
2016-06-20,20425.06,20551.02,20288.49,20510.2,0,0,-1
2016-06-21,20522.36,20681.79,20516.73,20668.44,0,0,-1
2016-06-22,20553.94,20841.51,20515.25,20795.12,0,0,-1
2016-06-23,20862.59,20889.05,20753.94,20868.34,0,0,-1
2016-06-24,20483.51,21034.18,19662.7,20259.13,0,0,-1
2016-06-27,19982.66,20329.16,19969.47,20227.3,0,0,-1
2016-06-28,19898.75,20196.2,19898.75,20172.46,0,0,-1
2016-06-29,20217.07,20456.58,20217.07,20436.12,0,0,-1
2016-06-30,20736.85,20828.03,20614.65,20794.37,0,0,-1
2016-07-04,20967.47,21166.02,20840.64,21059.2,0,0,-1
2016-07-05,20919.52,20945.98,20737.16,20750.72,0,0,-1
2016-07-06,20475.4,20560.06,20304.39,20495.29,0,0,-1
2016-07-07,20606.68,20731.12,20576.74,20706.92,0,0,-1
2016-07-08,20622.83,20645.59,20468.53,20564.17,0,0,-1
2016-07-11,20951.17,20972.85,20840.0,20880.5,0,0,-1
2016-07-12,21046.94,21252.64,20957.26,21224.74,0,0,-1
2016-07-13,21356.64,21441.23,21279.77,21322.37,0,0,-1
2016-07-14,21297.54,21581.42,21242.93,21561.06,0,0,-1
2016-07-15,21589.08,21739.21,21515.35,21659.25,0,0,-1
2016-07-18,21656.88,21822.0,21616.16,21803.18,0,0,-1
2016-07-19,21734.34,21767.88,21612.6,21673.2,0,0,-1
2016-07-20,21646.39,21895.23,21632.51,21882.48,0,0,-1
2016-07-21,21971.97,22118.22,21913.16,22000.49,0,0,-1
2016-07-22,21913.04,21972.87,21832.43,21964.27,0,0,-1
2016-07-25,22071.77,22071.77,21878.88,21993.44,0,0,-1
2016-07-26,21890.89,22300.51,21890.89,22129.73,0,0,-1
2016-07-27,22193.31,22277.24,21997.88,22218.99,0,0,-1
2016-07-28,22134.12,22214.72,22053.51,22174.34,0,0,-1
2016-07-29,22055.95,22152.75,21830.46,21891.37,0,0,-1
2016-08-01,22027.65,22260.95,22027.65,22129.14,0,0,-1
2016-08-03,21743.32,21822.22,21725.38,21739.12,0,0,-1
2016-08-04,21873.36,21922.42,21788.31,21832.23,0,0,-1
2016-08-05,21961.05,22193.29,21961.05,22146.09,0,0,-1
2016-08-08,22324.18,22503.28,22260.07,22494.76,0,0,-1
2016-08-09,22464.1,22496.75,22402.91,22465.61,0,0,-1
2016-08-10,22511.1,22618.04,22399.29,22492.43,0,0,-1
2016-08-11,22412.31,22689.94,22359.92,22580.55,0,0,-1
2016-08-12,22788.88,22816.75,22704.05,22766.91,0,0,-1
2016-08-15,22765.23,22975.74,22765.23,22932.51,0,0,-1
2016-08-16,23008.09,23084.52,22841.66,22910.84,0,0,-1
2016-08-17,22995.51,23029.48,22775.87,22799.78,0,0,-1
2016-08-18,23046.69,23193.9,22976.11,23023.16,0,0,-1
2016-08-19,23153.74,23153.74,22875.56,22937.22,0,0,-1
2016-08-22,22941.53,23005.16,22792.42,22997.91,0,0,-1
2016-08-23,22927.47,22998.93,22854.35,22998.93,0,0,-1
2016-08-24,23010.63,23036.07,22702.61,22820.78,0,0,-1
2016-08-25,22814.37,22898.12,22735.03,22814.95,0,0,-1
2016-08-26,22827.22,22997.4,22827.22,22909.54,0,0,-1
2016-08-29,22904.2,22922.68,22762.73,22821.34,0,0,-1
2016-08-30,22945.08,23073.52,22898.78,23016.11,0,0,-1
2016-08-31,23043.08,23063.15,22939.87,22976.88,0,0,-1
2016-09-01,22897.16,23193.03,22843.42,23162.34,0,0,-1
2016-09-02,23157.01,23306.48,23152.79,23266.7,0,0,-1
2016-09-05,23576.31,23688.41,23530.36,23649.55,0,0,-1
2016-09-06,23683.28,23787.68,23548.55,23787.68,0,0,-1
2016-09-07,23785.23,23830.75,23695.68,23741.81,0,0,-1
2016-09-08,23704.36,23928.93,23663.59,23919.34,0,0,-1
2016-09-09,23924.77,24364.0,23914.73,24099.7,0,0,-1
2016-09-12,23596.03,23625.37,23290.6,23290.6,0,0,-1
2016-09-13,23564.13,23652.41,23196.49,23215.76,0,0,-1
2016-09-14,23225.58,23371.53,23155.73,23190.64,0,0,-1
2016-09-15,23237.2,23471.48,23194.37,23335.59,0,0,-1
2016-09-19,23486.62,23625.92,23394.95,23550.45,0,0,-1
2016-09-20,23494.01,23556.06,23397.13,23530.86,0,0,-1
2016-09-21,23522.86,23729.02,23436.23,23669.9,0,0,-1
2016-09-22,23920.18,24058.65,23683.58,23759.8,0,0,-1
2016-09-23,23836.6,23846.71,23628.64,23686.48,0,0,-1
2016-09-26,23554.83,23563.5,23276.13,23317.92,0,0,-1
2016-09-27,23356.03,23646.03,23295.05,23571.9,0,0,-1
2016-09-28,23455.73,23619.65,23370.44,23619.65,0,0,-1
2016-09-29,23828.6,23828.6,23607.99,23739.47,0,0,-1
