,date
0,20080703
1,20080704
2,20080707
3,20080708
4,20080709
5,20080710
6,20080711
7,20080714
8,20080715
9,20080716
10,20080717
11,20080718
12,20080721
13,20080722
14,20080723
15,20080724
16,20080725
17,20080728
18,20080729
19,20080730
20,20080731
21,20080801
22,20080804
23,20080805
24,20080807
25,20080808
26,20080811
27,20080812
28,20080813
29,20080814
30,20080815
31,20080818
32,20080819
33,20080820
34,20080821
35,20080825
36,20080826
37,20080827
38,20080828
39,20080829
40,20080901
41,20080902
42,20080903
43,20080904
44,20080905
45,20080908
46,20080909
47,20080910
48,20080911
49,20080912
50,20080916
51,20080917
52,20080918
53,20080919
54,20080922
55,20080923
56,20080924
57,20080925
58,20080926
59,20080929
60,20080930
61,20081002
62,20081003
63,20081006
64,20081008
65,20081009
66,20081010
67,20081013
68,20081014
69,20081015
70,20081016
71,20081017
72,20081020
73,20081021
74,20081022
75,20081023
76,20081024
77,20081027
78,20081028
79,20081029
80,20081030
81,20081031
82,20081103
83,20081104
84,20081105
85,20081106
86,20081107
87,20081110
88,20081111
89,20081112
90,20081113
91,20081114
92,20081117
93,20081118
94,20081119
95,20081120
96,20081121
97,20081124
98,20081125
99,20081126
100,20081127
101,20081128
102,20081201
103,20081202
104,20081203
105,20081204
106,20081205
107,20081208
108,20081209
109,20081210
110,20081211
111,20081212
112,20081215
113,20081216
114,20081217
115,20081218
116,20081219
117,20081222
118,20081223
119,20081224
120,20081229
121,20081230
122,20081231
123,20090102
124,20090105
125,20090106
126,20090107
127,20090108
128,20090109
129,20090112
130,20090113
131,20090114
132,20090115
133,20090116
134,20090119
135,20090120
136,20090121
137,20090122
138,20090123
139,20090129
140,20090130
141,20090202
142,20090203
143,20090204
144,20090205
145,20090206
146,20090209
147,20090210
148,20090211
149,20090212
150,20090213
151,20090216
152,20090217
153,20090218
154,20090219
155,20090220
156,20090223
157,20090224
158,20090225
159,20090226
160,20090227
161,20090302
162,20090303
163,20090304
164,20090305
165,20090306
166,20090309
167,20090310
168,20090311
169,20090312
170,20090313
171,20090316
172,20090317
173,20090318
174,20090319
175,20090320
176,20090323
177,20090324
178,20090325
179,20090326
180,20090327
181,20090330
182,20090331
183,20090401
184,20090402
185,20090403
186,20090406
187,20090407
188,20090408
189,20090409
190,20090414
191,20090415
192,20090416
193,20090417
194,20090420
195,20090421
196,20090422
197,20090423
198,20090424
199,20090427
200,20090428
201,20090429
202,20090430
203,20090504
204,20090505
205,20090506
206,20090507
207,20090508
208,20090511
209,20090512
210,20090513
211,20090514
212,20090515
213,20090518
214,20090519
215,20090520
216,20090521
217,20090522
218,20090525
219,20090526
220,20090527
221,20090529
222,20090601
223,20090602
224,20090603
225,20090604
226,20090605
227,20090608
228,20090609
229,20090610
230,20090611
231,20090612
232,20090615
233,20090616
234,20090617
235,20090618
236,20090619
237,20090622
238,20090623
239,20090624
240,20090625
241,20090626
242,20090629
243,20090630
244,20090702
245,20090703
246,20090706
247,20090707
248,20090708
249,20090709
250,20090710
251,20090713
252,20090714
253,20090715
254,20090716
255,20090717
256,20090720
257,20090721
258,20090722
259,20090723
260,20090724
261,20090727
262,20090728
263,20090729
264,20090730
265,20090731
266,20090803
267,20090804
268,20090805
269,20090806
270,20090807
271,20090810
272,20090811
273,20090812
274,20090813
275,20090814
276,20090817
277,20090818
278,20090819
279,20090820
280,20090821
281,20090824
282,20090825
283,20090826
284,20090827
285,20090828
286,20090831
287,20090901
288,20090902
289,20090903
290,20090904
291,20090907
292,20090908
293,20090909
294,20090910
295,20090911
296,20090914
297,20090915
298,20090916
299,20090917
300,20090918
301,20090921
302,20090922
303,20090923
304,20090924
305,20090925
306,20090928
307,20090929
308,20090930
309,20091002
310,20091005
311,20091006
312,20091007
313,20091008
314,20091009
315,20091012
316,20091013
317,20091014
318,20091015
319,20091016
320,20091019
321,20091020
322,20091021
323,20091022
324,20091023
325,20091027
326,20091028
327,20091029
328,20091030
329,20091102
330,20091103
331,20091104
332,20091105
333,20091106
334,20091109
335,20091110
336,20091111
337,20091112
338,20091113
339,20091116
340,20091117
341,20091118
342,20091119
343,20091120
344,20091123
345,20091124
346,20091125
347,20091126
348,20091127
349,20091130
350,20091201
351,20091202
352,20091203
353,20091204
354,20091207
355,20091208
356,20091209
357,20091210
358,20091211
359,20091214
360,20091215
361,20091216
362,20091217
363,20091218
364,20091221
365,20091222
366,20091223
367,20091224
368,20091228
369,20091229
370,20091230
371,20091231
372,20100104
373,20100105
374,20100106
375,20100107
376,20100108
377,20100111
378,20100112
379,20100113
380,20100114
381,20100115
382,20100118
383,20100119
384,20100120
385,20100121
386,20100122
387,20100125
388,20100126
389,20100127
390,20100128
391,20100129
392,20100201
393,20100202
394,20100203
395,20100204
396,20100205
397,20100208
398,20100209
399,20100210
400,20100211
401,20100212
402,20100217
403,20100218
404,20100219
405,20100222
406,20100223
407,20100224
408,20100225
409,20100226
410,20100301
411,20100302
412,20100303
413,20100304
414,20100305
415,20100308
416,20100309
417,20100310
418,20100311
419,20100312
420,20100315
421,20100316
422,20100317
423,20100318
424,20100319
425,20100322
426,20100323
427,20100324
428,20100325
429,20100326
430,20100329
431,20100330
432,20100331
433,20100401
434,20100407
435,20100408
436,20100409
437,20100412
438,20100413
439,20100414
440,20100415
441,20100416
442,20100419
443,20100420
444,20100421
445,20100422
446,20100423
447,20100426
448,20100427
449,20100428
450,20100429
451,20100430
452,20100503
453,20100504
454,20100505
455,20100506
456,20100507
457,20100510
458,20100511
459,20100512
460,20100513
461,20100514
462,20100517
463,20100518
464,20100519
465,20100520
466,20100524
467,20100525
468,20100526
469,20100527
470,20100528
471,20100531
472,20100601
473,20100602
474,20100603
475,20100604
476,20100607
477,20100608
478,20100609
479,20100610
480,20100611
481,20100614
482,20100615
483,20100617
484,20100618
485,20100621
486,20100622
487,20100623
488,20100624
489,20100625
490,20100628
491,20100629
492,20100630
493,20100702
494,20100705
495,20100706
496,20100707
497,20100708
498,20100709
499,20100712
500,20100713
501,20100714
502,20100715
503,20100716
504,20100719
505,20100720
506,20100721
507,20100722
508,20100723
509,20100726
510,20100727
511,20100728
512,20100729
513,20100730
514,20100802
515,20100803
516,20100804
517,20100805
518,20100806
519,20100809
520,20100810
521,20100811
522,20100812
523,20100813
524,20100816
525,20100817
526,20100818
527,20100819
528,20100820
529,20100823
530,20100824
531,20100825
532,20100826
533,20100827
534,20100830
535,20100831
536,20100901
537,20100902
538,20100903
539,20100906
540,20100907
541,20100908
542,20100909
543,20100910
544,20100913
545,20100914
546,20100915
547,20100916
548,20100917
549,20100920
550,20100921
551,20100922
552,20100924
553,20100927
554,20100928
555,20100929
556,20100930
557,20101004
558,20101005
559,20101006
560,20101007
561,20101008
562,20101011
563,20101012
564,20101013
565,20101014
566,20101015
567,20101018
568,20101019
569,20101020
570,20101021
571,20101022
572,20101025
573,20101026
574,20101027
575,20101028
576,20101029
577,20101101
578,20101102
579,20101103
580,20101104
581,20101105
582,20101108
583,20101109
584,20101110
585,20101111
586,20101112
587,20101115
588,20101116
589,20101117
590,20101118
591,20101119
592,20101122
593,20101123
594,20101124
595,20101125
596,20101126
597,20101129
598,20101130
599,20101201
600,20101202
601,20101203
602,20101206
603,20101207
604,20101208
605,20101209
606,20101210
607,20101213
608,20101214
609,20101215
610,20101216
611,20101217
612,20101220
613,20101221
614,20101222
615,20101223
616,20101224
617,20101228
618,20101229
619,20101230
620,20101231
621,20110103
622,20110104
623,20110105
624,20110106
625,20110107
626,20110110
627,20110111
628,20110112
629,20110113
630,20110114
631,20110117
632,20110118
633,20110119
634,20110120
635,20110121
636,20110124
637,20110125
638,20110126
639,20110127
640,20110128
641,20110131
642,20110201
643,20110202
644,20110207
645,20110208
646,20110209
647,20110210
648,20110211
649,20110214
650,20110215
651,20110216
652,20110217
653,20110218
654,20110221
655,20110222
656,20110223
657,20110224
658,20110225
659,20110228
660,20110301
661,20110302
662,20110303
663,20110304
664,20110307
665,20110308
666,20110309
667,20110310
668,20110311
669,20110314
670,20110315
671,20110316
672,20110317
673,20110318
674,20110321
675,20110322
676,20110323
677,20110324
678,20110325
679,20110328
680,20110329
681,20110330
682,20110331
683,20110401
684,20110404
685,20110406
686,20110407
687,20110408
688,20110411
689,20110412
690,20110413
691,20110414
692,20110415
693,20110418
694,20110419
695,20110420
696,20110421
697,20110426
698,20110427
699,20110428
700,20110429
701,20110503
702,20110504
703,20110505
704,20110506
705,20110509
706,20110511
707,20110512
708,20110513
709,20110516
710,20110517
711,20110518
712,20110519
713,20110520
714,20110523
715,20110524
716,20110525
717,20110526
718,20110527
719,20110530
720,20110531
721,20110601
722,20110602
723,20110603
724,20110607
725,20110608
726,20110609
727,20110610
728,20110613
729,20110614
730,20110615
731,20110616
732,20110617
733,20110620
734,20110621
735,20110622
736,20110623
737,20110624
738,20110627
739,20110628
740,20110629
741,20110630
742,20110704
743,20110705
744,20110706
745,20110707
746,20110708
747,20110711
748,20110712
749,20110713
750,20110714
751,20110715
752,20110718
753,20110719
754,20110720
755,20110721
756,20110722
757,20110725
758,20110726
759,20110727
760,20110728
761,20110729
762,20110801
763,20110802
764,20110803
765,20110804
766,20110805
767,20110808
768,20110809
769,20110810
770,20110811
771,20110812
772,20110815
773,20110816
774,20110817
775,20110818
776,20110819
777,20110822
778,20110823
779,20110824
780,20110825
781,20110826
782,20110829
783,20110830
784,20110831
785,20110901
786,20110902
787,20110905
788,20110906
789,20110907
790,20110908
791,20110909
792,20110912
793,20110914
794,20110915
795,20110916
796,20110919
797,20110920
798,20110921
799,20110922
800,20110923
801,20110926
802,20110927
803,20110928
804,20110930
805,20111003
806,20111004
807,20111006
808,20111007
809,20111010
810,20111011
811,20111012
812,20111013
813,20111014
814,20111017
815,20111018
816,20111019
817,20111020
818,20111021
819,20111024
820,20111025
821,20111026
822,20111027
823,20111028
824,20111031
825,20111101
826,20111102
827,20111103
828,20111104
829,20111107
830,20111108
831,20111109
832,20111110
833,20111111
834,20111114
835,20111115
836,20111116
837,20111117
838,20111118
839,20111121
840,20111122
841,20111123
842,20111124
843,20111125
844,20111128
845,20111129
846,20111130
847,20111201
848,20111202
849,20111205
850,20111206
851,20111207
852,20111208
853,20111209
854,20111212
855,20111213
856,20111214
857,20111215
858,20111216
859,20111219
860,20111220
861,20111221
862,20111222
863,20111223
864,20111228
865,20111229
866,20111230
867,20120103
868,20120104
869,20120105
870,20120106
871,20120109
872,20120110
873,20120111
874,20120112
875,20120113
876,20120116
877,20120117
878,20120118
879,20120119
880,20120120
881,20120126
882,20120127
883,20120130
884,20120131
885,20120201
886,20120202
887,20120203
888,20120206
889,20120207
890,20120208
891,20120209
892,20120210
893,20120213
894,20120214
895,20120215
896,20120216
897,20120217
898,20120220
899,20120221
900,20120222
901,20120223
902,20120224
903,20120227
904,20120228
905,20120229
906,20120301
907,20120302
908,20120305
909,20120306
910,20120307
911,20120308
912,20120309
913,20120312
914,20120313
915,20120314
916,20120315
917,20120316
918,20120319
919,20120320
920,20120321
921,20120322
922,20120323
923,20120326
924,20120327
925,20120328
926,20120329
927,20120330
928,20120402
929,20120403
930,20120405
931,20120410
932,20120411
933,20120412
934,20120413
935,20120416
936,20120417
937,20120418
938,20120419
939,20120420
940,20120423
941,20120424
942,20120425
943,20120426
944,20120427
945,20120430
946,20120502
947,20120503
948,20120504
949,20120507
950,20120508
951,20120509
952,20120510
953,20120511
954,20120514
955,20120515
956,20120516
957,20120517
958,20120518
959,20120521
960,20120522
961,20120523
962,20120524
963,20120525
964,20120528
965,20120529
966,20120530
967,20120531
968,20120601
969,20120604
970,20120605
971,20120606
972,20120607
973,20120608
974,20120611
975,20120612
976,20120613
977,20120614
978,20120615
979,20120618
980,20120619
981,20120620
982,20120621
983,20120622
984,20120625
985,20120626
986,20120627
987,20120628
988,20120629
989,20120703
990,20120704
991,20120705
992,20120706
993,20120709
994,20120710
995,20120711
996,20120712
997,20120713
998,20120716
999,20120717
1000,20120718
1001,20120719
1002,20120720
1003,20120723
1004,20120724
1005,20120725
1006,20120726
1007,20120727
1008,20120730
1009,20120731
1010,20120801
1011,20120802
1012,20120803
1013,20120806
1014,20120807
1015,20120808
1016,20120809
1017,20120810
1018,20120813
1019,20120814
1020,20120815
1021,20120816
1022,20120817
1023,20120820
1024,20120821
1025,20120822
1026,20120823
1027,20120824
1028,20120827
1029,20120828
1030,20120829
1031,20120830
1032,20120831
1033,20120903
1034,20120904
1035,20120905
1036,20120906
1037,20120907
1038,20120910
1039,20120911
1040,20120912
1041,20120913
1042,20120914
1043,20120917
1044,20120918
1045,20120919
1046,20120920
1047,20120921
1048,20120924
1049,20120925
1050,20120926
1051,20120927
1052,20120928
1053,20121003
1054,20121004
1055,20121005
1056,20121008
1057,20121009
1058,20121010
1059,20121011
1060,20121012
1061,20121015
1062,20121016
1063,20121017
1064,20121018
1065,20121019
1066,20121022
1067,20121024
1068,20121025
1069,20121026
1070,20121029
1071,20121030
1072,20121031
1073,20121101
1074,20121102
1075,20121105
1076,20121106
1077,20121107
1078,20121108
1079,20121109
1080,20121112
1081,20121113
1082,20121114
1083,20121115
1084,20121116
1085,20121119
1086,20121120
1087,20121121
1088,20121122
1089,20121123
1090,20121126
1091,20121127
1092,20121128
1093,20121129
1094,20121130
1095,20121203
1096,20121204
1097,20121205
1098,20121206
1099,20121207
1100,20121210
1101,20121211
1102,20121212
1103,20121213
1104,20121214
1105,20121217
1106,20121218
1107,20121219
1108,20121220
1109,20121221
1110,20121224
1111,20121227
1112,20121228
1113,20121231
1114,20130102
1115,20130103
1116,20130104
1117,20130107
1118,20130108
1119,20130109
1120,20130110
1121,20130111
1122,20130114
1123,20130115
1124,20130116
1125,20130117
1126,20130118
1127,20130121
1128,20130122
1129,20130123
1130,20130124
1131,20130125
1132,20130128
1133,20130129
1134,20130130
1135,20130131
1136,20130201
1137,20130204
1138,20130205
1139,20130206
1140,20130207
1141,20130208
1142,20130214
1143,20130215
1144,20130218
1145,20130219
1146,20130220
1147,20130221
1148,20130222
1149,20130225
1150,20130226
1151,20130227
1152,20130228
1153,20130301
1154,20130304
1155,20130305
1156,20130306
1157,20130307
1158,20130308
1159,20130311
1160,20130312
1161,20130313
1162,20130314
1163,20130315
1164,20130318
1165,20130319
1166,20130320
1167,20130321
1168,20130322
1169,20130325
1170,20130326
1171,20130327
1172,20130328
1173,20130402
1174,20130403
1175,20130405
1176,20130408
1177,20130409
1178,20130410
1179,20130411
1180,20130412
1181,20130415
1182,20130416
1183,20130417
1184,20130418
1185,20130419
1186,20130422
1187,20130423
1188,20130424
1189,20130425
1190,20130426
1191,20130429
1192,20130430
1193,20130502
1194,20130503
1195,20130506
1196,20130507
1197,20130508
1198,20130509
1199,20130510
1200,20130513
1201,20130514
1202,20130515
1203,20130516
1204,20130520
1205,20130521
1206,20130522
1207,20130523
1208,20130524
1209,20130527
1210,20130528
1211,20130529
1212,20130530
1213,20130531
1214,20130603
1215,20130604
1216,20130605
1217,20130606
1218,20130607
1219,20130610
1220,20130611
1221,20130613
1222,20130614
1223,20130617
1224,20130618
1225,20130619
1226,20130620
1227,20130621
1228,20130624
1229,20130625
1230,20130626
1231,20130627
1232,20130628
1233,20130702
1234,20130703
1235,20130704
1236,20130705
1237,20130708
1238,20130709
1239,20130710
1240,20130711
1241,20130712
1242,20130715
1243,20130716
1244,20130717
1245,20130718
1246,20130719
1247,20130722
1248,20130723
1249,20130724
1250,20130725
1251,20130726
1252,20130729
1253,20130730
1254,20130731
1255,20130801
1256,20130802
1257,20130805
1258,20130806
1259,20130807
1260,20130808
1261,20130809
1262,20130812
1263,20130813
1264,20130815
1265,20130816
1266,20130819
1267,20130820
1268,20130821
1269,20130822
1270,20130823
1271,20130826
1272,20130827
1273,20130828
1274,20130829
1275,20130830
1276,20130902
1277,20130903
1278,20130904
1279,20130905
1280,20130906
1281,20130909
1282,20130910
1283,20130911
1284,20130912
1285,20130913
1286,20130916
1287,20130917
1288,20130918
1289,20130919
1290,20130923
1291,20130924
1292,20130925
1293,20130926
1294,20130927
1295,20130930
1296,20131002
1297,20131003
1298,20131004
1299,20131007
1300,20131008
1301,20131009
1302,20131010
1303,20131011
1304,20131015
1305,20131016
1306,20131017
1307,20131018
1308,20131021
1309,20131022
1310,20131023
1311,20131024
1312,20131025
1313,20131028
1314,20131029
1315,20131030
1316,20131031
1317,20131101
1318,20131104
1319,20131105
1320,20131106
1321,20131107
1322,20131108
1323,20131111
1324,20131112
1325,20131113
1326,20131114
1327,20131115
1328,20131118
1329,20131119
1330,20131120
1331,20131121
1332,20131122
1333,20131125
1334,20131126
1335,20131127
1336,20131128
1337,20131129
1338,20131202
1339,20131203
1340,20131204
1341,20131205
1342,20131206
1343,20131209
1344,20131210
1345,20131211
1346,20131212
1347,20131213
1348,20131216
1349,20131217
1350,20131218
1351,20131219
1352,20131220
1353,20131223
1354,20131224
1355,20131227
1356,20131230
1357,20131231
1358,20140102
1359,20140103
1360,20140106
1361,20140107
1362,20140108
1363,20140109
1364,20140110
1365,20140113
1366,20140114
1367,20140115
1368,20140116
1369,20140117
1370,20140120
1371,20140121
1372,20140122
1373,20140123
1374,20140124
1375,20140127
1376,20140128
1377,20140129
1378,20140130
1379,20140204
1380,20140205
1381,20140206
1382,20140207
1383,20140210
1384,20140211
1385,20140212
1386,20140213
1387,20140214
1388,20140217
1389,20140218
1390,20140219
1391,20140220
1392,20140221
1393,20140224
1394,20140225
1395,20140226
1396,20140227
1397,20140228
1398,20140303
1399,20140304
1400,20140305
1401,20140306
1402,20140307
1403,20140310
1404,20140311
1405,20140312
1406,20140313
1407,20140314
1408,20140317
1409,20140318
1410,20140319
1411,20140320
1412,20140321
1413,20140324
1414,20140325
1415,20140326
1416,20140327
1417,20140328
1418,20140331
1419,20140401
1420,20140402
1421,20140403
1422,20140404
1423,20140407
1424,20140408
1425,20140409
1426,20140410
1427,20140411
1428,20140414
1429,20140415
1430,20140416
1431,20140417
1432,20140422
1433,20140423
1434,20140424
1435,20140425
1436,20140428
1437,20140429
1438,20140430
1439,20140502
1440,20140505
1441,20140507
1442,20140508
1443,20140509
1444,20140512
1445,20140513
1446,20140514
1447,20140515
1448,20140516
1449,20140519
1450,20140520
1451,20140521
1452,20140522
1453,20140523
1454,20140526
1455,20140527
1456,20140528
1457,20140529
1458,20140530
1459,20140603
1460,20140604
1461,20140605
1462,20140606
1463,20140609
1464,20140610
1465,20140611
1466,20140612
1467,20140613
1468,20140616
1469,20140617
1470,20140618
1471,20140619
1472,20140620
1473,20140623
1474,20140624
1475,20140625
1476,20140626
1477,20140627
1478,20140630
1479,20140702
1480,20140703
1481,20140704
1482,20140707
1483,20140708
1484,20140709
1485,20140710
1486,20140711
1487,20140714
1488,20140715
1489,20140716
1490,20140717
1491,20140718
1492,20140721
1493,20140722
1494,20140723
1495,20140724
1496,20140725
1497,20140728
1498,20140729
1499,20140730
1500,20140731
1501,20140801
1502,20140804
1503,20140805
1504,20140806
1505,20140807
1506,20140808
1507,20140811
1508,20140812
1509,20140813
1510,20140814
1511,20140815
1512,20140818
1513,20140819
1514,20140820
1515,20140821
1516,20140822
1517,20140825
1518,20140826
1519,20140827
1520,20140828
1521,20140829
1522,20140901
1523,20140902
1524,20140903
1525,20140904
